"015a1346-4ad9-43d7-87aa-9cdd76d28522","1412a3ab-ef94-4368-ac5f-196064d7b275","09/03/20 09:26:35"
"bb83eddf-17c4-42f5-b55d-4c13c44c4f3e","318c4b38-a307-4df3-869e-56c5872a209d","09/12/21 16:40:39"
"6de8d367-55b5-498a-a8cd-5ecbe90ad913","96aa4c93-172c-44b1-852b-502ef8f47522","08/11/21 11:02:41"
"e1e15eb3-5884-4c0b-a991-65c1ce9933e2","5ddab609-5e7d-4024-854a-ae538a8040d3","02/20/21 03:26:21"
"e102c149-44ce-4fe9-ba50-0405bdf22030","023fcee0-3c0d-476b-be3f-9058698ad361","06/07/21 03:13:26"
"fca60362-2d83-4952-ba6a-5764bddf083c","8dba6ae9-a41b-4750-854c-cf43b144df6a","11/25/20 06:11:03"
"9dddce20-86af-4af1-b785-49056e7ae414","20701b30-359b-4f0f-8fa1-dd8bed3dc5c3","06/24/21 03:05:55"
"43690842-ea4a-4152-a6b1-d415c2d71645","bc6a1fdb-1cf9-4052-89e7-82af4bd029f5","10/23/20 12:27:32"
"c0826d63-8408-4ef9-b0d1-bccf71d8dcc4","6f383547-15f2-49ab-a25e-b29ae082e098","07/30/21 10:45:05"
"d851495e-b205-46b7-95a6-a4486ad18de9","09085029-1ed6-4e51-ad1e-1cf2fffea350","05/07/21 05:49:10"
"493b1806-04d0-4c88-b196-f28353178669","fa2311cb-19d7-4a76-a421-48f1eaf71e46","09/16/20 22:28:04"
"b2d6b801-ea02-4967-8f96-1e51aec594ef","17138329-cfbe-4ed2-a729-b7e6f0a2c6f5","04/10/20 14:07:30"
"947eb4e2-e799-4b05-bbeb-aed7eafeaee1","c24d529b-d877-4d8d-8433-df8f6b88136d","06/26/20 01:08:36"
"4fbc4bc2-9d75-4ccd-b533-d51eb2171ddc","4619bc5d-40c2-4676-9e60-c775915ffad7","04/26/21 05:09:40"
"15f0718a-ff23-48c2-8968-d367cff399af","89eab870-68fc-4c64-8029-b763afd44feb","05/05/21 02:59:50"
"4ba1cd17-aebe-40a5-83b8-6d34d15efbeb","e9d05818-81b5-42f6-848c-93ebe9973d4f","08/29/21 20:47:10"
"5e236720-f4e7-48b6-bea6-40021bfd8110","6366b8ce-358d-4f13-9348-2f4f010e7261","12/14/20 17:14:14"
"9e380c65-9db3-4194-90ba-7dbb0fafd35c","f6373fcf-d832-48cc-90ff-3fa73aee7b1d","07/01/20 05:57:20"
"720ab2fc-afbd-4a13-9b6d-c710cacd0623","986259bd-4d56-44e3-bb22-6282faced6e8","12/27/20 19:15:00"
"75d6aa40-e875-4998-90b6-4b20c91adfde","ce403f1e-ffe7-4e97-a7f6-c915435443da","08/29/20 04:18:42"
"85f5c8b5-edf6-42c8-81ba-fbde523d7fd8","f6373fcf-d832-48cc-90ff-3fa73aee7b1d","04/30/21 20:41:29"
"4ac0e91c-088d-4484-b03d-040e99247f74","6366b8ce-358d-4f13-9348-2f4f010e7261","05/04/21 14:19:26"
"83af88e0-d769-4d42-88bb-829c5af153d6","9f36163e-0608-43f0-af76-06e1a9320cba","01/11/20 18:52:39"
"f0b1db4b-5b9a-45a0-8126-2ebe7c4a178d","f2b5060e-cded-4fe4-b803-b462cbb16346","02/24/20 04:27:23"
"3ba0c14d-9cab-45eb-8c8c-e969d68e3616","bbeb3dce-2db0-4ee3-b34c-f226849d0d5d","02/10/20 22:38:43"
"86cda04b-96cc-4905-b271-623020ec37fa","85a81e67-8f7d-4f8c-a90f-fe17ee73543a","10/27/20 13:39:44"
"5dc320bb-06cc-4558-8117-0923c211fdb3","a76b6565-dd23-4e88-af93-e4f8e6fa94df","03/06/20 00:58:47"
"7577df83-91e0-46fa-8d3f-7d7e6c865bec","66ae3496-a8d3-4b54-8ff5-a589f8b7d892","11/07/20 00:51:36"
"228c3e1b-1364-4dea-9c86-355d35a29dca","cf2af0f7-cb19-4545-9657-d02cfefdb8e7","06/27/21 02:49:27"
"509d302f-6f14-4321-a0a7-0cfd20b0fcc9","d7f8eaa8-5d01-4253-a6e5-616f9715714b","03/06/21 17:11:14"
"7fc12ab9-72ea-419d-b089-72d51eae77ba","ed182089-8125-4bd4-8b7a-ce4d1af0dad0","09/30/20 18:30:42"
"b61ef2f6-7908-430b-93f0-0a609a7a8e33","51494a14-f762-4d6d-aa4d-863b017b9289","07/11/20 09:43:40"
"a707a35f-e26d-4b8d-80ca-6ece79a9ce87","db298f19-abb0-4cda-a533-e158e3a3a95c","06/16/20 16:48:28"
"c814ec6b-b0b0-4d91-8744-412efe55f2d1","29226fc1-632b-42a3-ae4e-b7731294201a","04/15/20 04:12:13"
"a3cfbdec-8470-41fb-bfc0-50cc1073af02","f6373fcf-d832-48cc-90ff-3fa73aee7b1d","04/18/21 04:33:34"
"0843ff4e-d71c-406e-b536-ab3f07b76d74","f2b5060e-cded-4fe4-b803-b462cbb16346","12/02/20 04:42:30"
"00c0eacc-12af-4393-af69-ff051470bfe5","57e0df91-6d96-4050-9a95-50346aafcba4","08/01/20 03:20:49"
"5ef39d13-c308-4080-816c-a4faa32869b1","97378a10-bdc4-4118-a2ec-5909044a6d39","09/09/20 17:19:48"
"8f15233a-050f-4477-869e-0ea42dc601ca","ab51308a-c490-47b3-826c-e955f955b06a","05/16/20 08:37:26"
"15f8ca99-42c3-4951-8104-cba04db09dc5","3c0a333b-e9da-487e-bfe8-246b6828d9fd","05/22/20 01:36:56"
"34df69b9-1bc9-485d-8d2b-f13d6b528967","4f263774-850b-4185-bf93-de6c03741182","01/20/20 17:24:58"
"425bbbf6-a5c0-41a6-82d5-01440a1d2989","66ae3496-a8d3-4b54-8ff5-a589f8b7d892","11/04/20 10:36:06"
"f3ea93a4-1288-4b5b-a4e8-3f7f19ac94aa","51494a14-f762-4d6d-aa4d-863b017b9289","10/11/20 17:06:30"
"ff4a8ba8-49a6-4add-949c-86b198ca2049","47ea2617-166d-4695-ab1c-c9c53b495a90","08/23/20 16:02:32"
"dbac593e-cfcb-4665-b8be-616eaf1e262d","397a7c06-40d4-4a04-ab76-6d524af53305","01/02/20 07:13:18"
"a57c50d3-6526-4d09-807e-a56936bfc288","318c4b38-a307-4df3-869e-56c5872a209d","06/03/20 09:51:57"
"a353be8f-b7f6-4fe9-9f39-8f757223fc95","397a7c06-40d4-4a04-ab76-6d524af53305","05/29/20 00:53:11"
"d4dd22fd-2fe1-4ec3-9f3f-7b9af1258f37","97378a10-bdc4-4118-a2ec-5909044a6d39","01/30/20 14:53:08"
"b6772988-a1ef-40d6-8c11-aa7c987c679c","acd27609-5042-4f5f-b07e-c89ee12cc72e","09/17/20 03:46:38"
"231447a0-b89d-4726-acfa-610949b88bc3","ac3d0ecb-21b8-4a7d-8290-1ae2f114e297","02/11/21 05:39:01"
"44875fb6-2628-442c-861d-12501c4b952c","1ac14f91-4205-4985-9494-feca4582550e","08/18/21 13:39:04"
"54395a64-bf7d-435f-be0a-96b0d7145625","b09ed248-3258-46e5-ae24-1c5a85deb9dd","06/24/21 18:55:03"
"3487ca0b-54a3-43d6-936b-d11da911eb3d","351bf7c6-4163-444e-b434-51813e5c9d3b","01/08/20 18:22:22"
"046fe244-eaf9-4108-9186-1ca482164782","3d4166d6-900d-49d6-a236-25f416283ba5","04/09/21 04:48:06"
"8c05ab5c-1818-4f0b-84d8-26c6b0e97a19","8e36720f-3a01-46e5-9541-2b70c0990e4b","04/02/20 21:53:29"
"3450d632-e62c-4c1c-be26-e6fb80c76112","f2b5060e-cded-4fe4-b803-b462cbb16346","09/10/20 14:00:13"
"eb38021d-07b2-49e3-b8f1-632bdade2774","17138329-cfbe-4ed2-a729-b7e6f0a2c6f5","10/17/20 22:45:40"
"e25c7818-3838-4db2-a65b-58f088ba2498","0040967c-bb70-4561-bcf0-96f8d66e33aa","05/18/21 06:03:19"
"9c71b0e8-26e9-42f3-b867-42fd9af7da0e","223c4f96-e2f8-4723-a358-a9c09a0568fa","08/15/21 04:18:29"
"58c5548b-7d5d-4b0f-9feb-272d54b6dd8a","8dba6ae9-a41b-4750-854c-cf43b144df6a","10/04/21 07:58:32"
"e6b02be4-d2c8-4557-9e60-3de3480aa05a","afc0bf8e-746e-4c8f-bfb8-e977154de047","09/23/20 10:18:22"
"facb4fe1-9552-40d5-8b93-b4d7511bc1e2","87467e69-0a20-4eee-8c35-11fcc93a5a8f","02/13/21 08:24:16"
"329ba2d7-4932-43bb-a918-b0905e232170","85a81e67-8f7d-4f8c-a90f-fe17ee73543a","05/20/21 07:13:23"
"7df16746-df68-485b-8327-bed445553566","96aa4c93-172c-44b1-852b-502ef8f47522","06/27/21 19:09:11"
"16fb6414-5850-42fa-b2b1-e3332fd0ed01","866c27c6-4738-43bd-b730-f692459c76e5","07/05/21 01:11:42"
"21a1149a-613a-426b-b176-adb4ae8bc828","c44bd79f-d8e0-402b-b338-21f33794c333","09/19/20 18:29:56"
"b9962bd0-8d66-4a97-9cd6-574d59b5a18c","0188af1f-c93c-475b-afca-5c5e2fb90de6","07/14/20 22:51:48"
"d1c03863-b6e0-4205-87c7-2772f935116a","318c4b38-a307-4df3-869e-56c5872a209d","11/17/20 22:59:27"
"5aa153c3-98b0-4a98-b637-df03f44f5599","e1b8c34d-ea80-4560-b90c-65d0f1f9db24","04/02/20 12:01:48"
"07102251-a743-4749-a346-12053755e513","cf2af0f7-cb19-4545-9657-d02cfefdb8e7","02/07/21 08:39:12"
"38382832-7f43-49ba-81bd-c580d4e8bcda","57e0df91-6d96-4050-9a95-50346aafcba4","01/30/21 05:11:01"
"9c2cdbbd-9116-437e-bf9a-80f9f32d4da3","ab51308a-c490-47b3-826c-e955f955b06a","11/01/20 04:14:49"
"fe73f8c4-67ca-492b-8b71-17839b91cec7","5f9d6cd9-f8d6-469d-8fd9-24527d23c0fa","03/15/20 20:08:08"
"09d7837b-e8f3-48ee-bee4-11b545136495","97378a10-bdc4-4118-a2ec-5909044a6d39","09/16/21 09:07:28"
"fdabf69b-228e-4cf6-a14a-6f1eae4c7b21","dd41f40b-83ab-499e-8bc6-6bafbabea6d2","06/08/20 02:41:27"
"cc41d544-04a3-4ae3-aaf1-23f078c57ade","118f8775-4862-4cf9-a06f-e6a663aa37d6","03/14/20 16:35:08"
"0f3662e8-7f68-4c94-995f-c60c826bf723","dafd1d07-eae9-43e7-8868-7490c131f5ff","05/05/21 23:39:21"
"5ab49876-60f7-46c8-b881-f71576895041","31834ed4-7c99-4cc7-b8cd-046d8143a79b","07/30/20 06:10:16"
"c380cb6a-2f62-40bb-932f-48138800ddad","ee06b519-6f69-4211-8472-29883c3b5124","07/04/21 22:48:17"
"7b13296d-a143-45be-860c-f4a5b02ab3a1","4619bc5d-40c2-4676-9e60-c775915ffad7","03/13/21 12:12:12"
"88db1037-addd-4cee-a2da-3a3164172fac","c24d529b-d877-4d8d-8433-df8f6b88136d","05/31/20 06:31:57"
"7bf80e72-3df2-4d2a-a918-707bbe1a4b3d","023fcee0-3c0d-476b-be3f-9058698ad361","06/14/21 08:04:28"
"0c1b0128-04c9-483e-9ce8-2a420feb7039","66fdf7d5-ba9f-4179-beb9-87cade56f5e5","09/10/20 01:02:59"
"0e828d47-80de-4b7c-9caf-5b5ae8e99a99","c44bd79f-d8e0-402b-b338-21f33794c333","01/17/21 09:36:16"
"aae4c5cf-0fd9-45fd-a9d1-d94b3c60e988","223c4f96-e2f8-4723-a358-a9c09a0568fa","03/09/21 23:14:12"
"c18eed25-90f8-4570-880c-21fe6febddfd","eabcd488-2505-4a10-bb4c-4b0a38aa1378","05/13/21 01:03:58"
"6e1e6b6e-4d99-4d5b-8c95-596c09131dbe","4f263774-850b-4185-bf93-de6c03741182","06/14/21 20:48:18"
"129adfeb-4e57-47be-98dc-484f4799dfa0","d7f8eaa8-5d01-4253-a6e5-616f9715714b","08/13/20 18:51:28"
"b7314532-7ffa-4097-8cab-7dbd9c7d2f0e","2618ed26-9278-43ec-b4e5-4a33f90457c5","06/18/21 17:41:47"
"3ece59ae-e486-4b76-97ee-7afc5fea1859","c2b67fae-71f6-4ddf-9677-286b18f161a5","12/19/20 19:35:47"
"75a4ba67-4652-48d2-8609-54ec866d94de","942df1fc-6e00-473d-93eb-b8fbac8aa6b3","12/19/20 04:03:42"
"0200cbe8-cd6a-4197-a534-9542ff51cf9f","6b2b302d-e108-4d33-a519-918f1fa8bbf5","01/21/21 19:33:44"
"39790fac-1ae2-41ec-aaa0-c81faa00140c","66ae3496-a8d3-4b54-8ff5-a589f8b7d892","06/22/20 10:06:09"
"36973b31-0068-4b3e-a656-714176a4eaf5","986259bd-4d56-44e3-bb22-6282faced6e8","04/05/21 12:14:06"
"2593d848-1ac7-4cea-afc5-cbdb2bc5787f","a772997d-ca3d-4691-9b81-9139cf5aaee0","08/27/21 03:08:39"
"ddece86b-e484-4476-b1dd-04325939a614","3c0a333b-e9da-487e-bfe8-246b6828d9fd","10/21/20 03:46:07"
"4e14374d-1626-4f5c-b125-5cded6447626","97378a10-bdc4-4118-a2ec-5909044a6d39","05/03/21 06:32:32"
"cc0f7696-f4d5-4ef6-8a8b-10f6033ddf9d","bc6a1fdb-1cf9-4052-89e7-82af4bd029f5","03/17/20 15:51:02"
"9ef67e33-8456-484c-b6c4-e30edd92974c","351bf7c6-4163-444e-b434-51813e5c9d3b","09/10/20 20:55:26"
"cebdd611-3326-4f00-94f4-e23d707489a8","b2612d6c-1f6e-44a5-a271-2939ce6b3821","08/23/21 12:25:02"
"8e901950-5e21-43fc-85d8-93dd25bc0e65","6366b8ce-358d-4f13-9348-2f4f010e7261","10/29/20 00:03:36"
"3105858c-a35f-45fe-8470-4f005082795e","20acdb56-ca07-4968-b306-66ed892bbe0e","12/25/20 09:25:55"
"88260790-9ce6-4a4a-baac-ceeb56c5c9e5","e9d05818-81b5-42f6-848c-93ebe9973d4f","02/21/21 18:25:57"
"3ca5e707-e2aa-4f7e-b7eb-44880f94ecaa","c9d5d0c8-18c5-41eb-adbf-16a90d6f3492","09/17/21 12:06:42"
"9016c429-6c9a-4998-8195-26ca7097e1d6","ab51308a-c490-47b3-826c-e955f955b06a","09/07/21 14:40:34"
"3742edd8-fddd-4f4d-a6ea-7757a9b170e2","d7f8eaa8-5d01-4253-a6e5-616f9715714b","01/28/20 19:24:23"
"1520fe2e-425d-416f-8963-a112f55c0685","f56e78b8-8dac-4ef9-80d8-c14a60b6beab","05/27/20 05:23:05"
"410522bb-9f2b-43b4-849e-b8a095b823d8","e5d132f8-9fb8-4735-bb01-299647f5bae6","04/29/21 07:30:19"
"00bf9b6b-73c9-45ee-95aa-323e08df7043","4619bc5d-40c2-4676-9e60-c775915ffad7","11/25/20 09:36:20"
"dde5e83a-d343-4b33-bb06-cf9b90444547","d0d16f29-5a03-4cf8-b4f2-8438349b6013","03/29/21 21:01:52"
"9f0e556f-6931-4df4-9664-c030befec572","8e36720f-3a01-46e5-9541-2b70c0990e4b","01/04/20 19:48:20"
"2f147ca7-8479-4e14-9fdf-bce5eafc0589","0e00347d-4fee-4def-8a86-a5d8766c20ef","09/14/20 21:49:06"
"9b01a7a2-b160-4c46-acd3-25a2aa058e29","d2a1a8cb-c0f7-401c-b3c9-6f400be93a7d","05/21/21 04:38:51"
"6e036872-9613-4f94-a398-1560d96ded1e","0188af1f-c93c-475b-afca-5c5e2fb90de6","11/18/20 08:18:26"
"957d73d0-ffc6-4ffd-8f30-4e62bd4a22f9","754ae28f-c70d-4818-ab8a-646c7719852d","03/14/21 02:16:26"
"44ddf616-3e23-4e65-9379-ec3f989062da","43d5cb37-cc38-4626-ba05-be32a6e7bfb6","07/07/20 09:01:14"
"a311b792-872f-460f-8e82-f6101524e1b1","5c1f7357-04ad-4daa-93f1-a8678fa09726","01/31/20 17:09:03"
"e10143c9-425d-48f4-9fc2-f705b7ea7c64","ac3d0ecb-21b8-4a7d-8290-1ae2f114e297","02/10/21 00:14:22"
"f8cf40fc-25e5-4379-8d6c-30ce210d9ef3","ee06b519-6f69-4211-8472-29883c3b5124","04/15/21 04:58:07"
"9b348fd3-3429-4402-9ab9-9ca511497cf9","986259bd-4d56-44e3-bb22-6282faced6e8","07/23/20 13:13:09"
"7017e2f1-22c1-4a55-ade3-41f9e5026c2f","f321cc57-785f-4304-980c-62cbf01b5eb8","09/21/21 22:31:39"
"0fb5b7ff-5bb9-4440-8ab3-d4f752bbd80a","6f383547-15f2-49ab-a25e-b29ae082e098","03/20/20 05:33:21"
"b67999a1-8743-45d0-8dd4-7b6c1f60027d","97378a10-bdc4-4118-a2ec-5909044a6d39","12/23/20 23:43:50"
"029d82da-3521-45fd-92b3-1c44dcf8ed51","e1b8c34d-ea80-4560-b90c-65d0f1f9db24","06/06/20 19:26:41"
"ca1b4e3c-83cf-4dcd-a60f-9e4e43360076","d0d16f29-5a03-4cf8-b4f2-8438349b6013","08/29/20 05:18:49"
"08fd1f1c-a0a8-401f-9048-84512f5df8f8","ab51308a-c490-47b3-826c-e955f955b06a","03/30/20 06:03:08"
"2995d91f-a61b-4600-b4ac-b76c38b94876","a76b6565-dd23-4e88-af93-e4f8e6fa94df","01/30/21 02:21:40"
"5d98f210-f03b-4d0b-b2f2-7cddd3c88d89","c24d529b-d877-4d8d-8433-df8f6b88136d","08/04/21 02:33:35"
"f27ba3d1-a5e7-427e-8e02-5737a3dfb88e","866c27c6-4738-43bd-b730-f692459c76e5","03/18/21 14:00:59"
"3f4b07ef-4f73-46da-9457-19e5b39ccb10","97378a10-bdc4-4118-a2ec-5909044a6d39","10/24/20 16:11:49"
"22177208-da57-4e03-9c27-8e79651ca33c","0e00347d-4fee-4def-8a86-a5d8766c20ef","01/28/20 05:56:34"
"7d2e995c-80b3-498c-a140-85332ed4b629","fa2311cb-19d7-4a76-a421-48f1eaf71e46","02/13/20 23:08:40"
"53090e40-3b00-477c-a673-e477eb0259c0","db298f19-abb0-4cda-a533-e158e3a3a95c","10/08/20 18:27:56"
"72022470-d893-4493-9589-9b3c5c268cc9","8e36720f-3a01-46e5-9541-2b70c0990e4b","08/17/20 09:07:41"
"629ac298-adb8-41c2-8107-64812165c86c","94a82e19-2104-486d-a848-0789ba1874b2","12/24/20 05:11:45"
"fb4d0308-5757-4a3d-9047-8e880f8e0516","6f383547-15f2-49ab-a25e-b29ae082e098","11/22/20 03:12:51"
"7cf86ba3-4b3a-4f47-9513-3be7f9977cfc","094d0cc5-0c47-4777-98be-e26e71c43555","01/29/20 15:21:54"
"ff0909af-0a22-443a-89e1-155edcfba243","a772997d-ca3d-4691-9b81-9139cf5aaee0","02/02/20 01:09:10"
"7e434cc2-197b-41ec-9e31-be506faf399e","d7f8eaa8-5d01-4253-a6e5-616f9715714b","05/11/21 03:12:17"
"9af79417-59ae-4612-ab63-2e533b09f466","5f9d6cd9-f8d6-469d-8fd9-24527d23c0fa","12/25/20 11:49:08"
"1e613eb8-613a-40b5-bca7-73b7ba3d1937","4619bc5d-40c2-4676-9e60-c775915ffad7","12/25/20 02:01:23"
"0566f260-265f-4d2c-98a0-f8a28cb48273","87467e69-0a20-4eee-8c35-11fcc93a5a8f","03/15/20 09:30:07"
"dca2a58b-9bd0-48cf-8beb-806c4981483e","a3ae4a64-a27a-4dc9-9241-7afb0bd1ba9c","03/28/20 13:50:29"
"b93562c8-e086-4d77-b8d7-1a607eb4b625","1412a3ab-ef94-4368-ac5f-196064d7b275","06/14/20 22:41:56"
"5590f76f-decb-48df-9baa-40c3884dd13e","8e36720f-3a01-46e5-9541-2b70c0990e4b","04/17/21 14:19:04"
"0584ae5a-4d73-4263-93e8-16dda82336de","f173381c-4d49-4df3-9b0e-bf97ed7e19ca","09/27/21 05:39:19"
"3f7212f2-f681-4ce3-95b8-05367fa23427","8e36720f-3a01-46e5-9541-2b70c0990e4b","06/19/20 20:06:47"
"068a0cef-0309-4471-b3c5-3297cb1e4f2e","c2b67fae-71f6-4ddf-9677-286b18f161a5","06/13/20 22:13:12"
"61c6ab2d-662f-49ad-9f57-2e1900fa506c","f56e78b8-8dac-4ef9-80d8-c14a60b6beab","12/15/20 19:04:50"
"ec04ab52-bb58-4300-8a00-9473a18c04e5","118f8775-4862-4cf9-a06f-e6a663aa37d6","12/09/20 14:16:58"
"195cc74e-1531-4b4a-8b70-693c6ec8013c","f321cc57-785f-4304-980c-62cbf01b5eb8","09/13/20 07:15:21"
"c282b7da-bb68-4969-9122-5cff8c5c19f2","c44bd79f-d8e0-402b-b338-21f33794c333","07/06/21 00:38:11"
"2088d95e-e9e1-48cc-8024-18cdd91db21f","6f383547-15f2-49ab-a25e-b29ae082e098","01/13/21 09:38:59"
"9098ad6d-7ef4-40c9-8510-d03ee0ff6e53","5f9d6cd9-f8d6-469d-8fd9-24527d23c0fa","08/16/20 10:54:37"
"1e390380-bb40-4e53-96b5-390cac893078","986259bd-4d56-44e3-bb22-6282faced6e8","08/02/21 08:27:53"
"c083eb2b-21a1-44e7-a09f-f2ef7327d6a0","b326c4e9-7e7b-47e0-bbb2-5715fcf01fbc","12/23/20 21:37:46"
"3f2adee8-7470-4a4a-ae3a-5e1190326476","e1b8c34d-ea80-4560-b90c-65d0f1f9db24","03/29/21 17:48:26"
"3871c00a-1d8e-4910-93ad-3e32885b5658","4f263774-850b-4185-bf93-de6c03741182","09/04/21 19:16:39"
"5b5a95d4-0ee6-4cd7-bc1f-47fd0abaa42a","d9898778-445a-4c18-8a3a-6218ae83991b","03/17/20 20:42:44"
"79eade66-8a25-4ca0-93ef-027d87e8f61c","ab51308a-c490-47b3-826c-e955f955b06a","08/22/21 18:09:12"
"57433a85-4d93-499e-8361-2322c8894670","c9d5d0c8-18c5-41eb-adbf-16a90d6f3492","07/09/20 05:02:21"
"7fd3c0e1-9147-41b1-8adf-1ee4134dfd60","6f383547-15f2-49ab-a25e-b29ae082e098","12/21/20 08:25:39"
"14dc8d13-5ed7-4efe-9b69-fa6b84ab6950","6f383547-15f2-49ab-a25e-b29ae082e098","06/26/20 03:09:40"
"ed4472b7-3447-4e62-9c20-6d931af8156c","afc0bf8e-746e-4c8f-bfb8-e977154de047","01/25/20 11:52:12"
"a71d3591-5557-4df8-81b4-511d31998758","6366b8ce-358d-4f13-9348-2f4f010e7261","09/18/21 17:19:39"
"341f7436-2842-45fd-b3f0-a3b860eef53c","a3ae4a64-a27a-4dc9-9241-7afb0bd1ba9c","10/04/21 20:12:56"
"42b3dfc6-a66c-4dbd-b7d4-6061a6af80a5","fa2311cb-19d7-4a76-a421-48f1eaf71e46","06/30/21 11:57:04"
"cd3a80e0-f2e3-4d6c-a606-bb5f292d4100","942df1fc-6e00-473d-93eb-b8fbac8aa6b3","01/12/21 19:43:41"
"6a15836e-4cd5-4559-b866-781a46f91d24","ac3d0ecb-21b8-4a7d-8290-1ae2f114e297","12/01/20 05:11:18"
"73853bb9-c6a6-436e-92c8-fd80998b6bb1","f2b5060e-cded-4fe4-b803-b462cbb16346","04/10/20 15:58:59"
"3855bebf-9e4a-4214-a382-f98717974442","ab51308a-c490-47b3-826c-e955f955b06a","04/22/20 07:03:32"
"a0abfcd1-e9c3-4a4d-8e42-ba2c030b3400","20701b30-359b-4f0f-8fa1-dd8bed3dc5c3","06/25/20 21:56:59"
"e2259e60-64fe-4456-acaf-2cc6a0d398bb","ac3d0ecb-21b8-4a7d-8290-1ae2f114e297","10/12/20 04:25:21"
"2677c4be-4f63-4b1a-9bc6-60a650ade33e","43d5cb37-cc38-4626-ba05-be32a6e7bfb6","08/20/20 13:51:25"
"15899f8f-3f92-43e8-99f3-46b4ffa55657","96aa4c93-172c-44b1-852b-502ef8f47522","04/02/20 06:48:38"
"e8967210-955f-4999-bd74-48e9b7c96231","f173381c-4d49-4df3-9b0e-bf97ed7e19ca","10/06/21 01:48:04"
"bffc2790-e0b5-43b4-8877-d777a3c8dac0","023fcee0-3c0d-476b-be3f-9058698ad361","07/21/21 12:20:23"
"621444bd-9213-4205-82f9-8ee579b9a7a3","d7f8eaa8-5d01-4253-a6e5-616f9715714b","05/07/20 11:04:36"
"9ce9fab5-4b37-480f-b3ae-5ed3089fc21b","ab51308a-c490-47b3-826c-e955f955b06a","10/01/20 20:16:32"
"c355be73-6232-4aa0-a65d-45bf6e408dbf","47ea2617-166d-4695-ab1c-c9c53b495a90","08/19/21 11:23:43"
"00f6efb2-01eb-4429-a4df-a9e5b7cef173","d9898778-445a-4c18-8a3a-6218ae83991b","08/10/21 20:56:04"
"3203a60a-6e19-4096-8dbd-cf547fae1732","ce403f1e-ffe7-4e97-a7f6-c915435443da","08/25/20 19:19:15"
"169ad9f2-d00d-4342-b3a4-6e5daef2e2b5","223c4f96-e2f8-4723-a358-a9c09a0568fa","05/02/21 16:15:04"
"7d027447-a90b-4dc2-9488-cac6806580c6","b09ed248-3258-46e5-ae24-1c5a85deb9dd","12/30/20 02:47:03"
"f26c3886-d0c1-4475-9439-06b5b8ee46bc","318c4b38-a307-4df3-869e-56c5872a209d","09/28/20 14:24:04"
"518b155b-624e-4699-9342-a51c70575208","c44bd79f-d8e0-402b-b338-21f33794c333","09/02/20 01:51:59"
"e8d3094d-7283-4caf-9824-230017f358f3","afc0bf8e-746e-4c8f-bfb8-e977154de047","05/27/20 18:30:06"
"ab5f6147-80ec-4414-9f62-dfa1f9127e0f","6bb35d78-755f-4a49-9b5e-977a60cdd33b","10/08/21 19:36:53"
"028f3a62-8037-47b0-afa7-7f2e35fe59b8","fbd957af-1d13-46af-a3cd-655f9b184dc5","09/17/20 03:08:21"
"3f9c1db4-5eb8-4011-9f29-bbc169f0ed87","bc6a1fdb-1cf9-4052-89e7-82af4bd029f5","06/07/21 23:00:20"
"0b335aad-8823-40be-b411-19c494f7e0ce","318c4b38-a307-4df3-869e-56c5872a209d","08/06/21 20:38:10"
"434ffea2-a48a-47be-bc1b-2580e81640e6","dd41f40b-83ab-499e-8bc6-6bafbabea6d2","02/26/20 00:19:38"
"3da6253b-7acc-4e68-9b82-b4473c7d8098","118f8775-4862-4cf9-a06f-e6a663aa37d6","02/20/20 16:57:49"
"f2dcc04f-ae1e-4a6b-b9b0-e36af9b868ac","dd41f40b-83ab-499e-8bc6-6bafbabea6d2","07/01/21 07:53:44"
"23db8b2a-3d5a-49f5-946f-7bef94d61065","023fcee0-3c0d-476b-be3f-9058698ad361","03/25/20 10:18:15"
"b075a5da-f4de-4b30-862a-916c201c1d93","fbd957af-1d13-46af-a3cd-655f9b184dc5","06/28/20 05:12:23"
"a99a8a2d-284c-4a98-806e-92f70a96da3e","397a7c06-40d4-4a04-ab76-6d524af53305","02/07/21 00:41:05"
"1a1ae721-1ad6-41b8-85bf-5e8a07ea77bf","cf707f63-771a-4b32-b00a-17a1a553bed4","05/16/21 16:58:20"
"d3d55576-3d50-4a89-a8f0-8e4949f74bb6","f321cc57-785f-4304-980c-62cbf01b5eb8","05/26/20 01:36:20"
"6f76e2fb-d86f-4a25-ba88-86de3b5d36a5","de2eb6b2-2214-4a25-b28e-2de2126e5600","10/12/21 22:53:35"
"2a502f75-cb8f-47be-a583-f58d8d6ecec9","6bb35d78-755f-4a49-9b5e-977a60cdd33b","03/04/20 07:15:31"
"60ea82cf-698d-433b-b283-380fa0e5a9c9","51494a14-f762-4d6d-aa4d-863b017b9289","05/18/20 15:32:19"
"4a296fbf-e742-4e25-bcb7-f7d6319b2321","ed182089-8125-4bd4-8b7a-ce4d1af0dad0","03/01/20 23:35:21"
"f91c36f6-d265-482e-9d32-270ddb04ad5f","de2eb6b2-2214-4a25-b28e-2de2126e5600","08/24/21 05:03:29"
"bc21403d-ddca-42d0-84e3-57356ed8f3a5","a76b6565-dd23-4e88-af93-e4f8e6fa94df","08/26/20 22:01:19"
"f8a3c93d-c7f8-4300-9732-d82ca912c630","89eab870-68fc-4c64-8029-b763afd44feb","07/09/20 01:11:29"
"ae6540a1-b89b-4917-a779-060e36931f60","9f36163e-0608-43f0-af76-06e1a9320cba","12/01/20 01:01:43"
"c11d9342-17e0-4a47-add4-f8c248f19ea7","a3ae4a64-a27a-4dc9-9241-7afb0bd1ba9c","01/12/20 02:55:45"
"985f9a5b-9718-467d-aa80-960c9f12f265","397a7c06-40d4-4a04-ab76-6d524af53305","06/25/20 01:52:42"
"f9fe99b3-e8a7-42a5-ac0f-af1e65f83c54","3c0a333b-e9da-487e-bfe8-246b6828d9fd","06/10/20 10:28:49"
"40412d40-a2dc-423d-b317-74519109cc15","2618ed26-9278-43ec-b4e5-4a33f90457c5","07/29/21 17:32:12"
"efb006d6-2060-4435-8428-1d376ded9254","1412a3ab-ef94-4368-ac5f-196064d7b275","03/18/20 09:08:22"
"c9e0e98e-6d87-41f6-a6c1-1d3995404131","89eab870-68fc-4c64-8029-b763afd44feb","05/11/21 10:17:49"
"58c90998-3770-4483-962e-bda56143eab5","43d5cb37-cc38-4626-ba05-be32a6e7bfb6","03/22/20 20:25:13"
"57df8ba7-01c8-4af8-8451-b08968dfec99","ab51308a-c490-47b3-826c-e955f955b06a","05/27/20 04:22:13"
"deb95e6c-7270-4bff-bd46-a358a5bba60c","1412a3ab-ef94-4368-ac5f-196064d7b275","01/22/20 02:50:58"
"0ece0a27-36e2-4cc0-a605-4b0eb885010e","47ea2617-166d-4695-ab1c-c9c53b495a90","08/20/20 18:31:35"
"aef23ee9-4e69-4448-b81e-550ed4be5103","fa2311cb-19d7-4a76-a421-48f1eaf71e46","05/20/20 10:55:53"
"a46d6fe4-64d9-49de-926c-afafa9cfbeb9","8e36720f-3a01-46e5-9541-2b70c0990e4b","04/05/20 01:55:14"
"d54bb4f4-46a0-49c3-85b6-a62aa4d21a28","eabcd488-2505-4a10-bb4c-4b0a38aa1378","05/01/20 15:25:41"
"37fb0ad5-bf57-445c-8046-394ffd010a21","dafd1d07-eae9-43e7-8868-7490c131f5ff","07/28/21 01:58:42"
"c86151c1-d08d-4b67-ac71-a38e619020a8","aea8c609-3cf4-4390-aca2-1af4dc70fbde","03/30/20 17:02:28"
"542e1abd-25f1-4a61-a2b7-e7e891d01425","29226fc1-632b-42a3-ae4e-b7731294201a","04/25/21 14:03:19"
"77b87285-adc2-4d97-b794-e13717862a49","47ea2617-166d-4695-ab1c-c9c53b495a90","01/11/20 21:37:05"
"dbfe8f42-515b-42ce-b194-c67887e44d58","94a82e19-2104-486d-a848-0789ba1874b2","02/11/21 09:28:54"
"3fb57ec1-50e5-4934-b87f-14b470af1f6a","351bf7c6-4163-444e-b434-51813e5c9d3b","08/12/20 04:08:22"
"2de41e7a-70df-43ed-874f-dd2e93673a2b","754ae28f-c70d-4818-ab8a-646c7719852d","07/18/20 13:20:32"
"dd40ef01-75ba-408b-9f35-dc9db1f6587c","20701b30-359b-4f0f-8fa1-dd8bed3dc5c3","07/18/20 15:20:52"
"753c7e9f-b09f-4a9f-8b26-8ff87508d25c","451f4232-5a22-4234-893d-6d8937ec5985","08/14/21 11:36:22"
"6bf5de8d-44b4-4c70-b412-0db62c512a0b","aea8c609-3cf4-4390-aca2-1af4dc70fbde","05/24/21 18:29:34"
"4f41049a-ba49-4926-8746-9f9f68d40b61","0188af1f-c93c-475b-afca-5c5e2fb90de6","07/06/20 04:49:07"
"ff1d209c-1236-4e7f-b3f3-dd15669e5668","c44bd79f-d8e0-402b-b338-21f33794c333","10/07/20 02:25:18"
"71e5934a-8990-4cdf-8e28-18694fd9feec","a76b6565-dd23-4e88-af93-e4f8e6fa94df","01/12/21 00:38:44"
"af6afb68-000f-43ea-9049-d525fbbdded8","f2b5060e-cded-4fe4-b803-b462cbb16346","10/17/20 08:00:29"
"eb836b08-db75-4855-96ae-cc9153a10def","d7f8eaa8-5d01-4253-a6e5-616f9715714b","02/26/21 23:08:06"
"4992dec1-3048-4bc5-8ff0-649ee91e07a7","d9898778-445a-4c18-8a3a-6218ae83991b","03/28/20 01:31:11"
"caa1df79-84e5-43bc-80c9-81b5520daec4","94a82e19-2104-486d-a848-0789ba1874b2","04/26/21 12:40:40"
"36b6ff5e-b2c8-44a9-a32e-9d06ec7206b0","3d4166d6-900d-49d6-a236-25f416283ba5","08/17/21 12:15:51"
"cc53fa83-48a8-48d8-8a4c-d558799f4eba","31834ed4-7c99-4cc7-b8cd-046d8143a79b","10/07/20 16:09:30"
"7f4e6bd6-56fc-43fd-a946-a1a3d68d14fa","6ca9f492-061e-4dad-94fc-42f6622c7290","07/27/20 18:28:17"
"4f80f5d3-a077-4fc0-af78-63dcecfe8151","29226fc1-632b-42a3-ae4e-b7731294201a","05/14/21 09:43:15"
"900c8be6-ee17-47e9-a424-07287864a79c","acd27609-5042-4f5f-b07e-c89ee12cc72e","03/18/20 20:19:19"
"1d913e08-2134-4f38-83e1-7705d552ccc4","f321cc57-785f-4304-980c-62cbf01b5eb8","12/16/20 13:27:00"
"a13e6013-ad2a-44d1-b351-03ea708afae4","6366b8ce-358d-4f13-9348-2f4f010e7261","08/26/20 08:07:23"
"3362b986-c6f1-49d5-a1ef-74be33aab79d","66ae3496-a8d3-4b54-8ff5-a589f8b7d892","05/01/20 05:37:39"
"2fcccc95-0b30-45fe-8ee0-d9ae011eb43d","4619bc5d-40c2-4676-9e60-c775915ffad7","10/20/20 12:44:13"
"94ffedf4-3b8f-4a2d-843f-ad2b015130c9","db898a0f-6ebb-43ae-8906-1ebb6ba760e2","07/10/20 09:37:39"
"9e8a7ba9-9fbd-4d1b-ad90-1be345b2dca7","754ae28f-c70d-4818-ab8a-646c7719852d","03/04/21 17:17:39"
"5d855f1f-d93e-43c7-8741-2b69bb970ead","b326c4e9-7e7b-47e0-bbb2-5715fcf01fbc","01/13/20 10:11:04"
"359dd237-24f5-461d-a3ef-9302fedbcf17","351bf7c6-4163-444e-b434-51813e5c9d3b","09/27/20 14:47:05"
"b82b1be0-66d3-4404-abdc-b39ffabb2b52","aea8c609-3cf4-4390-aca2-1af4dc70fbde","02/03/21 10:12:08"
"95b3cbea-9e2a-4bcc-bdb5-0f27bc510d84","e5d132f8-9fb8-4735-bb01-299647f5bae6","01/24/20 19:31:48"
"a4bde7d7-9ce5-4ddb-bf56-3ec00d8973ca","451f4232-5a22-4234-893d-6d8937ec5985","01/09/20 03:52:44"
"e530aea7-6a5c-4618-acd8-423b3ea855b5","ee06b519-6f69-4211-8472-29883c3b5124","09/07/21 22:12:17"
"f2605991-2d37-406f-9fa8-e7a7c5dae6df","93550b03-15db-45bc-b324-1fffea958a1c","06/10/21 20:59:41"
"4a394a55-3adb-4007-8740-8e68c04d4900","20acdb56-ca07-4968-b306-66ed892bbe0e","10/02/20 15:58:14"
"d311daec-bcf8-4a03-b3d2-7e380adae0fd","6bb35d78-755f-4a49-9b5e-977a60cdd33b","01/30/21 04:28:00"
"a57a4f1f-6f85-438e-8548-ae12f238e110","de2eb6b2-2214-4a25-b28e-2de2126e5600","09/09/20 00:29:10"
"d679d80d-8dbf-4edd-af46-da6cf14f399e","c9d5d0c8-18c5-41eb-adbf-16a90d6f3492","09/16/20 22:06:19"
"efd22f09-a650-401c-9c15-1dfa58a0afce","6ca9f492-061e-4dad-94fc-42f6622c7290","10/07/20 01:49:14"
"d6ec2069-8980-4140-8056-0b1764a7c405","20701b30-359b-4f0f-8fa1-dd8bed3dc5c3","12/06/20 04:43:55"
"30bd11bd-6965-490e-a3f2-9ef241d20d39","57e0df91-6d96-4050-9a95-50346aafcba4","01/16/21 05:57:01"
"497e6cb8-b3ff-4999-8544-c120012b9b3d","dafd1d07-eae9-43e7-8868-7490c131f5ff","09/29/20 11:53:23"
"7c52b05e-542d-4ed5-843b-cc84261509ff","f2b5060e-cded-4fe4-b803-b462cbb16346","09/15/20 22:33:50"
"5176ace5-e059-4061-aaf7-1a23b0a4f3d4","5f9d6cd9-f8d6-469d-8fd9-24527d23c0fa","06/08/21 21:33:29"
"77170987-4d93-4b24-b159-f95ab35665bd","2618ed26-9278-43ec-b4e5-4a33f90457c5","04/27/20 06:14:07"
"e6e5bf11-81f7-426b-b7ef-04c9ca901607","9f36163e-0608-43f0-af76-06e1a9320cba","08/30/21 15:15:20"
"4857cdff-011e-470b-aa15-499d49022a60","51494a14-f762-4d6d-aa4d-863b017b9289","03/08/20 23:08:19"
"6170d246-f3b9-47ef-a351-916d46e04829","351bf7c6-4163-444e-b434-51813e5c9d3b","11/16/20 08:53:36"
"29751e9b-81f9-41c3-8ac6-d600992100c5","0040967c-bb70-4561-bcf0-96f8d66e33aa","07/20/21 12:50:44"
"357e4882-187f-464e-b286-9c8d251a2bc9","d0d16f29-5a03-4cf8-b4f2-8438349b6013","01/10/20 16:20:32"
"d18dcded-1226-4626-bbaa-c42e03a8a01c","0040967c-bb70-4561-bcf0-96f8d66e33aa","07/20/20 15:06:18"
"f22a215e-c0a5-43ad-acbb-d093d7567db8","bbeb3dce-2db0-4ee3-b34c-f226849d0d5d","09/28/21 03:09:44"
"c68028e3-c79d-4c07-af56-a21d3dfca0f7","8d1970cd-35dc-45e2-93a6-102d044d9477","02/17/20 13:09:07"
"a815593f-c255-4e15-a127-f93c2183f64e","bbeb3dce-2db0-4ee3-b34c-f226849d0d5d","04/29/21 18:31:45"
"a8aa365e-6cd9-44fb-9ded-c3e7318c524e","5c1f7357-04ad-4daa-93f1-a8678fa09726","02/19/21 02:55:29"
"538b224b-60ec-4e19-80eb-a7f1cc6c4df6","3c0a333b-e9da-487e-bfe8-246b6828d9fd","07/26/20 03:25:50"
"f113fb25-14af-4a34-a7a2-215b1c9ad257","ac3d0ecb-21b8-4a7d-8290-1ae2f114e297","06/27/21 11:47:36"
"183c0463-5fd4-46e8-8841-4bd39a037e5f","2333265c-9964-4cdd-8b86-a17e07e7839e","05/18/21 20:01:27"
"96a2230f-6409-4d9f-b78d-f2c4d22ac154","a772997d-ca3d-4691-9b81-9139cf5aaee0","01/09/21 19:23:50"
"914c1d9c-877f-40c8-b132-e46a9ab7be36","6f383547-15f2-49ab-a25e-b29ae082e098","11/07/20 15:19:53"
"050fff7c-1be2-40b0-a885-8f89127a2b3c","ed182089-8125-4bd4-8b7a-ce4d1af0dad0","07/09/20 08:20:39"
"cf6f8702-6ada-477b-b20b-5b49a55f178c","f2b5060e-cded-4fe4-b803-b462cbb16346","12/13/20 00:25:06"
"4f63ca67-d8b3-4c9b-b8ef-2bc90e53c220","59f4e50f-54c1-43e1-9e4d-eb31ecc96fa5","08/23/21 02:39:56"
"6fd047fa-073f-466c-907d-23053f704f03","59f4e50f-54c1-43e1-9e4d-eb31ecc96fa5","05/28/20 16:03:40"
"c3d21359-59bb-4228-bf9b-25df631c6748","6bb35d78-755f-4a49-9b5e-977a60cdd33b","06/11/21 15:50:41"
"20557ed4-3779-4a24-bf54-179f4bf3736a","ed182089-8125-4bd4-8b7a-ce4d1af0dad0","05/03/21 06:02:49"
"6d29c916-4b04-4c83-9515-2dbcd236f226","dd359ea4-4b85-4ba7-8660-dd1882431661","08/25/20 11:58:44"
"9eb72efe-d712-407d-b6f5-eee82760ee0b","20acdb56-ca07-4968-b306-66ed892bbe0e","12/20/20 02:44:54"
"e91844f8-b243-4155-8734-11671df985b8","f6373fcf-d832-48cc-90ff-3fa73aee7b1d","06/21/21 03:09:55"
"5601320f-e1ae-4346-a756-aa88ff9de746","43d5cb37-cc38-4626-ba05-be32a6e7bfb6","05/14/20 20:31:37"
"cc16f73d-fffd-46f6-9854-7f9182bc7cb3","57e0df91-6d96-4050-9a95-50346aafcba4","06/16/20 10:39:31"
"f9c432e7-47eb-4456-85fe-7ef0213ab790","6b2b302d-e108-4d33-a519-918f1fa8bbf5","01/24/20 09:38:27"
"c8762724-b24b-4b1c-b43a-42ddf9b800e8","31834ed4-7c99-4cc7-b8cd-046d8143a79b","05/13/21 03:29:43"
"5db8cc89-4412-4bc2-81f4-5f5e31e7cfde","d9898778-445a-4c18-8a3a-6218ae83991b","02/03/20 06:49:45"
"6dc3b373-ac9a-4488-b221-5b1865f2e61b","ab51308a-c490-47b3-826c-e955f955b06a","03/26/21 13:38:01"
"c009d4bb-fac4-4e69-83ef-a3ada1f1ddb3","f56e78b8-8dac-4ef9-80d8-c14a60b6beab","09/14/21 18:27:22"
"a505f4e1-5c30-4257-9a8e-8a3d90aac0c0","351bf7c6-4163-444e-b434-51813e5c9d3b","12/12/20 09:45:58"
"9abdefac-29cc-40f1-93e4-7e9b7bddd58c","afc0bf8e-746e-4c8f-bfb8-e977154de047","03/26/20 19:53:03"
"cfe4325d-9784-4648-abc2-2c41e25d6a0b","cf707f63-771a-4b32-b00a-17a1a553bed4","09/15/20 02:52:37"
"118c61bc-49ad-43bb-a2e4-35945faa52dd","bd50f01f-6b26-495c-be8b-bcfcd57cd1bb","04/18/20 08:42:02"
"28ee622f-270c-4e58-878a-d9b45b0747e8","a76b6565-dd23-4e88-af93-e4f8e6fa94df","10/20/20 18:43:07"
"621c3335-3bff-4a60-ad04-54ecdcccb540","db298f19-abb0-4cda-a533-e158e3a3a95c","08/31/20 21:19:08"
"b7a454e3-82a1-4987-8ef1-aee685129d31","d2a1a8cb-c0f7-401c-b3c9-6f400be93a7d","11/11/20 00:54:00"
"b14e7237-40cf-41a2-976a-505ff9808ab0","cf2af0f7-cb19-4545-9657-d02cfefdb8e7","05/14/21 19:10:21"
"a62798be-cd71-4f71-9681-1f52cb543ed7","f321cc57-785f-4304-980c-62cbf01b5eb8","06/15/20 08:01:09"
"39808078-5024-4a3a-873e-a958115cf64e","96aa4c93-172c-44b1-852b-502ef8f47522","06/02/20 15:07:35"
"04259d33-6668-4b03-b138-2e3657f710fc","de2eb6b2-2214-4a25-b28e-2de2126e5600","09/08/20 01:42:27"
"29692dce-c165-41bc-819a-eadbb80ebe6c","e9d05818-81b5-42f6-848c-93ebe9973d4f","05/27/21 21:25:07"
"1e3dd80a-980f-4588-aa58-24b73e78c2b5","6b2b302d-e108-4d33-a519-918f1fa8bbf5","02/20/20 17:44:55"
"a374820a-f0c4-48c5-9742-818db0bbec4b","17138329-cfbe-4ed2-a729-b7e6f0a2c6f5","10/28/20 20:27:10"
"b218026a-1333-41af-9c85-d41775170119","20acdb56-ca07-4968-b306-66ed892bbe0e","10/24/20 08:16:27"
"9de62e47-b2d1-48d4-ba31-28195602b52d","ea5b370a-2636-457e-b3e9-f085240fdcf3","07/16/20 00:41:44"
"53ef41d4-4ab6-4171-a5d5-848b9925db0b","1ac14f91-4205-4985-9494-feca4582550e","08/24/20 04:41:01"
"93c6786f-741a-4621-9565-8e472cad2af2","b09ed248-3258-46e5-ae24-1c5a85deb9dd","03/09/21 02:46:21"
"352c771c-f419-4afc-ac0e-deb9068c0c28","451f4232-5a22-4234-893d-6d8937ec5985","03/29/21 09:50:35"
"bab901b6-b580-4eea-8ff6-4e5c748c1f19","986259bd-4d56-44e3-bb22-6282faced6e8","07/21/21 20:48:33"
"ae3646ad-e041-405d-b997-117aac6154f3","20acdb56-ca07-4968-b306-66ed892bbe0e","09/10/21 04:29:05"
"5cc971e8-963d-47f8-9a1b-9da082f693e5","1ac14f91-4205-4985-9494-feca4582550e","08/03/21 03:16:06"
"af3337d7-a5c5-4c25-980f-fe54874e9489","17138329-cfbe-4ed2-a729-b7e6f0a2c6f5","12/10/20 13:13:35"
"9307ba01-903c-41dd-bfac-e3b39999a160","f56e78b8-8dac-4ef9-80d8-c14a60b6beab","01/17/21 05:32:17"
"cccd234c-50c4-48fe-8f77-a12a234237e5","c9d5d0c8-18c5-41eb-adbf-16a90d6f3492","09/27/20 14:15:29"
"0b9a10d4-256d-435a-bd22-95e0b2b36973","023fcee0-3c0d-476b-be3f-9058698ad361","07/29/21 04:23:24"
"e042d678-9cde-40ee-ae4f-d40a3c916251","31834ed4-7c99-4cc7-b8cd-046d8143a79b","04/17/21 00:50:53"
"3c93b6e1-cef1-4069-b03f-0e091a029a78","29226fc1-632b-42a3-ae4e-b7731294201a","10/08/20 14:27:02"
"7e3722c2-6f42-436f-a421-d7da9b04670b","4619bc5d-40c2-4676-9e60-c775915ffad7","09/04/21 10:47:30"
"7182e48a-cac8-4e49-8315-dd622008288b","3d4166d6-900d-49d6-a236-25f416283ba5","07/25/20 02:43:20"
"0bf6bae1-f959-4cee-b07f-c5a6d9eaf040","09085029-1ed6-4e51-ad1e-1cf2fffea350","06/29/20 09:56:47"
"791ebcdb-33be-4668-847e-240f5beec67d","942df1fc-6e00-473d-93eb-b8fbac8aa6b3","01/09/21 07:46:22"
"2daeffff-f4e0-418b-a758-306397542af8","2618ed26-9278-43ec-b4e5-4a33f90457c5","05/29/21 07:10:37"
"e9f39acd-15cf-49ec-b99d-c4c408049203","942df1fc-6e00-473d-93eb-b8fbac8aa6b3","06/18/20 12:50:53"
"c767eb10-2fb8-4f60-844a-35913b1b2ca6","5c1f7357-04ad-4daa-93f1-a8678fa09726","04/24/21 11:06:27"
"26dd0da7-b3af-4bf6-9875-58242d68961e","d2a1a8cb-c0f7-401c-b3c9-6f400be93a7d","02/24/20 12:23:13"
"673599f6-9cbb-4bd6-8244-34d37333fcc4","f2b5060e-cded-4fe4-b803-b462cbb16346","03/09/21 17:06:11"
"3a1191be-3e25-492d-898c-bcbf62867f28","f6373fcf-d832-48cc-90ff-3fa73aee7b1d","03/11/20 10:52:25"
"7857e330-abf1-4447-91ee-e3cb2245ca4b","6b2b302d-e108-4d33-a519-918f1fa8bbf5","06/27/20 14:16:02"
"2c3e987f-749d-44d4-b211-a08f3e97c65c","3d4166d6-900d-49d6-a236-25f416283ba5","07/27/21 01:36:40"
"cc5f95c8-d20b-495f-b599-dbe0b17d2ee9","bbeb3dce-2db0-4ee3-b34c-f226849d0d5d","08/27/20 17:50:15"
"78eb75dc-76a1-4561-8dc1-a09e1b3f5f9e","94a82e19-2104-486d-a848-0789ba1874b2","11/30/20 18:22:26"
"4aa037e7-ca60-41ea-8575-bf085f3aa0b2","66ae3496-a8d3-4b54-8ff5-a589f8b7d892","03/25/20 05:11:33"
"2d7d86d5-76c5-4401-9c8b-c0f3c4b5f70c","451f4232-5a22-4234-893d-6d8937ec5985","07/02/21 10:58:36"
"6739c68f-5454-48de-b985-0b27ba7a65d8","de2eb6b2-2214-4a25-b28e-2de2126e5600","06/10/20 22:13:28"
"153df220-7108-4903-977f-ca4bc2d9aea7","d9898778-445a-4c18-8a3a-6218ae83991b","03/07/20 03:54:52"
"c32a5ed4-66b0-4862-80a3-82480f6e4d70","6f383547-15f2-49ab-a25e-b29ae082e098","01/27/21 19:00:28"
"b455ed78-fe43-49a6-b978-6e24ce7b50ac","1ac14f91-4205-4985-9494-feca4582550e","01/31/21 03:14:06"
"0ee34029-45c6-4682-911a-57797e0d6d98","6ca9f492-061e-4dad-94fc-42f6622c7290","08/12/20 13:58:11"
"63bdfeb1-7114-4853-b1e1-95a8f857a8f3","dafd1d07-eae9-43e7-8868-7490c131f5ff","11/19/20 09:04:04"
"5664bed8-07c1-4ce4-bace-5144798948e5","8e36720f-3a01-46e5-9541-2b70c0990e4b","09/15/21 20:29:13"
"c1d5d0e8-358e-4133-b863-0221b375cb50","89eab870-68fc-4c64-8029-b763afd44feb","03/08/20 05:25:25"
"8094ae5b-7068-4b71-8fa1-7c16464e174e","dafd1d07-eae9-43e7-8868-7490c131f5ff","02/28/21 14:00:50"
"2bdbe6a5-b3b6-4555-afed-52d21c2cb0c7","ce403f1e-ffe7-4e97-a7f6-c915435443da","11/27/20 16:26:18"
"892a4949-6268-40dc-a04e-a79bfb5a4606","93550b03-15db-45bc-b324-1fffea958a1c","02/06/21 10:34:16"
"84e26434-0bb7-462b-8246-2537d3ac82b7","8e36720f-3a01-46e5-9541-2b70c0990e4b","04/11/20 15:32:40"
"c295b42a-edac-4668-9ddc-deb06bfa3ff5","96aa4c93-172c-44b1-852b-502ef8f47522","05/23/21 01:14:54"
"8a0a0566-1925-4a42-b83b-d65ec550858a","c9d5d0c8-18c5-41eb-adbf-16a90d6f3492","11/29/20 11:22:31"
"4729b12c-0bd1-47ae-b3bd-165dc8361924","ab51308a-c490-47b3-826c-e955f955b06a","12/29/20 15:31:03"
"3fd8087f-2f24-4505-b098-ef027ae43c42","bc6a1fdb-1cf9-4052-89e7-82af4bd029f5","09/01/20 09:33:33"
"ef8f0327-ab0b-4490-85d8-79e9540c97a3","6bb35d78-755f-4a49-9b5e-977a60cdd33b","11/02/20 09:46:13"
"58366f31-605c-4a0d-86d8-bf352123483b","2333265c-9964-4cdd-8b86-a17e07e7839e","06/22/21 03:38:41"
"be719be1-964d-4292-9b4b-78ce1ad25446","bd50f01f-6b26-495c-be8b-bcfcd57cd1bb","04/14/20 20:54:26"
"84f0cb15-0a04-4595-bb5a-ba94fe6ea515","a3ae4a64-a27a-4dc9-9241-7afb0bd1ba9c","04/22/21 23:24:15"
"5e2c1692-cec3-4821-94e1-dbffde22b687","b326c4e9-7e7b-47e0-bbb2-5715fcf01fbc","08/06/20 14:38:32"
"136624c8-c745-41a2-98ef-26e691c9dc42","f56e78b8-8dac-4ef9-80d8-c14a60b6beab","06/25/21 10:39:01"
"98568393-529b-45e2-9260-02fe2bbd5ffc","8d1970cd-35dc-45e2-93a6-102d044d9477","05/13/21 15:25:27"
"c45dc876-8932-4cd8-8d1f-b0fab23344c5","fa2311cb-19d7-4a76-a421-48f1eaf71e46","08/19/20 17:33:43"
"8e3e8a03-5bcd-4a2a-bfc5-355836fe4840","5ddab609-5e7d-4024-854a-ae538a8040d3","09/23/21 01:10:49"
"ed7a2723-35be-48d5-b4d0-09309438dc7a","dafd1d07-eae9-43e7-8868-7490c131f5ff","12/31/20 20:05:11"
"9210aa5a-1014-43f4-a705-ba4da7c9fb3a","3d4166d6-900d-49d6-a236-25f416283ba5","10/03/20 06:44:17"
"062436a2-27f5-4fe0-bfd9-13fff793b593","51494a14-f762-4d6d-aa4d-863b017b9289","03/06/21 06:16:55"
"66ac74ae-5d93-4c0e-81da-7b355f73c5dc","5c1f7357-04ad-4daa-93f1-a8678fa09726","08/16/20 14:14:48"
"21dc5573-349e-4ee1-bd5d-6f5175d2ace6","d9898778-445a-4c18-8a3a-6218ae83991b","07/28/20 00:35:06"
"313030d4-9a2d-4aab-8c27-b6aa72b99d33","397a7c06-40d4-4a04-ab76-6d524af53305","04/03/20 06:27:28"
"289851b3-55be-41aa-9056-2bb9115acfec","51494a14-f762-4d6d-aa4d-863b017b9289","08/12/21 00:15:20"
"e0c95408-64cc-47bd-8760-09a21214bdf5","942df1fc-6e00-473d-93eb-b8fbac8aa6b3","06/03/21 12:02:16"
"10716cb0-eb7b-4669-a962-9003fa3c69df","94a82e19-2104-486d-a848-0789ba1874b2","12/13/20 03:45:46"
"1f3b5a2d-745a-4cf6-a427-7e3b24d6a6cc","de2eb6b2-2214-4a25-b28e-2de2126e5600","01/10/20 23:53:40"
"80f60224-f528-449d-8a3b-319c45b62f4a","e5d132f8-9fb8-4735-bb01-299647f5bae6","01/22/20 22:50:28"
"53ab5a62-9deb-4c46-9981-1d7d50d75a90","b2612d6c-1f6e-44a5-a271-2939ce6b3821","01/25/21 18:21:21"
"baa1675c-ad65-4b84-a7b2-0832fa65e9b7","223c4f96-e2f8-4723-a358-a9c09a0568fa","08/13/20 18:44:49"
"6c07e128-c6c4-4750-9d66-044a3e9b52e2","451f4232-5a22-4234-893d-6d8937ec5985","06/16/21 15:43:10"
"607afa68-da8a-43eb-a903-0521f64e91c3","20701b30-359b-4f0f-8fa1-dd8bed3dc5c3","03/19/21 20:06:08"
"a8af603b-aa28-48cb-8c8d-c0adbcafa0fa","89eab870-68fc-4c64-8029-b763afd44feb","03/20/21 16:52:22"
"6a4cfd33-26a6-42a4-9fe7-af0e41baec1c","66fdf7d5-ba9f-4179-beb9-87cade56f5e5","03/17/21 00:47:32"
"a9f1c7f7-4d1c-4327-a018-0bcb05c0dff3","f6373fcf-d832-48cc-90ff-3fa73aee7b1d","01/07/20 22:28:19"
"8cb75629-0424-42fd-ac96-c65b76d4c7e2","2618ed26-9278-43ec-b4e5-4a33f90457c5","06/01/21 08:46:12"
"1b6db8dc-2fb5-4de2-b377-3c1ab3dadf13","f173381c-4d49-4df3-9b0e-bf97ed7e19ca","05/19/20 00:57:11"
"375abb63-d94b-43b3-885f-74554bc829d4","bc6a1fdb-1cf9-4052-89e7-82af4bd029f5","01/01/20 09:59:58"
"9b1338ed-66e6-49c6-9b4f-9464f543e50f","866c27c6-4738-43bd-b730-f692459c76e5","01/13/20 08:43:33"
"595c74a0-cba7-4868-b9be-4c060a0dbba0","66ae3496-a8d3-4b54-8ff5-a589f8b7d892","11/03/20 20:03:36"
"6bb50ae1-7567-4592-80a3-961a2b1ee932","6bb35d78-755f-4a49-9b5e-977a60cdd33b","04/16/21 03:15:22"
"3ce4c01a-47af-488b-84c9-eef02eab4345","e5d132f8-9fb8-4735-bb01-299647f5bae6","08/04/20 12:12:37"
"95998451-db60-4bd8-8d9a-fbef5b61ba20","f56e78b8-8dac-4ef9-80d8-c14a60b6beab","04/09/20 20:59:41"
"9de77bd2-f191-4cb6-a223-76ed82812ba2","1ac14f91-4205-4985-9494-feca4582550e","04/14/20 09:55:30"
"b7013af2-e340-4475-ad0d-6af017fa839c","d2a1a8cb-c0f7-401c-b3c9-6f400be93a7d","06/08/21 12:51:19"
"4fee96fc-055b-427a-a396-0fcc12d65000","e9d05818-81b5-42f6-848c-93ebe9973d4f","01/05/20 23:14:19"
"26bf8468-b4b7-4ff3-a236-867963b88594","2333265c-9964-4cdd-8b86-a17e07e7839e","06/21/20 14:08:32"
"cacf2f93-e1e3-4026-8190-9a27a704242c","c44bd79f-d8e0-402b-b338-21f33794c333","06/05/20 05:24:01"
"d790a6ff-59f8-4603-8985-7fd354350120","b2612d6c-1f6e-44a5-a271-2939ce6b3821","03/08/20 21:02:18"
"fba565a9-e6bc-4c10-a655-924a5bc9b57e","942df1fc-6e00-473d-93eb-b8fbac8aa6b3","06/20/20 11:43:03"
"eeb4d4b4-9af4-4c0a-bd5e-0006350d792f","d7f8eaa8-5d01-4253-a6e5-616f9715714b","06/27/20 05:50:08"
