6465f37e-3c42-4c78-98c6-7aa1aa90e90c,97e299a9-5aaf-43e8-8cbf-9f0ccc6bfff0,1,2.99,shipped, 2021-06-11 9:12:58, 2021-06-12 9:12:58
6465f37e-3c42-4c78-98c6-7aa1aa90e90c,ed878d62-0704-400e-8dc8-a867787f044b,2,1.53,delivered, 2021-06-11 9:12:58, 2021-06-12 9:12:58
cbc19d08-b2c4-40f9-8eb0-72e715ba67ef,97e299a9-5aaf-43e8-8cbf-9f0ccc6bfff0,1,2.99,delivered, 2021-06-11 9:12:58, 2021-06-12 9:12:58
cbc19d08-b2c4-40f9-8eb0-72e715ba67ef,ed878d62-0704-400e-8dc8-a867787f044b,2,1.53,shipped, 2021-06-11 9:12:58, 2021-06-12 9:12:58
045132f4-b3c9-4ae8-baec-0ced86f82a31,97e299a9-5aaf-43e8-8cbf-9f0ccc6bfff0,1,2.99,shipped, 2021-06-11 9:12:58, 2021-06-12 9:12:58
045132f4-b3c9-4ae8-baec-0ced86f82a31,ed878d62-0704-400e-8dc8-a867787f044b,2,1.53,shipped, 2021-06-11 9:12:58, 2021-06-12 9:12:58
7e9f282d-e609-4914-b403-a1bfd82826d3,97e299a9-5aaf-43e8-8cbf-9f0ccc6bfff0,1,2.99,shipped, 2021-06-11 9:12:58, 2021-06-12 9:12:58
7e9f282d-e609-4914-b403-a1bfd82826d3,ed878d62-0704-400e-8dc8-a867787f044b,2,1.53,shipped, 2021-06-11 9:12:58, 2021-06-12 9:12:58
5118a032-0bcf-4994-adba-0f63a97ce266,97e299a9-5aaf-43e8-8cbf-9f0ccc6bfff0,1,2.99,shipped, 2021-06-11 9:12:58, 2021-06-12 9:12:58
5118a032-0bcf-4994-adba-0f63a97ce266,ed878d62-0704-400e-8dc8-a867787f044b,2,1.53,shipped, 2021-06-11 9:12:58, 2021-06-12 9:12:58
c20f3743-c7cd-414a-b27b-28f487ca9d48,97e299a9-5aaf-43e8-8cbf-9f0ccc6bfff0,1,2.99,shipped, 2021-06-11 9:12:58, 2021-06-12 9:12:58
c20f3743-c7cd-414a-b27b-28f487ca9d48,ed878d62-0704-400e-8dc8-a867787f044b,2,1.53,delivered, 2021-06-11 9:12:58, 2021-06-12 9:12:58
5434345a-ec2c-4d28-bf9c-7cdd915f3c3a,97e299a9-5aaf-43e8-8cbf-9f0ccc6bfff0,1,2.99,shipped, 2021-06-11 9:12:58, 2021-06-12 9:12:58
5434345a-ec2c-4d28-bf9c-7cdd915f3c3a,ed878d62-0704-400e-8dc8-a867787f044b,2,1.53,shipped, 2021-06-11 9:12:58, 2021-06-12 9:12:58
dc9a6dda-d537-49ea-907d-e04c8d3174ed,97e299a9-5aaf-43e8-8cbf-9f0ccc6bfff0,1,2.99,shipped, 2021-06-11 9:12:58, 2021-06-12 9:12:58
dc9a6dda-d537-49ea-907d-e04c8d3174ed,ed878d62-0704-400e-8dc8-a867787f044b,2,1.53,shipped, 2021-06-11 9:12:58, 2021-06-12 9:12:58
83d3dbe5-4954-4332-a71f-f36fde249937,97e299a9-5aaf-43e8-8cbf-9f0ccc6bfff0,1,2.99,shipped, 2021-06-11 9:12:58, 2021-06-12 9:12:58
83d3dbe5-4954-4332-a71f-f36fde249937,ed878d62-0704-400e-8dc8-a867787f044b,2,1.53,shipped, 2021-06-11 9:12:58, 2021-06-12 9:12:58
3aceee97-5425-4364-bc4d-a9d85a3b41f9,97e299a9-5aaf-43e8-8cbf-9f0ccc6bfff0,1,2.99,shipped, 2021-06-11 9:12:58, 2021-06-12 9:12:58
3aceee97-5425-4364-bc4d-a9d85a3b41f9,ed878d62-0704-400e-8dc8-a867787f044b,2,1.53,shipped, 2021-06-11 9:12:58, 2021-06-12 9:12:58
64fe9818-0645-4b1a-82b7-541153c11adb,97e299a9-5aaf-43e8-8cbf-9f0ccc6bfff0,1,2.99,shipped, 2021-06-11 9:12:58, 2021-06-12 9:12:58
64fe9818-0645-4b1a-82b7-541153c11adb,ed878d62-0704-400e-8dc8-a867787f044b,2,1.53,shipped, 2021-06-11 9:12:58, 2021-06-12 9:12:58
0b341a3f-c67d-4848-9756-1dd63d590d66,97e299a9-5aaf-43e8-8cbf-9f0ccc6bfff0,1,2.99,shipped, 2021-06-11 9:12:58, 2021-06-12 9:12:58
0b341a3f-c67d-4848-9756-1dd63d590d66,ed878d62-0704-400e-8dc8-a867787f044b,2,1.53,shipped, 2021-06-11 9:12:58, 2021-06-12 9:12:58
4124e81f-8433-467c-95a3-ac6817a6b7a2,97e299a9-5aaf-43e8-8cbf-9f0ccc6bfff0,1,2.99,shipped, 2021-06-11 9:12:58, 2021-06-12 9:12:58
4124e81f-8433-467c-95a3-ac6817a6b7a2,ed878d62-0704-400e-8dc8-a867787f044b,2,1.53,shipped, 2021-06-11 9:12:58, 2021-06-12 9:12:58
f24b9057-68f4-4076-a6bb-6c6135f88c57,97e299a9-5aaf-43e8-8cbf-9f0ccc6bfff0,1,2.99,shipped, 2021-06-11 9:12:58, 2021-06-12 9:12:58
f24b9057-68f4-4076-a6bb-6c6135f88c57,ed878d62-0704-400e-8dc8-a867787f044b,2,1.53,shipped, 2021-06-11 9:12:58, 2021-06-12 9:12:58
c6a83be9-38f8-4605-9443-31fa6f98c13c,97e299a9-5aaf-43e8-8cbf-9f0ccc6bfff0,1,2.99,shipped, 2021-06-11 9:12:58, 2021-06-12 9:12:58
c6a83be9-38f8-4605-9443-31fa6f98c13c,ed878d62-0704-400e-8dc8-a867787f044b,2,1.53,shipped, 2021-06-11 9:12:58, 2021-06-12 9:12:58
adbea724-7cf9-4053-a8c6-e0f4990353e3,97e299a9-5aaf-43e8-8cbf-9f0ccc6bfff0,1,2.99,shipped, 2021-06-11 9:12:58, 2021-06-12 9:12:58
adbea724-7cf9-4053-a8c6-e0f4990353e3,ed878d62-0704-400e-8dc8-a867787f044b,2,1.53,shipped, 2021-06-11 9:12:58, 2021-06-12 9:12:58
67aa3fe6-9fe8-405e-8f69-bcc3955c209a,97e299a9-5aaf-43e8-8cbf-9f0ccc6bfff0,1,2.99,shipped, 2021-06-11 9:12:58, 2021-06-12 9:12:58
67aa3fe6-9fe8-405e-8f69-bcc3955c209a,ed878d62-0704-400e-8dc8-a867787f044b,2,1.53,shipped, 2021-06-11 9:12:58, 2021-06-12 9:12:58
99ba9f02-e43f-4e0a-bdef-f6a059757150,97e299a9-5aaf-43e8-8cbf-9f0ccc6bfff0,1,2.99,shipped, 2021-06-11 9:12:58, 2021-06-12 9:12:58
99ba9f02-e43f-4e0a-bdef-f6a059757150,ed878d62-0704-400e-8dc8-a867787f044b,2,1.53,shipped, 2021-06-11 9:12:58, 2021-06-12 9:12:58
d19dce20-5b06-42b0-8f68-58631f151006,97e299a9-5aaf-43e8-8cbf-9f0ccc6bfff0,1,2.99,shipped, 2021-06-11 9:12:58, 2021-06-12 9:12:58
d19dce20-5b06-42b0-8f68-58631f151006,ed878d62-0704-400e-8dc8-a867787f044b,2,1.53,shipped, 2021-06-11 9:12:58, 2021-06-12 9:12:58
a389eba7-7f2d-4e5e-917c-2e9d368ce2f4,97e299a9-5aaf-43e8-8cbf-9f0ccc6bfff0,1,2.99,shipped, 2021-06-11 9:12:58, 2021-06-12 9:12:58
a389eba7-7f2d-4e5e-917c-2e9d368ce2f4,ed878d62-0704-400e-8dc8-a867787f044b,2,1.53,shipped, 2021-06-11 9:12:58, 2021-06-12 9:12:58
0dbbb58e-0587-4ae9-bf10-e66cc089454a,97e299a9-5aaf-43e8-8cbf-9f0ccc6bfff0,1,2.99,shipped, 2021-06-11 9:12:58, 2021-06-12 9:12:58
0dbbb58e-0587-4ae9-bf10-e66cc089454a,ed878d62-0704-400e-8dc8-a867787f044b,2,1.53,shipped, 2021-06-11 9:12:58, 2021-06-12 9:12:58
2d77637d-e7f3-4ad0-92dd-94b78c45bb91,97e299a9-5aaf-43e8-8cbf-9f0ccc6bfff0,1,2.99,shipped, 2021-06-11 9:12:58, 2021-06-12 9:12:58
2d77637d-e7f3-4ad0-92dd-94b78c45bb91,ed878d62-0704-400e-8dc8-a867787f044b,2,1.53,shipped, 2021-06-11 9:12:58, 2021-06-12 9:12:58
ae2d4353-ff40-4ccf-9a97-677b09e19694,97e299a9-5aaf-43e8-8cbf-9f0ccc6bfff0,1,2.99,shipped, 2021-06-11 9:12:58, 2021-06-12 9:12:58
ae2d4353-ff40-4ccf-9a97-677b09e19694,ed878d62-0704-400e-8dc8-a867787f044b,2,1.53,shipped, 2021-06-11 9:12:58, 2021-06-12 9:12:58
2b4d6d2b-a7c3-4ffa-adc9-6647a4487d95,97e299a9-5aaf-43e8-8cbf-9f0ccc6bfff0,1,2.99,shipped, 2021-06-11 9:12:58, 2021-06-12 9:12:58
2b4d6d2b-a7c3-4ffa-adc9-6647a4487d95,ed878d62-0704-400e-8dc8-a867787f044b,2,1.53,shipped, 2021-06-11 9:12:58, 2021-06-12 9:12:58
933bb9df-b087-41ba-9249-24226b027d30,97e299a9-5aaf-43e8-8cbf-9f0ccc6bfff0,1,2.99,shipped, 2021-06-11 9:12:58, 2021-06-12 9:12:58
933bb9df-b087-41ba-9249-24226b027d30,ed878d62-0704-400e-8dc8-a867787f044b,2,1.53,shipped, 2021-06-11 9:12:58, 2021-06-12 9:12:58
5fe2a5e5-860e-43cf-9a0c-5961a47b2f3b,97e299a9-5aaf-43e8-8cbf-9f0ccc6bfff0,1,2.99,shipped, 2021-06-11 9:12:58, 2021-06-12 9:12:58
5fe2a5e5-860e-43cf-9a0c-5961a47b2f3b,ed878d62-0704-400e-8dc8-a867787f044b,2,1.53,shipped, 2021-06-11 9:12:58, 2021-06-12 9:12:58
19aacd35-463d-4580-881e-adf7886ba176,97e299a9-5aaf-43e8-8cbf-9f0ccc6bfff0,1,2.99,shipped, 2021-06-11 9:12:58, 2021-06-12 9:12:58
19aacd35-463d-4580-881e-adf7886ba176,ed878d62-0704-400e-8dc8-a867787f044b,2,1.53,shipped, 2021-06-11 9:12:58, 2021-06-12 9:12:58
fb0c6405-8373-4ca7-8781-cb0c6cf5f5fe,97e299a9-5aaf-43e8-8cbf-9f0ccc6bfff0,1,2.99,shipped, 2021-06-11 9:12:58, 2021-06-12 9:12:58
fb0c6405-8373-4ca7-8781-cb0c6cf5f5fe,ed878d62-0704-400e-8dc8-a867787f044b,2,1.53,shipped, 2021-06-11 9:12:58, 2021-06-12 9:12:58
dc16a6eb-c341-4aaf-bbf0-a7bbe542a428,97e299a9-5aaf-43e8-8cbf-9f0ccc6bfff0,1,2.99,shipped, 2021-06-11 9:12:58, 2021-06-12 9:12:58
dc16a6eb-c341-4aaf-bbf0-a7bbe542a428,ed878d62-0704-400e-8dc8-a867787f044b,2,1.53,shipped, 2021-06-11 9:12:58, 2021-06-12 9:12:58
e55c7b47-ecde-4ed5-b439-10bf732aaf1b,97e299a9-5aaf-43e8-8cbf-9f0ccc6bfff0,1,2.99,shipped, 2021-06-11 9:12:58, 2021-06-12 9:12:58
e55c7b47-ecde-4ed5-b439-10bf732aaf1b,ed878d62-0704-400e-8dc8-a867787f044b,2,1.53,shipped, 2021-06-11 9:12:58, 2021-06-12 9:12:58
a5bcea52-2c2d-44fc-b4ee-a4b304e2c52f,97e299a9-5aaf-43e8-8cbf-9f0ccc6bfff0,1,2.99,shipped, 2021-06-11 9:12:58, 2021-06-12 9:12:58
a5bcea52-2c2d-44fc-b4ee-a4b304e2c52f,ed878d62-0704-400e-8dc8-a867787f044b,2,1.53,shipped, 2021-06-11 9:12:58, 2021-06-12 9:12:58
b4251f6b-f502-471e-95eb-50c7aafdd1d4,97e299a9-5aaf-43e8-8cbf-9f0ccc6bfff0,1,2.99,shipped, 2021-06-11 9:12:58, 2021-06-12 9:12:58
b4251f6b-f502-471e-95eb-50c7aafdd1d4,ed878d62-0704-400e-8dc8-a867787f044b,2,1.53,shipped, 2021-06-11 9:12:58, 2021-06-12 9:12:58
9af5b919-1f97-4ba2-999c-f5d73d92e523,97e299a9-5aaf-43e8-8cbf-9f0ccc6bfff0,1,2.99,shipped, 2021-06-11 9:12:58, 2021-06-12 9:12:58
9af5b919-1f97-4ba2-999c-f5d73d92e523,ed878d62-0704-400e-8dc8-a867787f044b,2,1.53,shipped, 2021-06-11 9:12:58, 2021-06-12 9:12:58
52cfdbc8-12ed-4c31-926f-bfef48250f6f,97e299a9-5aaf-43e8-8cbf-9f0ccc6bfff0,1,2.99,shipped, 2021-06-11 9:12:58, 2021-06-12 9:12:58
52cfdbc8-12ed-4c31-926f-bfef48250f6f,ed878d62-0704-400e-8dc8-a867787f044b,2,1.53,shipped, 2021-06-11 9:12:58, 2021-06-12 9:12:58
fd805884-341e-4f13-8476-b6cd488f0ee4,97e299a9-5aaf-43e8-8cbf-9f0ccc6bfff0,1,2.99,shipped, 2021-06-11 9:12:58, 2021-06-12 9:12:58
fd805884-341e-4f13-8476-b6cd488f0ee4,ed878d62-0704-400e-8dc8-a867787f044b,2,1.53,shipped, 2021-06-11 9:12:58, 2021-06-12 9:12:58
229ea5f3-da03-4f8f-b20c-d0b9ddbdd69a,97e299a9-5aaf-43e8-8cbf-9f0ccc6bfff0,1,2.99,shipped, 2021-06-11 9:12:58, 2021-06-12 9:12:58
229ea5f3-da03-4f8f-b20c-d0b9ddbdd69a,ed878d62-0704-400e-8dc8-a867787f044b,2,1.53,shipped, 2021-06-11 9:12:58, 2021-06-12 9:12:58
7aae6ad4-dab5-42c9-b507-a366728bc5fb,97e299a9-5aaf-43e8-8cbf-9f0ccc6bfff0,1,2.99,shipped, 2021-06-11 9:12:58, 2021-06-12 9:12:58
7aae6ad4-dab5-42c9-b507-a366728bc5fb,ed878d62-0704-400e-8dc8-a867787f044b,2,1.53,shipped, 2021-06-11 9:12:58, 2021-06-12 9:12:58
9aa482b7-49c1-40db-8cf5-8861c55c4e87,97e299a9-5aaf-43e8-8cbf-9f0ccc6bfff0,1,2.99,shipped, 2021-06-11 9:12:58, 2021-06-12 9:12:58
9aa482b7-49c1-40db-8cf5-8861c55c4e87,ed878d62-0704-400e-8dc8-a867787f044b,2,1.53,shipped, 2021-06-11 9:12:58, 2021-06-12 9:12:58
e48e66d7-5fd0-4785-8789-880388894b5b,97e299a9-5aaf-43e8-8cbf-9f0ccc6bfff0,1,2.99,shipped, 2021-06-11 9:12:58, 2021-06-12 9:12:58
e48e66d7-5fd0-4785-8789-880388894b5b,ed878d62-0704-400e-8dc8-a867787f044b,2,1.53,shipped, 2021-06-11 9:12:58, 2021-06-12 9:12:58
77a7c8cf-928b-4ac6-9bd6-fff49bc54ad1,97e299a9-5aaf-43e8-8cbf-9f0ccc6bfff0,1,2.99,shipped, 2021-06-11 9:12:58, 2021-06-12 9:12:58
77a7c8cf-928b-4ac6-9bd6-fff49bc54ad1,ed878d62-0704-400e-8dc8-a867787f044b,2,1.53,shipped, 2021-06-11 9:12:58, 2021-06-12 9:12:58
0076e5a3-a6a2-4c5c-9e89-31942ec35ce5,97e299a9-5aaf-43e8-8cbf-9f0ccc6bfff0,1,2.99,shipped, 2021-06-11 9:12:58, 2021-06-12 9:12:58
0076e5a3-a6a2-4c5c-9e89-31942ec35ce5,ed878d62-0704-400e-8dc8-a867787f044b,2,1.53,shipped, 2021-06-11 9:12:58, 2021-06-12 9:12:58
8b812ecf-a580-48ec-b3c0-08c0d9bddb21,97e299a9-5aaf-43e8-8cbf-9f0ccc6bfff0,1,2.99,shipped, 2021-06-11 9:12:58, 2021-06-12 9:12:58
8b812ecf-a580-48ec-b3c0-08c0d9bddb21,ed878d62-0704-400e-8dc8-a867787f044b,2,1.53,shipped, 2021-06-11 9:12:58, 2021-06-12 9:12:58
fd1e990d-0de0-461d-a943-1f9cc3a50881,97e299a9-5aaf-43e8-8cbf-9f0ccc6bfff0,1,2.99,shipped, 2021-06-11 9:12:58, 2021-06-12 9:12:58
fd1e990d-0de0-461d-a943-1f9cc3a50881,ed878d62-0704-400e-8dc8-a867787f044b,2,1.53,shipped, 2021-06-11 9:12:58, 2021-06-12 9:12:58
facc9bbd-f634-4d22-9223-161c92f393c3,97e299a9-5aaf-43e8-8cbf-9f0ccc6bfff0,1,2.99,shipped, 2021-06-11 9:12:58, 2021-06-12 9:12:58
facc9bbd-f634-4d22-9223-161c92f393c3,ed878d62-0704-400e-8dc8-a867787f044b,2,1.53,shipped, 2021-06-11 9:12:58, 2021-06-12 9:12:58
482f95f7-ad12-44d8-8372-f86842d8c70d,97e299a9-5aaf-43e8-8cbf-9f0ccc6bfff0,1,2.99,shipped, 2021-06-11 9:12:58, 2021-06-12 9:12:58
482f95f7-ad12-44d8-8372-f86842d8c70d,ed878d62-0704-400e-8dc8-a867787f044b,2,1.53,shipped, 2021-06-11 9:12:58, 2021-06-12 9:12:58
70fa3cd5-eda4-4c2f-8dd4-3a0e44765704,97e299a9-5aaf-43e8-8cbf-9f0ccc6bfff0,1,2.99,shipped, 2021-06-11 9:12:58, 2021-06-12 9:12:58
70fa3cd5-eda4-4c2f-8dd4-3a0e44765704,ed878d62-0704-400e-8dc8-a867787f044b,2,1.53,shipped, 2021-06-11 9:12:58, 2021-06-12 9:12:58
9ecebf9f-3a2f-483e-b74e-6eaac61dcf7b,97e299a9-5aaf-43e8-8cbf-9f0ccc6bfff0,1,2.99,shipped, 2021-06-11 9:12:58, 2021-06-12 9:12:58
9ecebf9f-3a2f-483e-b74e-6eaac61dcf7b,ed878d62-0704-400e-8dc8-a867787f044b,2,1.53,shipped, 2021-06-11 9:12:58, 2021-06-12 9:12:58
232304d3-9920-449e-9426-4e4d29580539,97e299a9-5aaf-43e8-8cbf-9f0ccc6bfff0,1,2.99,shipped, 2021-06-11 9:12:58, 2021-06-12 9:12:58
232304d3-9920-449e-9426-4e4d29580539,ed878d62-0704-400e-8dc8-a867787f044b,2,1.53,shipped, 2021-06-11 9:12:58, 2021-06-12 9:12:58
b7729363-9c2b-44a2-ad17-e5902a22dd5a,97e299a9-5aaf-43e8-8cbf-9f0ccc6bfff0,1,2.99,shipped, 2021-06-11 9:12:58, 2021-06-12 9:12:58
b7729363-9c2b-44a2-ad17-e5902a22dd5a,ed878d62-0704-400e-8dc8-a867787f044b,2,1.53,shipped, 2021-06-11 9:12:58, 2021-06-12 9:12:58
fc3128aa-6f26-44fd-989d-d764806e92e9,97e299a9-5aaf-43e8-8cbf-9f0ccc6bfff0,1,2.99,shipped, 2021-06-11 9:12:58, 2021-06-12 9:12:58
fc3128aa-6f26-44fd-989d-d764806e92e9,ed878d62-0704-400e-8dc8-a867787f044b,2,1.53,shipped, 2021-06-11 9:12:58, 2021-06-12 9:12:58
5dcd0fff-a18b-40e0-b3d1-ee19517baa89,97e299a9-5aaf-43e8-8cbf-9f0ccc6bfff0,1,2.99,shipped, 2021-06-11 9:12:58, 2021-06-12 9:12:58
5dcd0fff-a18b-40e0-b3d1-ee19517baa89,ed878d62-0704-400e-8dc8-a867787f044b,2,1.53,shipped, 2021-06-11 9:12:58, 2021-06-12 9:12:58
3c03b336-b261-4e90-8d6d-f24816e24fb5,97e299a9-5aaf-43e8-8cbf-9f0ccc6bfff0,1,2.99,shipped, 2021-06-11 9:12:58, 2021-06-12 9:12:58
3c03b336-b261-4e90-8d6d-f24816e24fb5,ed878d62-0704-400e-8dc8-a867787f044b,2,1.53,shipped, 2021-06-11 9:12:58, 2021-06-12 9:12:58
8444ae36-bacf-482d-9089-6d8685fd2f1b,97e299a9-5aaf-43e8-8cbf-9f0ccc6bfff0,1,2.99,shipped, 2021-06-11 9:12:58, 2021-06-12 9:12:58
8444ae36-bacf-482d-9089-6d8685fd2f1b,ed878d62-0704-400e-8dc8-a867787f044b,2,1.53,shipped, 2021-06-11 9:12:58, 2021-06-12 9:12:58
81f45aa7-fb9a-4ffd-ab64-d4c2324ac840,97e299a9-5aaf-43e8-8cbf-9f0ccc6bfff0,1,2.99,shipped, 2021-06-11 9:12:58, 2021-06-12 9:12:58
81f45aa7-fb9a-4ffd-ab64-d4c2324ac840,ed878d62-0704-400e-8dc8-a867787f044b,2,1.53,shipped, 2021-06-11 9:12:58, 2021-06-12 9:12:58
b7807afc-22ae-4e95-90b9-10d30104e185,97e299a9-5aaf-43e8-8cbf-9f0ccc6bfff0,1,2.99,shipped, 2021-06-11 9:12:58, 2021-06-12 9:12:58
b7807afc-22ae-4e95-90b9-10d30104e185,ed878d62-0704-400e-8dc8-a867787f044b,2,1.53,shipped, 2021-06-11 9:12:58, 2021-06-12 9:12:58
9dd24c92-6310-451c-bd5f-4520595b9921,97e299a9-5aaf-43e8-8cbf-9f0ccc6bfff0,1,2.99,shipped, 2021-06-11 9:12:58, 2021-06-12 9:12:58
9dd24c92-6310-451c-bd5f-4520595b9921,ed878d62-0704-400e-8dc8-a867787f044b,2,1.53,shipped, 2021-06-11 9:12:58, 2021-06-12 9:12:58
3d961699-9d27-47cf-b5a4-fee8e03e6383,97e299a9-5aaf-43e8-8cbf-9f0ccc6bfff0,1,2.99,shipped, 2021-06-11 9:12:58, 2021-06-12 9:12:58
3d961699-9d27-47cf-b5a4-fee8e03e6383,ed878d62-0704-400e-8dc8-a867787f044b,2,1.53,shipped, 2021-06-11 9:12:58, 2021-06-12 9:12:58
032c23ea-11a6-45b5-9bb4-bed9bbc9364d,97e299a9-5aaf-43e8-8cbf-9f0ccc6bfff0,1,2.99,shipped, 2021-06-11 9:12:58, 2021-06-12 9:12:58
032c23ea-11a6-45b5-9bb4-bed9bbc9364d,ed878d62-0704-400e-8dc8-a867787f044b,2,1.53,shipped, 2021-06-11 9:12:58, 2021-06-12 9:12:58
e1c8c0fc-0b5b-498c-9553-ff8d03660db7,97e299a9-5aaf-43e8-8cbf-9f0ccc6bfff0,1,2.99,shipped, 2021-06-11 9:12:58, 2021-06-12 9:12:58
e1c8c0fc-0b5b-498c-9553-ff8d03660db7,ed878d62-0704-400e-8dc8-a867787f044b,2,1.53,shipped, 2021-06-11 9:12:58, 2021-06-12 9:12:58
85613654-b9f6-4d17-b279-a1709f19a675,97e299a9-5aaf-43e8-8cbf-9f0ccc6bfff0,1,2.99,shipped, 2021-06-11 9:12:58, 2021-06-12 9:12:58
85613654-b9f6-4d17-b279-a1709f19a675,ed878d62-0704-400e-8dc8-a867787f044b,2,1.53,shipped, 2021-06-11 9:12:58, 2021-06-12 9:12:58
84465d60-89f8-4118-9d2c-3bfa49003132,97e299a9-5aaf-43e8-8cbf-9f0ccc6bfff0,1,2.99,shipped, 2021-06-11 9:12:58, 2021-06-12 9:12:58
84465d60-89f8-4118-9d2c-3bfa49003132,ed878d62-0704-400e-8dc8-a867787f044b,2,1.53,shipped, 2021-06-11 9:12:58, 2021-06-12 9:12:58
ef5f153e-d432-43a2-82b5-8ef600f1e51b,97e299a9-5aaf-43e8-8cbf-9f0ccc6bfff0,1,2.99,shipped, 2021-06-11 9:12:58, 2021-06-12 9:12:58
ef5f153e-d432-43a2-82b5-8ef600f1e51b,ed878d62-0704-400e-8dc8-a867787f044b,2,1.53,shipped, 2021-06-11 9:12:58, 2021-06-12 9:12:58
5399f57e-3671-405e-a4c1-2489eb03cba4,97e299a9-5aaf-43e8-8cbf-9f0ccc6bfff0,1,2.99,shipped, 2021-06-11 9:12:58, 2021-06-12 9:12:58
5399f57e-3671-405e-a4c1-2489eb03cba4,ed878d62-0704-400e-8dc8-a867787f044b,2,1.53,shipped, 2021-06-11 9:12:58, 2021-06-12 9:12:58
eafc0060-1964-4cb1-ab59-48a7cfc8974e,97e299a9-5aaf-43e8-8cbf-9f0ccc6bfff0,1,2.99,shipped, 2021-06-11 9:12:58, 2021-06-12 9:12:58
eafc0060-1964-4cb1-ab59-48a7cfc8974e,ed878d62-0704-400e-8dc8-a867787f044b,2,1.53,shipped, 2021-06-11 9:12:58, 2021-06-12 9:12:58
b2d20700-0293-493f-bce8-d21d647fe891,97e299a9-5aaf-43e8-8cbf-9f0ccc6bfff0,1,2.99,shipped, 2021-06-11 9:12:58, 2021-06-12 9:12:58
b2d20700-0293-493f-bce8-d21d647fe891,ed878d62-0704-400e-8dc8-a867787f044b,2,1.53,shipped, 2021-06-11 9:12:58, 2021-06-12 9:12:58
f9c66fe2-d6a0-4f48-8ecd-a7e41dfb2258,97e299a9-5aaf-43e8-8cbf-9f0ccc6bfff0,1,2.99,shipped, 2021-06-11 9:12:58, 2021-06-12 9:12:58
f9c66fe2-d6a0-4f48-8ecd-a7e41dfb2258,ed878d62-0704-400e-8dc8-a867787f044b,2,1.53,shipped, 2021-06-11 9:12:58, 2021-06-12 9:12:58
d8bcd73e-7ab5-438f-bcf1-1ff15cf54e6a,97e299a9-5aaf-43e8-8cbf-9f0ccc6bfff0,1,2.99,shipped, 2021-06-11 9:12:58, 2021-06-12 9:12:58
d8bcd73e-7ab5-438f-bcf1-1ff15cf54e6a,ed878d62-0704-400e-8dc8-a867787f044b,2,1.53,shipped, 2021-06-11 9:12:58, 2021-06-12 9:12:58
f33ee524-3b3b-4552-b532-f68ee982f62c,97e299a9-5aaf-43e8-8cbf-9f0ccc6bfff0,1,2.99,shipped, 2021-06-11 9:12:58, 2021-06-12 9:12:58
f33ee524-3b3b-4552-b532-f68ee982f62c,ed878d62-0704-400e-8dc8-a867787f044b,2,1.53,shipped, 2021-06-11 9:12:58, 2021-06-12 9:12:58
f2ad4047-4127-4ece-91c6-3b0ae9cdda3e,97e299a9-5aaf-43e8-8cbf-9f0ccc6bfff0,1,2.99,shipped, 2021-06-11 9:12:58, 2021-06-12 9:12:58
f2ad4047-4127-4ece-91c6-3b0ae9cdda3e,ed878d62-0704-400e-8dc8-a867787f044b,2,1.53,shipped, 2021-06-11 9:12:58, 2021-06-12 9:12:58
00f6aa96-3697-4a77-bcc5-aaeac2a4d173,97e299a9-5aaf-43e8-8cbf-9f0ccc6bfff0,1,2.99,shipped, 2021-06-11 9:12:58, 2021-06-12 9:12:58
00f6aa96-3697-4a77-bcc5-aaeac2a4d173,ed878d62-0704-400e-8dc8-a867787f044b,2,1.53,shipped, 2021-06-11 9:12:58, 2021-06-12 9:12:58
b9dbbb06-9b5d-4580-a367-f5ad144a6a86,97e299a9-5aaf-43e8-8cbf-9f0ccc6bfff0,1,2.99,shipped, 2021-06-11 9:12:58, 2021-06-12 9:12:58
b9dbbb06-9b5d-4580-a367-f5ad144a6a86,ed878d62-0704-400e-8dc8-a867787f044b,2,1.53,shipped, 2021-06-11 9:12:58, 2021-06-12 9:12:58
19c146ab-66b4-46b6-bb34-9e4c288f6e28,97e299a9-5aaf-43e8-8cbf-9f0ccc6bfff0,1,2.99,shipped, 2021-06-11 9:12:58, 2021-06-12 9:12:58
19c146ab-66b4-46b6-bb34-9e4c288f6e28,ed878d62-0704-400e-8dc8-a867787f044b,2,1.53,shipped, 2021-06-11 9:12:58, 2021-06-12 9:12:58
edad1089-1a59-43cf-aa42-09d061a418e1,97e299a9-5aaf-43e8-8cbf-9f0ccc6bfff0,1,2.99,shipped, 2021-06-11 9:12:58, 2021-06-12 9:12:58
edad1089-1a59-43cf-aa42-09d061a418e1,ed878d62-0704-400e-8dc8-a867787f044b,2,1.53,shipped, 2021-06-11 9:12:58, 2021-06-12 9:12:58
c68ae042-ec66-4bf9-9b38-cdc079d39d8f,97e299a9-5aaf-43e8-8cbf-9f0ccc6bfff0,1,2.99,shipped, 2021-06-11 9:12:58, 2021-06-12 9:12:58
c68ae042-ec66-4bf9-9b38-cdc079d39d8f,ed878d62-0704-400e-8dc8-a867787f044b,2,1.53,shipped, 2021-06-11 9:12:58, 2021-06-12 9:12:58
0313b40c-ac3c-4282-82fa-c28bb78c0100,97e299a9-5aaf-43e8-8cbf-9f0ccc6bfff0,1,2.99,shipped, 2021-06-11 9:12:58, 2021-06-12 9:12:58
0313b40c-ac3c-4282-82fa-c28bb78c0100,ed878d62-0704-400e-8dc8-a867787f044b,2,1.53,shipped, 2021-06-11 9:12:58, 2021-06-12 9:12:58
9de21a5e-6d85-4466-b167-f90259591f0b,97e299a9-5aaf-43e8-8cbf-9f0ccc6bfff0,1,2.99,shipped, 2021-06-11 9:12:58, 2021-06-12 9:12:58
9de21a5e-6d85-4466-b167-f90259591f0b,ed878d62-0704-400e-8dc8-a867787f044b,2,1.53,shipped, 2021-06-11 9:12:58, 2021-06-12 9:12:58
6ebb5bf8-e0e6-4a5d-afae-923f2a7195b1,97e299a9-5aaf-43e8-8cbf-9f0ccc6bfff0,1,2.99,shipped, 2021-06-11 9:12:58, 2021-06-12 9:12:58
6ebb5bf8-e0e6-4a5d-afae-923f2a7195b1,ed878d62-0704-400e-8dc8-a867787f044b,2,1.53,shipped, 2021-06-11 9:12:58, 2021-06-12 9:12:58
9f6f49ac-4ee5-4e8f-954d-c6120b1a6eda,97e299a9-5aaf-43e8-8cbf-9f0ccc6bfff0,1,2.99,shipped, 2021-06-11 9:12:58, 2021-06-12 9:12:58
9f6f49ac-4ee5-4e8f-954d-c6120b1a6eda,ed878d62-0704-400e-8dc8-a867787f044b,2,1.53,shipped, 2021-06-11 9:12:58, 2021-06-12 9:12:58
7076feab-4f49-411d-a2f1-2ee9782423d5,97e299a9-5aaf-43e8-8cbf-9f0ccc6bfff0,1,2.99,shipped, 2021-06-11 9:12:58, 2021-06-12 9:12:58
7076feab-4f49-411d-a2f1-2ee9782423d5,ed878d62-0704-400e-8dc8-a867787f044b,2,1.53,shipped, 2021-06-11 9:12:58, 2021-06-12 9:12:58
b87eb6cd-81d3-4941-b785-90a0486fea42,97e299a9-5aaf-43e8-8cbf-9f0ccc6bfff0,1,2.99,shipped, 2021-06-11 9:12:58, 2021-06-12 9:12:58
b87eb6cd-81d3-4941-b785-90a0486fea42,ed878d62-0704-400e-8dc8-a867787f044b,2,1.53,shipped, 2021-06-11 9:12:58, 2021-06-12 9:12:58
1572bd67-e107-4026-9af1-f0ab6f1780e8,97e299a9-5aaf-43e8-8cbf-9f0ccc6bfff0,1,2.99,shipped, 2021-06-11 9:12:58, 2021-06-12 9:12:58
1572bd67-e107-4026-9af1-f0ab6f1780e8,ed878d62-0704-400e-8dc8-a867787f044b,2,1.53,shipped, 2021-06-11 9:12:58, 2021-06-12 9:12:58
9bb71775-a5ef-4a9b-963a-9a861bd7bef9,97e299a9-5aaf-43e8-8cbf-9f0ccc6bfff0,1,2.99,shipped, 2021-06-11 9:12:58, 2021-06-12 9:12:58
9bb71775-a5ef-4a9b-963a-9a861bd7bef9,ed878d62-0704-400e-8dc8-a867787f044b,2,1.53,shipped, 2021-06-11 9:12:58, 2021-06-12 9:12:58
a3a5ada8-c380-4998-a4c2-e7ccd522a0b1,97e299a9-5aaf-43e8-8cbf-9f0ccc6bfff0,1,2.99,shipped, 2021-06-11 9:12:58, 2021-06-12 9:12:58
a3a5ada8-c380-4998-a4c2-e7ccd522a0b1,ed878d62-0704-400e-8dc8-a867787f044b,2,1.53,shipped, 2021-06-11 9:12:58, 2021-06-12 9:12:58
ea1c6694-3414-4f1e-9029-56396b555850,97e299a9-5aaf-43e8-8cbf-9f0ccc6bfff0,1,2.99,shipped, 2021-06-11 9:12:58, 2021-06-12 9:12:58
ea1c6694-3414-4f1e-9029-56396b555850,ed878d62-0704-400e-8dc8-a867787f044b,2,1.53,shipped, 2021-06-11 9:12:58, 2021-06-12 9:12:58
af03a902-88ba-4182-b1b7-73bca96d877e,97e299a9-5aaf-43e8-8cbf-9f0ccc6bfff0,1,2.99,shipped, 2021-06-11 9:12:58, 2021-06-12 9:12:58
af03a902-88ba-4182-b1b7-73bca96d877e,ed878d62-0704-400e-8dc8-a867787f044b,2,1.53,shipped, 2021-06-11 9:12:58, 2021-06-12 9:12:58
9a363be0-8990-4cd3-8dd2-2e733dc76f80,97e299a9-5aaf-43e8-8cbf-9f0ccc6bfff0,1,2.99,shipped, 2021-06-11 9:12:58, 2021-06-12 9:12:58
9a363be0-8990-4cd3-8dd2-2e733dc76f80,ed878d62-0704-400e-8dc8-a867787f044b,2,1.53,shipped, 2021-06-11 9:12:58, 2021-06-12 9:12:58
4cf5b6a0-867b-43f8-8b27-45a3105868dd,97e299a9-5aaf-43e8-8cbf-9f0ccc6bfff0,1,2.99,shipped, 2021-06-11 9:12:58, 2021-06-12 9:12:58
4cf5b6a0-867b-43f8-8b27-45a3105868dd,ed878d62-0704-400e-8dc8-a867787f044b,2,1.53,shipped, 2021-06-11 9:12:58, 2021-06-12 9:12:58
98586468-a3cd-472e-b2ee-666de433991d,97e299a9-5aaf-43e8-8cbf-9f0ccc6bfff0,1,2.99,shipped, 2021-06-11 9:12:58, 2021-06-12 9:12:58
98586468-a3cd-472e-b2ee-666de433991d,ed878d62-0704-400e-8dc8-a867787f044b,2,1.53,shipped, 2021-06-11 9:12:58, 2021-06-12 9:12:58
4ba17f7b-0dae-4b51-bbdb-644a115ac194,97e299a9-5aaf-43e8-8cbf-9f0ccc6bfff0,1,2.99,shipped, 2021-06-11 9:12:58, 2021-06-12 9:12:58
4ba17f7b-0dae-4b51-bbdb-644a115ac194,ed878d62-0704-400e-8dc8-a867787f044b,2,1.53,shipped, 2021-06-11 9:12:58, 2021-06-12 9:12:58
9fff563d-e936-4468-98c0-922a6af2b87e,97e299a9-5aaf-43e8-8cbf-9f0ccc6bfff0,1,2.99,shipped, 2021-06-11 9:12:58, 2021-06-12 9:12:58
9fff563d-e936-4468-98c0-922a6af2b87e,ed878d62-0704-400e-8dc8-a867787f044b,2,1.53,shipped, 2021-06-11 9:12:58, 2021-06-12 9:12:58
d08c0f5b-977e-4e0d-9297-dc0a3f2d7d6d,97e299a9-5aaf-43e8-8cbf-9f0ccc6bfff0,1,2.99,shipped, 2021-06-11 9:12:58, 2021-06-12 9:12:58
d08c0f5b-977e-4e0d-9297-dc0a3f2d7d6d,ed878d62-0704-400e-8dc8-a867787f044b,2,1.53,shipped, 2021-06-11 9:12:58, 2021-06-12 9:12:58
e3e80e13-5cbf-4b6d-9c0e-6ec4b121bc6d,97e299a9-5aaf-43e8-8cbf-9f0ccc6bfff0,1,2.99,shipped, 2021-06-11 9:12:58, 2021-06-12 9:12:58
e3e80e13-5cbf-4b6d-9c0e-6ec4b121bc6d,ed878d62-0704-400e-8dc8-a867787f044b,2,1.53,shipped, 2021-06-11 9:12:58, 2021-06-12 9:12:58
8f161a5e-ac8c-46fa-8bef-2b8231645b83,97e299a9-5aaf-43e8-8cbf-9f0ccc6bfff0,1,2.99,shipped, 2021-06-11 9:12:58, 2021-06-12 9:12:58
8f161a5e-ac8c-46fa-8bef-2b8231645b83,ed878d62-0704-400e-8dc8-a867787f044b,2,1.53,shipped, 2021-06-11 9:12:58, 2021-06-12 9:12:58
c1d94993-9558-487d-b8f7-6c17458b75e2,97e299a9-5aaf-43e8-8cbf-9f0ccc6bfff0,1,2.99,shipped, 2021-06-11 9:12:58, 2021-06-12 9:12:58
c1d94993-9558-487d-b8f7-6c17458b75e2,ed878d62-0704-400e-8dc8-a867787f044b,2,1.53,shipped, 2021-06-11 9:12:58, 2021-06-12 9:12:58
e6ace1e1-9cfb-48e9-855f-0a0d3b15fa51,97e299a9-5aaf-43e8-8cbf-9f0ccc6bfff0,1,2.99,shipped, 2021-06-11 9:12:58, 2021-06-12 9:12:58
e6ace1e1-9cfb-48e9-855f-0a0d3b15fa51,ed878d62-0704-400e-8dc8-a867787f044b,2,1.53,shipped, 2021-06-11 9:12:58, 2021-06-12 9:12:58
c12d8554-6a40-4ab2-828a-d9cab33202ce,97e299a9-5aaf-43e8-8cbf-9f0ccc6bfff0,1,2.99,shipped, 2021-06-11 9:12:58, 2021-06-12 9:12:58
c12d8554-6a40-4ab2-828a-d9cab33202ce,ed878d62-0704-400e-8dc8-a867787f044b,2,1.53,shipped, 2021-06-11 9:12:58, 2021-06-12 9:12:58
e4a70c1a-f547-402f-b582-c87088eecae3,97e299a9-5aaf-43e8-8cbf-9f0ccc6bfff0,1,2.99,shipped, 2021-06-11 9:12:58, 2021-06-12 9:12:58
e4a70c1a-f547-402f-b582-c87088eecae3,ed878d62-0704-400e-8dc8-a867787f044b,2,1.53,shipped, 2021-06-11 9:12:58, 2021-06-12 9:12:58
ad3e68f1-8079-4e30-99da-876d596b41c7,97e299a9-5aaf-43e8-8cbf-9f0ccc6bfff0,1,2.99,shipped, 2021-06-11 9:12:58, 2021-06-12 9:12:58
ad3e68f1-8079-4e30-99da-876d596b41c7,ed878d62-0704-400e-8dc8-a867787f044b,2,1.53,shipped, 2021-06-11 9:12:58, 2021-06-12 9:12:58
42bc7356-5c8c-4e56-8d68-5d815f1e01f1,97e299a9-5aaf-43e8-8cbf-9f0ccc6bfff0,1,2.99,shipped, 2021-06-11 9:12:58, 2021-06-12 9:12:58
42bc7356-5c8c-4e56-8d68-5d815f1e01f1,ed878d62-0704-400e-8dc8-a867787f044b,2,1.53,shipped, 2021-06-11 9:12:58, 2021-06-12 9:12:58
2c329d12-cb2e-48b3-a6d8-3bec4d996079,97e299a9-5aaf-43e8-8cbf-9f0ccc6bfff0,1,2.99,shipped, 2021-06-11 9:12:58, 2021-06-12 9:12:58
2c329d12-cb2e-48b3-a6d8-3bec4d996079,ed878d62-0704-400e-8dc8-a867787f044b,2,1.53,shipped, 2021-06-11 9:12:58, 2021-06-12 9:12:58
