"1","1e9a246a-0a57-45fc-b36d-0da5df45d77c"
"2","976d31b8-0b99-4ba3-bf5e-543d49324196"
"3","c64c1835-a6a0-4a12-87f6-5b7b10626928"
"4","4d2387a4-11bf-4221-9bd7-c4c8c4f40094"
"5","1ad631ca-7902-4473-b268-21b649bd683f"
"18","bf40d4dd-b7d9-48e5-8d21-98e5fb3ccafb"
"20","e0f6b5b8-d18e-4e48-a576-da4ef6e61f1b"
"22","1ad3a31c-4919-432c-ba27-5c47df4dbdb7"
"24","dd18b858-851f-47e8-ae4f-564d64829386"
"25","78ac011b-1fba-40cd-b1bf-78165c997c4e"
"26","ad31192f-41bb-4717-a7b1-fd7b09b71e6f"
"27","5cf8f00a-e9d9-4fa8-bed1-6d5c96114c59"
"28","9973073a-1847-43cf-a95a-1fe71978e1a8"
"29","9da55da1-0b75-4f91-8565-956929d8a1d6"
"31","ce1febd1-af61-4cbd-ad7c-82b2c2808386"
"32","914d66c7-aa00-41cb-bda0-db591a7af689"
"33","2bcdb0f1-60d0-4713-9ad7-d40b1b1eb530"
"34","b24b110b-d0af-4741-b786-0259fde9a19d"
"35","ef66ba4c-22c0-4b6f-9744-a71e2159eddd"
"37","77ad1f0e-4b7a-4867-955e-4d171a0ca20f"
"38","0c0b9fcc-eee9-40c9-81e8-7bedb598e55e"
"39","c9c3fcde-66c9-4253-9f96-e9c954d61fe9"
"40","2787e02a-9789-489e-9056-a948e3566f21"
"42","c78d74b8-a291-4995-9f13-3e6897d08757"
"43","1b0b5cd7-e517-4238-84f6-ad827e04febc"
"45","096b587e-d619-4cf5-be85-17d4163bd104"
"49","0dd9ea6b-d3f8-42bc-ae21-2256281e7079"
"54","c3be2f72-f3dd-4c6a-b1f7-f42fb0c689a2"
"55","7c3dd5d2-3075-4384-88e2-22baf0cc55e2"
"58","63e51fd0-bf68-4c9b-831b-52062aa56b43"
"59","84eabcd7-7f8f-449a-9ef9-602f277676d6"
"60","6fa4abdb-6676-409d-a269-0f649bd636ad"
"61","1933c6d6-20f2-4ebc-8d03-67c83bbba5cb"
"67","2527c313-ac99-4b3f-83f4-9aea9288bdf5"
"68","77d932d6-936b-4fda-9e2d-2c305188085b"
"69","86bf440f-b3d9-4b00-895f-6cc0b042e28b"
"70","053b993f-96d1-4fb7-a78c-915af9a84ebb"
"71","964cffd4-8711-45a0-ac7a-38e26323ddca"
"72","e710c736-151d-4739-9d76-b01f3cfffb61"
"73","d2f7f26e-a4ed-4940-a843-9ef1f69f2bf4"
"75","e0b58a56-65c2-4eec-a48b-2dd214ce3495"
"76","5cf8f00a-e9d9-4fa8-bed1-6d5c96114c59"
"78","4280c419-e981-422b-8d48-1ad5795c2ebf"
"81","5475f206-e399-4197-9f5f-6806c93c28d8"
"82","5318be23-fe8a-47ff-93af-e56b968f6c93"
"83","68d15b78-46d0-449b-b3e7-72933a1905aa"
"88","a3c1a2b3-39ab-439a-91b6-b6c826956903"
"93","23b759cc-8ebf-47a0-9abc-addd32a1b4cb"
"94","f16405a2-22c2-4192-8f79-3859d3b7631c"
"97","ad6462e7-cdce-4be1-8c03-6797b96aed5d"
"99","65838d34-3f24-40ee-903c-27769ca3bb16"
"100","2527c313-ac99-4b3f-83f4-9aea9288bdf5"
"101","2e27c3a3-ea6d-4b13-b99e-c2d9d741ffbb"
"103","39829ad8-3776-4ac6-8f2b-59b5ddab7657"
"105","834471ef-c482-4823-9b5a-31fe5b893774"
"108","b8237b29-f368-4207-803f-4b54322fde33"
"111","3ede9a9c-1034-43ec-9bf4-1df07a1b0b29"
"112","7e23551f-14c8-4c97-8e32-3692f6311ed8"
"113","1d7ee259-cfcf-432d-9da7-7821ebba4c3b"
"115","52a7ac58-c925-444a-ab03-03c570168572"
"117","f33d5842-c789-4242-97ea-16a7f1292640"
"119","56ce9c25-1e81-4c62-a867-7053968a37b4"
"120","f440049d-ea31-4e97-9024-6ba364dfdb9a"
"122","a5edc59b-1c1c-4dfc-8e9e-4b44fe49ddc0"
"124","347bb2fe-9a95-4155-8d60-7e8ae1e8af1d"
"126","51ab0eeb-afc9-43a5-b24a-e537b1c1efc5"
"128","b287b677-94f8-4206-9324-1a3565eb7eb2"
"129","8afea4dc-7193-4988-a397-73560891ee74"
"130","43408a1f-4d28-4221-8bd2-070ad28f737a"
"133","5cf8f00a-e9d9-4fa8-bed1-6d5c96114c59"
"134","ded8cfa9-dee8-4bcb-aca8-633d5955b04e"
"137","7041f2a6-b6a8-4e29-b6a7-cb4f5cb4d3a2"
"145","1111a9a0-5b9f-49ae-b25d-ba06775b96c5"
"149","4280c419-e981-422b-8d48-1ad5795c2ebf"
"150","49715668-2e61-4bc3-9460-a509a22bc323"
"152","abd45780-6ed2-46b6-894b-038eecb0b1e8"
"153","cd13d1e1-e83f-4c69-803c-97025f2686fb"
"154","de8fea11-b8c4-4ada-815d-96d9ca370fe6"
"158","7f22e90e-1de4-4750-9957-9bb001a78ea0"
"161","5a26f45c-16c4-4d4d-bd8b-ba8683641928"
"162","3f186ceb-bf14-4ec8-8a01-609eaa682101"
"165","4212c027-df52-45c3-8860-63913d72dda5"
"171","bfa9f030-5dce-46fb-93fc-87fa4ec56384"
"172","dcf4ae0e-3e64-4ccb-9b31-2895781f8763"
"174","ebb3dc4b-3fea-4680-8402-0d7ad2ef189c"
"175","48b07dca-1783-42d5-a102-024a92b91b0c"
"176","647a0dc3-31ca-40eb-ae04-0e5243dda9ee"
"179","78ac011b-1fba-40cd-b1bf-78165c997c4e"
"180","5ad73d5e-cfee-4b6b-a7e7-5cd0ace7d78f"
"182","fae6267c-d52c-41c2-9492-ca632ca9a9e6"
"184","151cda27-d22d-4d2a-a1af-bb8a50e000f9"
"186","1c303396-c06b-4fcf-9fe7-307a8d5ee7bb"
"187","d556b003-beef-4f71-a4d3-9dafbe42e715"
"189","0fc73acf-210a-4eb5-84d8-43199ab7de68"
"192","63c12015-32a2-4682-8397-19cabe176e5d"
"193","943fd6ac-9926-44c6-bc4d-e94509db4ef3"
"197","0296dbd2-5c99-461c-a344-5bb74b08a5a0"
"199","ade2e7eb-76f0-4213-860f-9a8383a0ad9b"
"200","3c30810b-0a40-4dbb-a659-09c58f7f1f60"
"201","afdb423c-dca5-4728-8e3a-130be5f4f96e"
"205","81e23876-c5ad-407c-ba50-80c1b1ca4545"
"206","dbb00129-86eb-47b7-a4a4-a861c1eb79e7"
"208","7c3dd5d2-3075-4384-88e2-22baf0cc55e2"
"209","cf5198cb-020f-44a0-9680-fdf35cd34569"
"210","00162f87-24e6-48fb-b119-f7a58ee09345"
"211","8acee047-7061-42bf-8e79-1af5892f0127"
"214","d1b72517-d7a6-499e-8996-b76362aba7ee"
"215","e2e646dd-65bb-4d36-9972-931829ee9f9a"
"217","e0b58a56-65c2-4eec-a48b-2dd214ce3495"
"218","a866dbd5-1550-44ef-8c60-67131d7158aa"
"219","d68d9a9c-411e-4b2d-bf16-2858449b203d"
"222","77bab9f3-66b6-4971-83f9-765396f2910e"
"231","52a7ac58-c925-444a-ab03-03c570168572"
"232","777dbb71-ed61-4d75-822c-cb0f1b9d50f7"
"237","d995ee44-d38d-4046-9948-aba666306f62"
"238","209eecc0-ab5a-45b5-93e8-d7b7d492a92b"
"241","44cb8815-c646-42f4-9bb8-913720759739"
"244","06053773-a41f-483e-83bc-b999bdc2c917"
"245","bb7e4322-353d-4e31-a220-bf577fd2c577"
"249","431fe63e-a626-448a-b1a9-6b1fa00c1832"
"253","6d4d54b1-5ccd-4484-926f-789780300c68"
"254","41489f6d-b3a4-459a-8fec-88350d8fa88c"
"255","0ff0774f-6cf3-4540-ad37-010222ee8f2d"
"256","4d7d246f-9808-40f2-a03f-51d36de22c8b"
"258","51a0d607-4534-48bf-afd9-9b2ae1b3eadc"
"260","e2f37201-c559-4bc6-9bc6-0bebde820055"
"261","c782a0c8-9c6e-4a2e-8057-6d58d9bc9ae1"
"262","e26cb05a-a7b7-459d-a245-70b7097267e5"
"263","c28d131d-c829-47e9-9c26-d1836c11398b"
"265","ba9a171c-7b80-4221-ba4e-7d19a901124d"
"266","2b7c270e-165f-4a9c-a34b-f3de0164e452"
"271","c28d131d-c829-47e9-9c26-d1836c11398b"
"273","385f041a-b236-46fc-81fa-291183c2c9cf"
"275","4f05c3b9-dca1-4d24-915f-c15f6d04bbff"
"276","49b8c34e-8c2d-4adc-8de8-21bd76de69a5"
"277","4f0c04e8-9fae-43d2-a913-dbc4463983c7"
"278","f35a652c-a0fd-4820-a0b1-19f6cacf760c"
"279","b5ad7fb8-cded-4ab9-acea-7355e97e08fe"
"280","8c77c267-973b-43cd-8cbf-875457fe2511"
"284","2e2bc226-70a0-4eec-9bf6-5935d5ec03c4"
"288","0cb48b16-f422-4d02-9b43-c7933d906a93"
"289","bccd4a0e-7960-419a-845e-7e7fb513866f"
"291","5d3345e8-5346-484d-bc8a-831a4ad90208"
"293","2787e02a-9789-489e-9056-a948e3566f21"
"295","0c0b9fcc-eee9-40c9-81e8-7bedb598e55e"
"299","b3e63e99-c695-4f6f-ae72-0796610cc515"
"300","77bab9f3-66b6-4971-83f9-765396f2910e"
"301","97330312-4dce-400b-96c5-49d26b1f94f9"
"305","7c4c2c63-7e5f-4839-b5c8-8b418f1d93af"
"306","988c411b-3027-44ac-980e-27f6f0acfefd"
"309","6d4d54b1-5ccd-4484-926f-789780300c68"
"311","da1d9cf7-4cdf-4d34-936f-a92ebceac54a"
"312","27afc6db-b287-4cff-947a-e6586cc5751b"
"313","7ef09930-c40e-436a-acbf-f44789816f32"
"314","4c1c7e17-dba0-4546-bc8a-48ef9ec73855"
"316","011d1391-3fe6-4526-8dfc-0a425d25bbbb"
"317","c78d74b8-a291-4995-9f13-3e6897d08757"
"318","183c78d9-1ed5-4671-bd78-9b4bc7611ba6"
"320","43408a1f-4d28-4221-8bd2-070ad28f737a"
"321","dda52aa9-74de-44b7-b49c-3248bbf8a227"
"322","a6382055-ee90-43ca-9bc4-8fbbabb66324"
"325","185480fd-441b-4b2e-8ad1-125739a74042"
"327","a8026b04-0e38-4f59-b7ae-e61351ee751f"
"329","f6d9afe2-d133-438d-8442-0c012e5f581e"
"330","51aa845d-f91a-40a2-b950-1ce6af6ab43b"
"332","f0af00f4-016b-4eac-ad42-cde74b5ed50f"
"333","14052a18-3b1f-42c8-8662-949f7611cc49"
"336","bf68cf53-f8f2-4ffb-b54f-b5d927761e3a"
"338","7c3dd5d2-3075-4384-88e2-22baf0cc55e2"
"340","0ed95b6d-b347-4008-bbcd-4cfc29438f6a"
"341","a9a86c16-9be4-4c0e-b358-397e5ec85cac"
"342","265da289-feee-40fc-82a3-d597dfc544b7"
"346","ea1e24ab-97c6-4e5e-b750-254f467e5b3e"
"347","26808461-53c7-46b9-bcfc-f4fafb4a93b1"
"349","0e8f0dd3-4792-48db-9c5e-f57601dc5c28"
"350","14ddaada-af67-443b-95a8-2f28a43d3a2b"
"352","e2f37201-c559-4bc6-9bc6-0bebde820055"
"354","772c6e58-fabe-4126-b493-d87c34739b02"
"360","128bf74d-9551-4fd9-b499-2f890b0b7482"
"362","ab15a736-a42e-4a70-a28f-61067e9dec81"
"365","d0a1f889-9be7-46f3-8c0c-384b5ac0060a"
"367","5fd19ed1-8c77-4b19-882f-fe6f0f891c55"
"370","dd311ef6-50a8-4829-85a1-ab9a17a9217f"
"372","3ad68f16-9f2e-4f78-a544-b7e5f4325425"
"373","cd13d1e1-e83f-4c69-803c-97025f2686fb"
"375","7f22e90e-1de4-4750-9957-9bb001a78ea0"
"378","20796822-6e86-4180-a85b-e6d6edc42d80"
"379","b589141a-26d2-40ac-8cb0-baf894eedfd1"
"380","7b138768-388b-4036-be16-51e129e7f197"
"382","b4f0649a-8144-413f-8e88-708de66abb2f"
"383","bfb2ea06-1a76-4d9b-bcb5-5455e807aaf9"
"386","65ac0b53-4297-4768-8dec-bf2b0b5252cb"
"387","c9714226-091e-45c9-ab86-ba347e04fcde"
"391","44ef979c-3f5a-48cd-b79c-907f138f1a2d"
"394","9b7ab638-faef-49e3-8456-8ae53aebd356"
"395","acac9998-c46f-4a3c-a186-afbdcbcd7e3a"
"397","1700d33b-fc2e-47e5-bb15-07ceafe24c23"
"398","d34c0666-cbde-41b6-a258-cc5b1b9da64a"
"401","f89e872f-ca07-40e7-9535-190d177bf463"
"402","446022c8-12bc-4e63-903e-b9ea18ad2111"
"403","b4b4c732-32cb-4322-be7e-e4a1cdd1b49c"
"404","a21f7fb4-39e6-458f-974c-982e4e252f58"
"406","c8009d0d-2042-4633-ac54-b1c38c87ea16"
"407","acac9998-c46f-4a3c-a186-afbdcbcd7e3a"
"408","f4e1c61c-6744-4c48-bdb9-ca46c1d7bf92"
"409","a8026b04-0e38-4f59-b7ae-e61351ee751f"
"410","caaba45f-0a86-4cc9-9c9d-0121efa09c7f"
"411","ee54af20-d77d-41cb-8177-b983078eb5b6"
"414","7d3a7720-5770-48a9-98af-db225c9703b5"
"415","bafc3f7d-ee2c-4bbd-9d68-908faf34fc87"
"418","87168bf3-b9c3-42db-8a0e-b4ab7af61b0e"
"419","082e05e9-96a6-4b6e-9f7d-25aecb8f7af9"
"421","a0bea3fa-e2c6-4773-b9dc-de3a98db5ff8"
"425","1e7dded7-5b5f-435d-9e57-8cdba64275fb"
"426","7b138768-388b-4036-be16-51e129e7f197"
"427","151dd44c-3eb6-4bfd-bec1-ef50e1ee9387"
"428","5e8fe934-6236-4dea-98f7-77a70afe9c92"
"429","648d9d5e-a0d0-4618-b51b-d2a72408197c"
"431","d6f5c1f7-8e13-496f-bed8-1d4b1e6707e2"
"436","4542d8e8-b683-4c6d-8814-2c2e841c7d0f"
"438","7ea017b5-595c-4dbc-8e82-22bae5278af1"
"440","bc19078a-b674-49c5-b8d1-827f7e6ac70d"
"441","da25db53-9979-4001-bdc1-383cc699d5e8"
"442","51f85a9e-16a0-44c4-91cd-510468221d3b"
"443","7e36e92c-549b-4ad0-a86a-be15af27c03c"
"444","675f0e2f-f747-493c-834e-961714b32b27"
"445","d6be6d35-e267-46c6-9089-e9f4a55b34fc"
"447","e90b3b00-8f78-46f1-a787-bb432353b12a"
"448","8ce548d7-0f40-4004-a072-f83569b1e000"
"449","f7b5637e-7f5a-40e9-98bd-6c83ca2680fa"
"450","6dbec694-e7d5-40f2-b0a9-c493e6061832"
"452","ba15ef95-e8ce-4765-a66f-9237d4a96392"
"453","aed1c992-262a-491a-babd-adbe5ca2d8c6"
"455","2723175b-dfaf-4b68-97f4-177b2941b290"
"456","dbb00129-86eb-47b7-a4a4-a861c1eb79e7"
"459","986d6ffb-cbee-4cc7-a363-3460df906056"
"462","e79dd6bf-9d4f-49ab-8acf-3a88d2ad75b6"
"464","10ab06dd-a95f-4e65-95b9-35ae0ade1225"
"467","10f6d806-3e96-4b90-91b4-822d189e3407"
"468","3d0f6152-7b09-47e2-9a4f-7ae0dd036eb4"
"470","1fb6f56a-c7c6-407c-9dc3-941044c6dc3e"
"471","5cfaf819-4a4f-409a-bea8-cdf45dea42a1"
"472","4d7d246f-9808-40f2-a03f-51d36de22c8b"
"473","b24b110b-d0af-4741-b786-0259fde9a19d"
"476","49bc407f-5079-48fb-a272-9dea6b7dd5e7"
"479","90a728c6-3532-418a-b215-ff18ffafac18"
"481","0f68c03a-3eee-4a16-aaac-02579a113ffd"
"482","dcf4ae0e-3e64-4ccb-9b31-2895781f8763"
"487","33ecdd35-fade-4430-a545-e68ac606789f"
"488","d2f7f26e-a4ed-4940-a843-9ef1f69f2bf4"
"490","0c6dfdd7-ec9d-4e09-87cd-4e99ceffa0b0"
"491","4df3efa6-067f-4add-92e9-1cc39dcedd9c"
"493","265da289-feee-40fc-82a3-d597dfc544b7"
"497","b3ef7a8f-7f58-4a18-b619-100882e487fc"
"499","5a41c441-8e17-4b79-82af-a073c694f1d9"
"501","4151e843-fee9-432c-ae6d-034ada4db6ab"
"502","c5c3052a-21eb-4f25-9071-9d90ac0eafaa"
"503","3c30810b-0a40-4dbb-a659-09c58f7f1f60"
"508","0d7d7a45-0e54-4270-b731-59a37cbcd042"
"509","01e4a6a7-d31a-4c4f-91c9-7e644d3fde98"
"511","ed089f0e-59f3-47bb-9ff0-f2f1121200c4"
"513","347bb2fe-9a95-4155-8d60-7e8ae1e8af1d"
"521","b8a5407d-2c03-4d16-9093-d15a3f6cb43a"
"523","5475f206-e399-4197-9f5f-6806c93c28d8"
"525","a0bea3fa-e2c6-4773-b9dc-de3a98db5ff8"
"528","f37673bc-1b83-4a31-b6cd-40c9d7c5e41a"
"529","a6980bd4-8cf4-42eb-975b-3d950138bb05"
"533","f0af00f4-016b-4eac-ad42-cde74b5ed50f"
"535","323c1d32-a753-433c-aad1-eba6a686eb78"
"539","2acf5315-ea0a-48c7-912d-5165b9aafeca"
"541","f9faaab3-2532-481c-b28a-8d070e10ad9e"
"543","f33d5842-c789-4242-97ea-16a7f1292640"
"544","987d9e31-192b-43b2-b46e-81a1754c0700"
"545","06ad58c5-8d26-4eff-bff1-2547f49c9145"
"550","ee3d5940-a50f-47d7-9bda-55e1d205ca2c"
"551","1163f488-11a1-4174-88e4-d56a53d5e62a"
"552","b11d6162-e1a0-4306-98f4-d7bc36322cc8"
"553","49715668-2e61-4bc3-9460-a509a22bc323"
"554","592d2dd8-c320-4f19-9dcd-a94fb0645bd6"
"555","03f50662-9f45-466d-aecf-bc9edf5fa5b0"
"556","764281c4-4814-4939-8e44-cf32bc11d04a"
"557","ca2a021f-93a4-4ecb-aa80-251a076e7667"
"558","98fcfca6-122f-446b-ad97-b43e03c38691"
"560","6120a81a-10a8-4b76-8fe8-2c9cf426f191"
"561","8ba158dd-2578-48de-97d9-65492f02cad4"
"562","dda52aa9-74de-44b7-b49c-3248bbf8a227"
"564","1fa2d1a3-f277-4a77-998b-0dfa022d4b96"
"568","0ed95b6d-b347-4008-bbcd-4cfc29438f6a"
"569","ad31192f-41bb-4717-a7b1-fd7b09b71e6f"
"570","e524568e-e045-4a67-a238-ca7455165012"
"573","e710c736-151d-4739-9d76-b01f3cfffb61"
"574","674d6c63-d8d2-4af8-86cb-2b4b79433162"
"577","6a0f9708-3b53-4b1e-8278-8f704839942d"
"579","6fbdcec6-b676-4581-843b-c64aa541f0f2"
"582","7b138768-388b-4036-be16-51e129e7f197"
"583","6fbbf176-f15a-43af-9ba9-749b84f4c705"
"584","51ca69c3-47c8-4290-b18e-f9638bc65751"
"589","28f3bc84-2abf-487a-9a75-8022339fcd1e"
"590","eb0fcd44-f073-4b3a-8c5b-c25a95a5741c"
"592","d43b2a9f-8865-4118-a236-39b68bbdebff"
"596","185480fd-441b-4b2e-8ad1-125739a74042"
"598","88daa31a-f56f-4bf6-b7b9-af4468db759c"
"601","2eb9389a-93d2-40ee-89fa-198687f8ac04"
"602","af2caddd-91a0-40ec-a842-c272063a5056"
"603","3db1132c-f025-4c90-a887-a60d1d1d6973"
"605","0f68c03a-3eee-4a16-aaac-02579a113ffd"
"608","b0a97890-fbe3-4996-97b3-e87a889cbdac"
"609","4d2387a4-11bf-4221-9bd7-c4c8c4f40094"
"610","501a8ee7-ee9d-4431-a8bd-3851fea6831e"
"611","7ea017b5-595c-4dbc-8e82-22bae5278af1"
"615","583e3bb4-131f-4333-b0f7-8eb939480b9d"
"620","33135b22-ad88-406f-af19-b1d1ba4ef0ed"
"623","3c30810b-0a40-4dbb-a659-09c58f7f1f60"
"624","44211446-48da-4589-a809-60c837d98d3b"
"627","40dd6533-f774-4877-acfe-d3d37e5d211a"
"628","0401a631-acdb-4175-97f2-7007fbd1d092"
"630","65ac0b53-4297-4768-8dec-bf2b0b5252cb"
"631","762ad74e-3601-40a0-9a61-17c62875f2d6"
"633","495374b0-9413-4677-9e4a-520c3ca13a18"
"635","a21f7fb4-39e6-458f-974c-982e4e252f58"
"636","f89e872f-ca07-40e7-9535-190d177bf463"
"638","ba281bb5-681d-4018-a4b4-0e62869ced3e"
"639","8acee047-7061-42bf-8e79-1af5892f0127"
"640","4d2387a4-11bf-4221-9bd7-c4c8c4f40094"
"644","dfe3f691-ac44-4a7f-9d62-c759af0ad328"
"647","02e1d563-b4c6-4ae1-a735-ff77fd54e9c0"
"649","c611f8d1-e4a4-4ffc-a551-399bd7f8979e"
"650","8d2b669e-84f7-4aee-a36d-eca46de040ef"
"653","dd745a9c-a3b7-44e9-a9a2-8d5abf836f3e"
"656","f35a652c-a0fd-4820-a0b1-19f6cacf760c"
"657","f4e4d2aa-7801-466b-9d53-53eab18d4515"
"660","fe79975f-2bdb-4255-91f0-238bab65e93d"
"664","77d932d6-936b-4fda-9e2d-2c305188085b"
"668","03f50662-9f45-466d-aecf-bc9edf5fa5b0"
"669","6c28d78a-c69b-4a4a-94c8-b729ca9e78b3"
"671","f0af00f4-016b-4eac-ad42-cde74b5ed50f"
"672","dba9ee50-ad7a-4734-9886-0dd18c17fe36"
"673","b3648739-2369-4bdf-97d4-2c53b7adae62"
"676","6cbbeb06-b646-4fbf-8b0f-2e23f1595ce4"
"677","b2da7bc5-a864-4a2f-b5fc-fddef9681606"
"678","45c9636c-6f28-481c-9f9b-7db803c2dbfc"
"681","ebb3dc4b-3fea-4680-8402-0d7ad2ef189c"
"683","323c1d32-a753-433c-aad1-eba6a686eb78"
"684","de8fea11-b8c4-4ada-815d-96d9ca370fe6"
"685","026233df-0808-45c9-ba33-ec7273e596f4"
"686","854119f7-81d9-4e9b-b8ea-fb5305f62838"
"687","206df2b2-0c1f-4047-8159-b27efa3f39d4"
"688","22b02bfd-eade-4e85-a143-4839d95d6026"
"689","2527c313-ac99-4b3f-83f4-9aea9288bdf5"
"692","cd13d1e1-e83f-4c69-803c-97025f2686fb"
"693","1b9526ad-efb3-4032-bbbc-5f381510a9ce"
"696","838e42a1-7fd6-44a3-acd2-36cff9340058"
"697","fada409c-e72d-4c01-baca-7b98e341ddd1"
"698","f4e4d2aa-7801-466b-9d53-53eab18d4515"
"699","e3f43066-1078-48a4-b9aa-f08d5d94ba42"
"700","2aeb6499-9474-4c2c-aaae-83d0e4eb5f82"
"706","5d3345e8-5346-484d-bc8a-831a4ad90208"
"708","cc09fb4f-409b-4cbf-a421-2cf35052798e"
"711","c782a0c8-9c6e-4a2e-8057-6d58d9bc9ae1"
"714","7b53e25c-8a7e-401c-ad9b-46fbffdd62c7"
"718","b589141a-26d2-40ac-8cb0-baf894eedfd1"
"724","2f20244d-2343-4518-96cb-81aaaadafdbc"
"725","8e359c2d-2c93-4968-af8a-febdafbeeb1b"
"728","2723175b-dfaf-4b68-97f4-177b2941b290"
"732","ab30caa7-f1b8-4b45-a388-770e7435b594"
"733","e78af1d8-64cf-4ebf-ad68-6bf2c4f7ce01"
"741","aa595102-73f0-4fea-a2a0-b73b75cfa90a"
"743","964be204-c3ff-48e4-9c87-d3f8de0f0000"
"745","860e8c2f-19ef-4aec-acfb-2358365116d9"
"746","fc12e3f7-357e-4ae8-827b-6707ea52a29d"
"747","c9c3fcde-66c9-4253-9f96-e9c954d61fe9"
"748","5f97e862-24e0-4e5e-9036-1be6253d1264"
"749","9bf8015f-46e7-466a-8115-05edfa0ed76c"
"750","9973073a-1847-43cf-a95a-1fe71978e1a8"
"751","aeb5b6ba-5549-4198-988f-3f38401c5bee"
"752","8b6cda16-c90f-4ddd-8924-0ece27c61f3c"
"753","29735d84-5419-40e9-aa79-a4f8eb16ca75"
"754","96012ad3-15d5-4245-bf5e-7a5e47e8ceb4"
"755","1fa2d1a3-f277-4a77-998b-0dfa022d4b96"
"758","1ad3a31c-4919-432c-ba27-5c47df4dbdb7"
"762","6f7e40af-1ec9-41fe-97e8-30a84ed88a75"
"765","b253d4d8-edac-47b2-a8ea-c852bff1e925"
"769","47d258a7-dfda-4cd6-9810-923256ec1e4b"
"770","e4dc097a-3101-4361-86dd-0c38626fe56c"
"773","ea1e24ab-97c6-4e5e-b750-254f467e5b3e"
"775","6ab7f24d-3ff8-43be-a63f-2ab860217870"
"776","67666661-7ada-4cac-ba06-74da0e98a45a"
"779","f0af00f4-016b-4eac-ad42-cde74b5ed50f"
"781","54be0a67-0e22-4207-af97-2978e7a7a657"
"783","d54eff49-f812-4612-ac2b-b1327fb7f644"
"784","f89e872f-ca07-40e7-9535-190d177bf463"
"785","bafc3f7d-ee2c-4bbd-9d68-908faf34fc87"
"790","169c4acf-2c4b-4350-8761-6933a930088f"
"792","7125d7de-b385-44d3-b8f3-b5bfa386486b"
"793","bbddeeb8-a89f-4b1a-95a1-0b7d5d1e4cff"
"794","c3988934-fe07-4ce8-9e48-54269f8fde57"
"796","c309bfb7-259e-420b-9ce7-5b861515d2fd"
"799","e25f27e6-125f-45d8-9f6c-15989456446d"
"801","ed92897b-97d0-4b80-ac2d-b81f0ffe1691"
"802","c03bf34c-efd2-4ab3-9be3-cee856e6e261"
"805","b3ef7a8f-7f58-4a18-b619-100882e487fc"
"806","7b138768-388b-4036-be16-51e129e7f197"
"807","10ab06dd-a95f-4e65-95b9-35ae0ade1225"
"808","21d69388-7349-4316-b3e5-c98850214ae0"
"813","964cffd4-8711-45a0-ac7a-38e26323ddca"
"815","4d4408ce-7edf-42df-b3ad-816e666fd707"
"818","e94f202f-6b48-4e41-b7f9-3e845fbc62ea"
"819","caaba45f-0a86-4cc9-9c9d-0121efa09c7f"
"821","b527e272-4c6b-4ece-872c-404e26c5d7b7"
"826","2aa74c9d-f5a5-45f2-8386-6ce3edccf88e"
"833","df8a46fa-9f26-4542-94d2-cab832a4aff3"
"835","1d7ee259-cfcf-432d-9da7-7821ebba4c3b"
"840","d54eff49-f812-4612-ac2b-b1327fb7f644"
"844","c9714226-091e-45c9-ab86-ba347e04fcde"
"845","28f3bc84-2abf-487a-9a75-8022339fcd1e"
"846","4e338b87-1909-4fd0-a1c9-03a95e15f995"
"847","48ad674c-c106-436c-b078-ecf0307f5b68"
"848","e1232b60-8589-42cd-a728-7d378b42868a"
"849","a6382055-ee90-43ca-9bc4-8fbbabb66324"
"853","9c7ddb34-7720-437b-bfc6-d41d0a5eefef"
"854","986d6ffb-cbee-4cc7-a363-3460df906056"
"855","1163f488-11a1-4174-88e4-d56a53d5e62a"
"856","495374b0-9413-4677-9e4a-520c3ca13a18"
"860","79585c37-18ba-47b4-ad59-55f02e1db1ed"
"863","1fa7c21b-03a6-4c4a-bed6-bec4b8489e5e"
"864","33ff33a9-d8ed-4757-8a69-d9de2f135405"
"865","5ee39ebe-f208-4167-a579-e09dba600222"
"870","841fb6a2-ac3a-4897-b96d-0ce402a69145"
"872","ba15ef95-e8ce-4765-a66f-9237d4a96392"
"873","73617572-050b-4c78-8506-784e47664f31"
"875","1700d33b-fc2e-47e5-bb15-07ceafe24c23"
"879","51f85a9e-16a0-44c4-91cd-510468221d3b"
"880","2acf5315-ea0a-48c7-912d-5165b9aafeca"
"885","ac3d3b70-386a-4f88-874a-61c0b0757899"
"888","e547e970-5c0b-43de-88ad-bffcd5cc5612"
"891","e1f561bf-56e7-45d9-b51a-6376fad765c2"
"893","7eadfc21-cf35-40d3-9497-713c7e10ecb6"
"896","0d5a5ef7-e176-4a28-85ac-44a52b9a6f23"
"899","d6f13a4e-9a9e-4d81-b818-553d5bd8f06a"
"901","10f6d806-3e96-4b90-91b4-822d189e3407"
"902","20796822-6e86-4180-a85b-e6d6edc42d80"
"903","fddcdb74-9976-4c33-a24f-fecd8cc35737"
"906","f37673bc-1b83-4a31-b6cd-40c9d7c5e41a"
"909","d8f595c8-db83-46e3-8334-5fc3d0367fc8"
"912","ab63001f-4bcc-4ca3-bff5-55a6648ab8e5"
"915","490a8d11-ea98-41aa-81ff-a4657f8c43fc"
"916","c3606218-3bc1-4e79-90ef-e59f94d6e0e5"
"918","aad8bd27-e160-4b61-ac4c-8adec40fe8a1"
"919","203a151b-98e8-4bab-9da9-779023038687"
"920","c3c14dd3-9851-4469-b83d-a528ed6b1ca5"
"921","9a0329f0-44d6-4e5c-a786-ce6e9219ef05"
"922","1fac60be-c268-4084-90f5-91af20fe2ce2"
"923","ea190254-b04e-4dea-a7bc-f8cd775eda12"
"928","79585c37-18ba-47b4-ad59-55f02e1db1ed"
"929","86cc37f3-46ed-4a42-9c54-bc178f1ac293"
"930","74095d05-86bb-40f5-9d8a-a958613f5890"
"931","27afc6db-b287-4cff-947a-e6586cc5751b"
"932","e62b9fc4-1a04-4c5a-b7cd-85ad6ed7714f"
"933","14052a18-3b1f-42c8-8662-949f7611cc49"
"934","65f3bc43-034d-468d-9a50-f666c73621b5"
"935","ae66b3a8-58fe-4bb9-afa9-f1f14ba2ca94"
"937","ac1e60e4-4d29-4dfa-99d1-0418f221cabc"
"942","4d9f7448-7c87-4f58-82ff-a09bccf456f7"
"943","5de69043-002a-434c-b788-3d6731df124f"
"946","3f186ceb-bf14-4ec8-8a01-609eaa682101"
"947","d9965b9b-1bbd-4463-a27a-d90ccef7b2ec"
"952","075c12fe-b631-454e-91dc-89cc7245723b"
"953","b15902b8-97c6-4370-9547-1e154964d7a0"
"954","6200e767-23af-4c3b-8a83-a394ca0b939b"
"957","aeb5b6ba-5549-4198-988f-3f38401c5bee"
"958","32313e75-c6d5-457b-a813-3466f69c698f"
"961","5abba3d7-39da-4be8-9d1f-dc96e09a7465"
"963","a6980bd4-8cf4-42eb-975b-3d950138bb05"
"965","23fc1717-4042-41d4-ba56-2fe9254052f0"
"966","a8ef4370-6e62-4301-a56b-df2f9a170377"
"968","41582dc1-c79a-48b4-baf5-c293e66464fb"
"969","6dbec694-e7d5-40f2-b0a9-c493e6061832"
"972","7d3a7720-5770-48a9-98af-db225c9703b5"
"973","8860596e-f048-41b3-8fe7-7f8f3fd734d9"
"976","5d27b28a-cd0f-4819-945e-408535cb92b2"
"978","fddcdb74-9976-4c33-a24f-fecd8cc35737"
"982","161533d9-3b9f-415c-827f-c4757fcc8bd6"
"983","0300d0e2-c7a5-4161-88e3-5b1b1791e8e2"
"984","27afc6db-b287-4cff-947a-e6586cc5751b"
"985","e94f202f-6b48-4e41-b7f9-3e845fbc62ea"
"986","d1e2199d-b754-45f9-877f-3c01df8dc090"
"988","44cb8815-c646-42f4-9bb8-913720759739"
"989","b236b459-b647-452d-99ba-8a6827291300"
"990","35fb3432-c0b4-4ac8-ba0f-73a6c825306d"
"991","23b759cc-8ebf-47a0-9abc-addd32a1b4cb"
"992","8e359c2d-2c93-4968-af8a-febdafbeeb1b"
"995","52c482af-7697-466e-a845-bb37613ebb09"
"996","7b924706-4c7a-4a89-80a5-4b723632c864"
"997","84eabcd7-7f8f-449a-9ef9-602f277676d6"
"1001","8d2b669e-84f7-4aee-a36d-eca46de040ef"
"1002","c611f8d1-e4a4-4ffc-a551-399bd7f8979e"
"1003","b863fe92-a2e5-4cba-9053-b72d8e995186"
"1006","495374b0-9413-4677-9e4a-520c3ca13a18"
"1009","4855e217-733d-4bd2-9067-de8089efe3db"
"1011","696eea48-3964-4fa5-85de-dfa73f738b58"
"1015","d34c0666-cbde-41b6-a258-cc5b1b9da64a"
"1020","0e8b0e90-f11f-478e-b0f7-74d3cbbeacba"
"1021","83864411-49cb-4fc0-afab-f7a248c9d7bc"
"1022","59d91d7e-f1b3-4ac4-b704-3463379f2dc0"
"1023","0db2f081-3347-409f-a7d7-a4cf75b904f8"
"1024","5cccdf83-bc0b-4f77-8773-73ba8b7548e0"
"1026","ab15a736-a42e-4a70-a28f-61067e9dec81"
"1028","cd13d1e1-e83f-4c69-803c-97025f2686fb"
"1029","84e6cf9b-af75-4ffa-a494-1272f63f086c"
"1030","a3c7899a-74e8-4cb1-9848-de05f6223421"
"1032","4816d860-8c37-4147-9ba5-e096c0d3669c"
"1035","0300d0e2-c7a5-4161-88e3-5b1b1791e8e2"
"1036","6fbdcec6-b676-4581-843b-c64aa541f0f2"
"1038","8f1729ff-d6af-42bb-8165-4b99352afac5"
"1039","715801cf-0531-42ee-9217-a6f197d2f3e0"
"1040","da9a6c87-463a-4ac3-8a74-fc1f3e14b41e"
"1041","5e8fe934-6236-4dea-98f7-77a70afe9c92"
"1042","8e37ebb3-7248-4671-a0bf-3584415f73a2"
"1045","01b35014-a5f5-4fee-82d0-f3d2060341f9"
"1046","2acf5315-ea0a-48c7-912d-5165b9aafeca"
"1047","0e0401db-a1af-403b-a2ac-c55bee795e11"
"1048","faf2ad49-b4cf-4523-a742-1562b9d0c84f"
"1049","f946f755-64e3-481e-a55b-fe430b413ff3"
"1050","4394cf8b-6453-4a24-9893-f610a0341e7e"
"1051","8f7f2ea9-feba-49ed-88c8-f65fe93c5310"
"1054","fcb98df9-00e9-4eb9-9ec6-90c4c60e512f"
"1056","07f6a0b4-2776-4393-a433-9f6a5904c499"
"1057","7f16c3ee-feb8-4e05-876d-ff857c85ba62"
"1060","7f22e90e-1de4-4750-9957-9bb001a78ea0"
"1061","96012ad3-15d5-4245-bf5e-7a5e47e8ceb4"
"1064","58e0009e-590f-4f0e-865e-dee7a341fd68"
"1065","21cf4050-5302-417b-a732-c635f6bc9a2f"
"1066","cf5198cb-020f-44a0-9680-fdf35cd34569"
"1068","7bf579b2-162e-4f64-8a0c-0910be5b2980"
"1069","da0062f7-bc21-432b-8455-b44f6b03a0e8"
"1070","ae66b3a8-58fe-4bb9-afa9-f1f14ba2ca94"
"1075","dfbdb667-8712-437f-844d-fc1763714957"
"1076","06053773-a41f-483e-83bc-b999bdc2c917"
"1077","841fb6a2-ac3a-4897-b96d-0ce402a69145"
"1079","e0f6b5b8-d18e-4e48-a576-da4ef6e61f1b"
"1080","f967ca99-b063-4a64-bb3e-5e10e353e3a6"
"1081","5674bb00-4e7a-4d49-81e2-ac35f00091da"
"1087","b3e63e99-c695-4f6f-ae72-0796610cc515"
"1088","6b9eed6c-8c96-443e-ba3a-719273edc22e"
"1089","63009be0-b7d8-4e1b-8049-35a1eddabdf4"
"1090","c6700ca6-db99-44c7-b0e9-4f1b4839b22d"
"1091","d6be6d35-e267-46c6-9089-e9f4a55b34fc"
"1092","63b5269c-4de2-4787-adda-7a48aeb7f617"
"1094","3364fb42-a7bf-4569-88fe-21f5eb947ba5"
"1097","7b75c2b2-3df5-4f70-af5b-6192452c34f2"
"1098","a4a44819-e7f4-4033-aa81-d3ef0d2227b8"
"1099","eafb4082-007b-480a-9a7d-30951f73d966"
"1100","2a907801-2264-494b-98ac-9f3a94e977b0"
"1102","33d5041d-1524-49bb-a742-ef736c4ce90d"
"1107","f6a3173b-139b-4fbf-af6c-af192ec79799"
"1108","ab1077a7-b333-4b3a-a561-143540c0f258"
"1114","b6272762-f8ed-447c-ba0f-4bd0894b2b05"
"1115","9e95fc8d-60a5-489d-a952-ea7ade41402f"
"1120","e63f6af9-059e-4cdf-b2a2-e478c84c4f22"
"1121","df0260c2-8bc6-4f54-bd01-e9d01616721a"
"1123","e3f43066-1078-48a4-b9aa-f08d5d94ba42"
"1125","5c320a15-ff5f-441d-a553-89112248581d"
"1127","220dd202-3138-47f3-b916-83a4583ffc4c"
"1129","f84b84b6-cff0-479a-8b7b-1d85dbe5a2b5"
"1130","c873e32d-ba05-4df6-87b1-00173532e64b"
"1132","057592e7-0b5f-43ff-80bc-7dc9989cd151"
"1133","52a7ac58-c925-444a-ab03-03c570168572"
"1134","6d4d54b1-5ccd-4484-926f-789780300c68"
"1135","afdb423c-dca5-4728-8e3a-130be5f4f96e"
"1136","ef4d3a5e-bb2b-413f-9fb6-5d0db2f5df60"
"1137","3b1d972d-f03a-4c1f-a510-accc1b188e30"
"1140","d133fd67-f29f-4909-a6e3-d20595116e8b"
"1143","e0b58a56-65c2-4eec-a48b-2dd214ce3495"
"1144","74095d05-86bb-40f5-9d8a-a958613f5890"
"1145","10640107-0a50-4557-a6c4-3ab55d7261a9"
"1146","2a3f1315-bdf6-45ea-bc1a-d35dfc2688b7"
"1148","6d4f235e-0bfe-4a55-8b5d-55456a4a2f92"
"1150","4c7970fc-4ff1-4a51-bb7c-a066c0445a93"
"1151","08b4e797-0768-44f5-9ba2-d3a983cd0893"
"1154","d29a3160-28c4-411e-858c-2d44616ff597"
"1158","3d26a896-cd6a-49dc-85b0-86fa0979d3d5"
"1159","c0a4557b-957e-42f6-8cb2-6c819ca0a536"
"1160","0e8f0dd3-4792-48db-9c5e-f57601dc5c28"
"1161","5ca6d87a-e978-4ccf-b0e4-d4aa6d735958"
"1163","36bfee87-38fd-4f90-86ad-ddd8440c9e42"
"1164","51ab0eeb-afc9-43a5-b24a-e537b1c1efc5"
"1166","b24b110b-d0af-4741-b786-0259fde9a19d"
"1167","1c303396-c06b-4fcf-9fe7-307a8d5ee7bb"
"1168","385f041a-b236-46fc-81fa-291183c2c9cf"
"1173","d0743519-9ba8-4828-a3ab-0c136c6bb994"
"1175","e0ab77f3-fec8-444d-8546-c475c6941dc1"
"1176","1ea6c2ae-6804-4ffc-8c70-c95a6fcf0b6c"
"1177","59d55f32-1614-4808-b784-f50d11522a4f"
"1178","b0d4aec6-1592-4563-b1d5-639b5ba10777"
"1180","1fac60be-c268-4084-90f5-91af20fe2ce2"
"1181","b11d6162-e1a0-4306-98f4-d7bc36322cc8"
"1182","14052a18-3b1f-42c8-8662-949f7611cc49"
"1183","f6d91998-9850-4c62-a15f-f6de5a8d2c7e"
"1185","d3e4e8d2-528b-4cd5-8fa3-3086f4fa6132"
"1187","dda52aa9-74de-44b7-b49c-3248bbf8a227"
"1190","ee3d5940-a50f-47d7-9bda-55e1d205ca2c"
"1194","7f16c3ee-feb8-4e05-876d-ff857c85ba62"
"1198","da0062f7-bc21-432b-8455-b44f6b03a0e8"
"1199","d97ecd96-1793-48e4-9f66-9f7d2e51f2e0"
"1200","b09819a9-a5d3-4f08-9849-440e2abf0f7b"
"1201","9c59eff4-54c7-4f4e-8a62-c3357f2ff176"
"1206","f967ca99-b063-4a64-bb3e-5e10e353e3a6"
"1207","b3e63e99-c695-4f6f-ae72-0796610cc515"
"1209","a4a44819-e7f4-4033-aa81-d3ef0d2227b8"
"1210","b977eaed-eb73-4190-8251-6b9f5d6424f0"
"1213","e5a19ec1-10f5-4850-99f1-08c3382702ce"
"1218","bc0537d3-817d-4b42-8a0c-ae50e9416c77"
"1220","8998d84e-80b1-4229-99bd-db0b61a3c11f"
"1222","dba52391-289a-42ea-a74d-fff173db70e8"
"1223","7fffe88e-f6f3-429a-bfbc-d5e45b0a37c9"
"1229","44cb8815-c646-42f4-9bb8-913720759739"
"1230","921dfc44-cab0-4d9a-8e16-4e79b8c36a41"
"1232","b3ef7a8f-7f58-4a18-b619-100882e487fc"
"1233","176c63e8-5402-4080-8daa-94447ee900a4"
"1234","c8009d0d-2042-4633-ac54-b1c38c87ea16"
"1240","790a739e-f3f2-48e8-9a4c-959b197a6c89"
"1241","c053bb99-2acf-4400-a605-b4e94ad9cce1"
"1242","a5dd1c99-dc14-46d0-8abe-e98a066df09a"
"1244","49715668-2e61-4bc3-9460-a509a22bc323"
"1245","19970038-b3b1-4559-af76-9740aee7af2c"
"1250","ed089f0e-59f3-47bb-9ff0-f2f1121200c4"
"1252","12c63d83-6034-4025-a06f-0df6f6520a8f"
"1253","a4a44819-e7f4-4033-aa81-d3ef0d2227b8"
"1254","f6d91998-9850-4c62-a15f-f6de5a8d2c7e"
"1255","c5af027b-c76f-493f-a689-d36d0629866b"
"1257","33ecdd35-fade-4430-a545-e68ac606789f"
"1259","e8060563-d9c3-4929-bf15-53df94d87d74"
"1261","cff6e148-f548-48ae-9d9d-2cd3d4e1c677"
"1263","8b6cda16-c90f-4ddd-8924-0ece27c61f3c"
"1264","0b51674a-6b94-4879-8634-7125e5d050eb"
"1265","db7d3d7a-7d35-4d82-b435-6defcb525789"
"1266","c5c3052a-21eb-4f25-9071-9d90ac0eafaa"
"1268","e2e646dd-65bb-4d36-9972-931829ee9f9a"
"1269","7ef09930-c40e-436a-acbf-f44789816f32"
"1271","14ddaada-af67-443b-95a8-2f28a43d3a2b"
"1272","a61bb4bf-444d-497a-bf69-6ab47f130ba8"
"1273","48529bae-c0a3-4a29-ab50-f6c935401d55"
"1275","a8782297-25a8-44e7-9569-f83751a4a93f"
"1277","f9d13c66-dfcf-48a7-bd4a-6fb75b9962c8"
"1278","a2142e52-bcd1-4915-8fed-de60bad527c9"
"1280","1a82cbba-221e-404b-9db9-d344d8a1995c"
"1281","f4f59407-beb2-4d51-ba29-46f03ba20eb4"
"1282","1e7dded7-5b5f-435d-9e57-8cdba64275fb"
"1283","d9965b9b-1bbd-4463-a27a-d90ccef7b2ec"
"1286","6e23c423-761f-47af-a1ff-d6bebe7a5bb8"
"1290","636e3725-bb93-4571-9491-093470b2e566"
"1291","21d69388-7349-4316-b3e5-c98850214ae0"
"1295","cb1bfd85-c352-4dc5-86d4-64d9e0090eea"
"1296","c8009d0d-2042-4633-ac54-b1c38c87ea16"
"1298","f4f59407-beb2-4d51-ba29-46f03ba20eb4"
"1302","c309bfb7-259e-420b-9ce7-5b861515d2fd"
"1303","131c403b-e86f-4afe-9107-83d14acb54a5"
"1308","16422c93-a2ae-4908-9000-7cbce70041a5"
"1309","bfb2ea06-1a76-4d9b-bcb5-5455e807aaf9"
"1312","6ef70f75-0c08-411c-bd8e-dc86ab2aaef2"
"1313","25efb4b1-1848-4252-a152-90b55bc7494c"
"1314","ca2a021f-93a4-4ecb-aa80-251a076e7667"
"1316","096dd916-41f3-45d9-8b74-53a6b964e8ed"
"1318","96f15531-c77b-4953-be80-867ca7045a72"
"1319","aed1c992-262a-491a-babd-adbe5ca2d8c6"
"1323","cb1bfd85-c352-4dc5-86d4-64d9e0090eea"
"1324","343200dd-3d1e-4626-9855-1f7e37d690cc"
"1325","5e9e7a67-4085-4a08-9e98-170bd8fd7d95"
"1328","b4a1df0b-d826-4b2b-bad9-3e8c50f3f179"
"1331","bf40d4dd-b7d9-48e5-8d21-98e5fb3ccafb"
"1332","c70025ae-ccba-4687-9717-ec7e5f89c55a"
"1334","d68d9a9c-411e-4b2d-bf16-2858449b203d"
"1336","f9e5fe52-7ecb-4aea-b1ec-ce8eadf493ac"
"1338","e7232257-1c38-43ab-94a5-fcb9ce04c033"
"1341","a9adddc9-6ca3-4776-b928-26cad17166ef"
"1344","45019de1-ee4d-4035-a7f0-8448f5766cf7"
"1347","2aa74c9d-f5a5-45f2-8386-6ce3edccf88e"
"1349","f84b84b6-cff0-479a-8b7b-1d85dbe5a2b5"
"1352","715801cf-0531-42ee-9217-a6f197d2f3e0"
"1355","adf496cb-c9fc-411e-894f-1d5d87a3aca1"
"1358","fae6267c-d52c-41c2-9492-ca632ca9a9e6"
"1359","7c4c2c63-7e5f-4839-b5c8-8b418f1d93af"
"1360","e1166d4e-6f59-4aa8-8dda-fc0bf61fc1c3"
"1362","0fc73acf-210a-4eb5-84d8-43199ab7de68"
"1365","601ea89a-4181-4f12-bced-f51929fcb782"
"1366","e1585cfe-24b6-41dc-bf11-ce0d0d0a4246"
"1368","986d6ffb-cbee-4cc7-a363-3460df906056"
"1370","019d71ce-cc4d-4e0d-814a-5809ce8f2fac"
"1372","65ac0b53-4297-4768-8dec-bf2b0b5252cb"
"1374","e456e7cb-5f59-444a-a820-6205d4c23ea7"
"1375","e13a2309-7e30-48dd-9859-5eee94966467"
"1376","bf40d4dd-b7d9-48e5-8d21-98e5fb3ccafb"
"1377","f861a27f-4ea3-4fda-adb8-82cbfa93fbc3"
"1384","d6e5612f-44f8-45c3-b359-78960117c263"
"1385","8afea4dc-7193-4988-a397-73560891ee74"
"1390","764281c4-4814-4939-8e44-cf32bc11d04a"
"1391","5ffb2acd-bf7d-4634-9f24-8f6736ce48e1"
"1392","3b1d972d-f03a-4c1f-a510-accc1b188e30"
"1396","161533d9-3b9f-415c-827f-c4757fcc8bd6"
"1397","74095d05-86bb-40f5-9d8a-a958613f5890"
"1398","aa595102-73f0-4fea-a2a0-b73b75cfa90a"
"1403","52f94497-df41-440a-9539-1943d5febe93"
"1404","ff258c66-2883-4536-926b-0dfefc92980e"
"1407","12e7dd2b-1d52-4fa1-8a3b-d474a19edefc"
"1412","5e08378d-5d8f-404a-aaf9-e159daaf7695"
"1413","39d347ac-cfd7-46c8-97a9-1375eafd2295"
"1415","f9eae004-b6c9-4ffd-aa3e-8c88760bdca6"
"1417","001d07c7-ea44-4153-b97e-310aff92228c"
"1418","636e3725-bb93-4571-9491-093470b2e566"
"1421","af2caddd-91a0-40ec-a842-c272063a5056"
"1422","c4e54af5-9f7b-478c-bdce-0ecbfe230ec2"
"1423","39fca2eb-d104-493f-aa90-d294086fa8ba"
"1428","58f06745-001c-4146-be24-e880f804a3a6"
"1431","9cb388c5-3c33-494b-af9e-21e8e7f2d074"
"1432","3ede9a9c-1034-43ec-9bf4-1df07a1b0b29"
"1433","8ce548d7-0f40-4004-a072-f83569b1e000"
"1437","ff258c66-2883-4536-926b-0dfefc92980e"
"1440","1bbadf8b-8513-4558-9422-350355b1e790"
"1441","346ca2cd-b97e-4d32-b4ca-0b841bd563ba"
"1442","60abe947-1f15-4854-bab3-60d011f9565f"
"1446","a0b6e082-a131-4f38-9c22-4eb03d4c9e93"
"1447","6120a81a-10a8-4b76-8fe8-2c9cf426f191"
"1450","1cda986c-36df-4bc1-899d-bf5fd2c5d99e"
"1454","31405a3a-922b-448c-82b3-036b2ea1faab"
"1459","0d5a5ef7-e176-4a28-85ac-44a52b9a6f23"
"1460","c3606218-3bc1-4e79-90ef-e59f94d6e0e5"
"1461","32395b10-7ffb-4c40-9574-60e574d99855"
"1463","8caa0b02-78f7-4017-b632-a31b2c77c118"
"1465","e07b0d78-251b-43fa-bb21-424fefc0b292"
"1467","206df2b2-0c1f-4047-8159-b27efa3f39d4"
"1469","bc7cde27-6d62-4284-a46f-21d0fc22e2e9"
"1472","1488cd64-8883-4f4f-af9b-3004fa6ac357"
"1476","b4f0649a-8144-413f-8e88-708de66abb2f"
"1477","90a728c6-3532-418a-b215-ff18ffafac18"
"1478","7eadfc21-cf35-40d3-9497-713c7e10ecb6"
"1481","1ea6c2ae-6804-4ffc-8c70-c95a6fcf0b6c"
"1483","4d9f7448-7c87-4f58-82ff-a09bccf456f7"
"1484","2ad0fe4d-49da-4d70-b69b-a10a96b59aa8"
"1486","675f0e2f-f747-493c-834e-961714b32b27"
"1487","08b4e797-0768-44f5-9ba2-d3a983cd0893"
"1490","8f7f2ea9-feba-49ed-88c8-f65fe93c5310"
"1492","10449c32-2a12-4285-8469-cc1abd16a2da"
"1493","afdb423c-dca5-4728-8e3a-130be5f4f96e"
"1495","b9d1ab53-2a24-43c5-86bd-246773b7cafc"
"1498","afdb423c-dca5-4728-8e3a-130be5f4f96e"
"1499","0d6e09f6-88e7-4cc6-98df-17f392dfbf20"
"1501","8acee047-7061-42bf-8e79-1af5892f0127"
"1502","53fd7f3f-2e8f-48ce-9457-a2fe76101f86"
"1505","9bf8015f-46e7-466a-8115-05edfa0ed76c"
"1506","c3af6d7a-6e35-404d-b43d-9ba1fd8619c5"
"1507","57eb549c-40a7-41ad-ac2f-153c3c007508"
"1509","07f6a0b4-2776-4393-a433-9f6a5904c499"
"1510","fbca4359-67bf-45d4-a424-32164dcfe4e6"
"1511","df8a46fa-9f26-4542-94d2-cab832a4aff3"
"1512","f6d91998-9850-4c62-a15f-f6de5a8d2c7e"
"1516","648d9d5e-a0d0-4618-b51b-d2a72408197c"
"1517","b7abee35-b898-4796-8edc-7acb6bb410e2"
"1519","d04060b6-686d-4f9f-a74f-cb404b211ea8"
"1521","ac3d3b70-386a-4f88-874a-61c0b0757899"
"1522","841fb6a2-ac3a-4897-b96d-0ce402a69145"
"1523","320b7775-ad18-4b66-80f0-0f72abb701c1"
"1524","e26cb05a-a7b7-459d-a245-70b7097267e5"
"1525","ab02ede2-2572-4b7a-bf68-6567d08142d5"
"1526","8ce548d7-0f40-4004-a072-f83569b1e000"
"1528","c03bf34c-efd2-4ab3-9be3-cee856e6e261"
"1531","538b596e-ce21-444d-bda8-d2224922004d"
"1536","674d6c63-d8d2-4af8-86cb-2b4b79433162"
"1537","d58f1e5e-c883-47b1-9e32-5aeaad49d0d9"
"1538","e78af1d8-64cf-4ebf-ad68-6bf2c4f7ce01"
"1539","1bbadf8b-8513-4558-9422-350355b1e790"
"1543","2b9ae637-8c2f-4fe5-847f-12949f75e515"
"1544","6097efef-5401-4f4c-be1d-b9ceff45d1bf"
"1545","5f97e862-24e0-4e5e-9036-1be6253d1264"
"1547","a0213126-200f-48f0-8f02-67f7c0f45c86"
"1551","a4a44819-e7f4-4033-aa81-d3ef0d2227b8"
"1552","a8ef4370-6e62-4301-a56b-df2f9a170377"
"1556","306becbb-ce69-4611-a251-e6172e9297fa"
"1557","d09fa86f-1349-475f-aeec-17b52c17e0d2"
"1558","a5dd1c99-dc14-46d0-8abe-e98a066df09a"
"1559","39e9f61d-2326-4432-bab1-995c97b33d4d"
"1560","b800b33c-1b39-4997-a3ff-cd36f10d0869"
"1561","e48a06a1-8a48-4bd1-a2c5-348814b2ea88"
"1562","151dd44c-3eb6-4bfd-bec1-ef50e1ee9387"
"1563","10ab06dd-a95f-4e65-95b9-35ae0ade1225"
"1568","f3a871aa-51b9-4db5-a1a4-bbcbc0450f53"
"1569","9f853ab8-527e-48ae-8bb2-885222b9af9a"
"1570","31405a3a-922b-448c-82b3-036b2ea1faab"
"1571","6a0a4a85-5a07-4bc0-a7a3-fffe8ddefa4d"
"1572","e2e646dd-65bb-4d36-9972-931829ee9f9a"
"1579","52a7ac58-c925-444a-ab03-03c570168572"
"1580","fad5b0ea-990e-4d2c-b017-116910d95dfa"
"1585","8abc9860-12e1-426e-8901-20196eb74001"
"1586","2b714fed-700b-4106-abd0-371cc8d41d8a"
"1588","b2b1fc1b-b74d-4bfa-9a9b-a6b4d33aff3b"
"1590","7c3dd5d2-3075-4384-88e2-22baf0cc55e2"
"1592","1b4899fd-97f4-44bf-b6e9-da7cd0936f4a"
"1593","5e8fe934-6236-4dea-98f7-77a70afe9c92"
"1594","87690a9c-ed7a-4592-af5e-3ce61c7e9fa0"
"1595","e1585cfe-24b6-41dc-bf11-ce0d0d0a4246"
"1596","eb86465a-087e-4d2e-b247-198fba85ec5a"
"1597","29d425e0-e867-42b1-b41b-1d40e2ba1ac1"
"1598","0e0401db-a1af-403b-a2ac-c55bee795e11"
"1600","854119f7-81d9-4e9b-b8ea-fb5305f62838"
"1602","1cda986c-36df-4bc1-899d-bf5fd2c5d99e"
"1603","5fd19ed1-8c77-4b19-882f-fe6f0f891c55"
"1605","c3af6d7a-6e35-404d-b43d-9ba1fd8619c5"
"1609","85b30c78-3503-4e6a-85d8-76ed38978770"
"1610","10f6d806-3e96-4b90-91b4-822d189e3407"
"1611","07f6a0b4-2776-4393-a433-9f6a5904c499"
"1614","834471ef-c482-4823-9b5a-31fe5b893774"
"1616","59a95ed2-85e2-46c0-b9b8-8a4ef6071544"
"1618","0c6dfdd7-ec9d-4e09-87cd-4e99ceffa0b0"
"1622","5d27b28a-cd0f-4819-945e-408535cb92b2"
"1629","dd311ef6-50a8-4829-85a1-ab9a17a9217f"
"1630","25f2fb83-52a1-4caa-a3f2-610086bfbc11"
"1631","c31d6ea1-a969-40d4-a19e-6a1b18263078"
"1633","f4e1c61c-6744-4c48-bdb9-ca46c1d7bf92"
"1634","f25b7be3-568f-4b5b-bf5b-dcfca328d2bd"
"1635","d782e5c2-d15e-40ed-9da3-80651be1116e"
"1636","90fd57fd-fdb4-4a92-8d0d-6f1f65a9645e"
"1638","e78af1d8-64cf-4ebf-ad68-6bf2c4f7ce01"
"1640","6d4f235e-0bfe-4a55-8b5d-55456a4a2f92"
"1641","6f7e40af-1ec9-41fe-97e8-30a84ed88a75"
"1642","1fa2d1a3-f277-4a77-998b-0dfa022d4b96"
"1644","08b4e797-0768-44f5-9ba2-d3a983cd0893"
"1647","f25b7be3-568f-4b5b-bf5b-dcfca328d2bd"
"1650","c31d6ea1-a969-40d4-a19e-6a1b18263078"
"1653","8c81d1ed-5e7b-44a4-af48-74a5ca2b0347"
"1654","f6a47d40-1d60-448b-b197-5f7b2f159262"
"1655","22502f24-64df-40ab-a926-3f1712e95b7c"
"1656","583e3bb4-131f-4333-b0f7-8eb939480b9d"
"1657","df7b0f4f-4f93-4259-8272-006b30c25e6d"
"1658","da1d9cf7-4cdf-4d34-936f-a92ebceac54a"
"1660","e2f37201-c559-4bc6-9bc6-0bebde820055"
"1661","fc12e3f7-357e-4ae8-827b-6707ea52a29d"
"1662","6342e44f-139e-4476-be36-18cc3a761959"
"1663","2ee23ca5-6a6b-4b15-ad82-5e320f7d167d"
"1664","0d74aba1-22f3-4f78-a1b7-4a5e8366338a"
"1666","5026b88f-f27b-48d0-a826-fc90d58d5e02"
"1667","d3f88434-f0e9-4b91-bbfd-8dca8e4071f1"
"1668","b0a97890-fbe3-4996-97b3-e87a889cbdac"
"1669","89c34dad-ff93-4344-aedb-68da88d4cc60"
"1671","7b62eb94-2dca-4666-a653-e44748206316"
"1672","8e4b1d45-0eff-44dc-9f81-aef453249403"
"1674","a7fea765-fa80-4893-b343-3c344c7912e4"
"1675","1bbadf8b-8513-4558-9422-350355b1e790"
"1676","06ad58c5-8d26-4eff-bff1-2547f49c9145"
"1679","7c4c2c63-7e5f-4839-b5c8-8b418f1d93af"
"1681","73617572-050b-4c78-8506-784e47664f31"
"1682","33135b22-ad88-406f-af19-b1d1ba4ef0ed"
"1684","c0a4557b-957e-42f6-8cb2-6c819ca0a536"
"1685","696eea48-3964-4fa5-85de-dfa73f738b58"
"1686","dad58584-7ef9-4b7f-8999-2301ab988c6d"
"1687","cfc93c66-78dc-4f7c-a83e-656cb69552b8"
"1688","376c88ac-1e2b-4469-8cd3-68090f370859"
"1689","645423c5-1361-4b75-b894-4d5f27a455e7"
"1690","164b948f-fbe0-4be3-ba5c-d336648ea995"
"1694","97330312-4dce-400b-96c5-49d26b1f94f9"
"1695","49715668-2e61-4bc3-9460-a509a22bc323"
"1699","7eadfc21-cf35-40d3-9497-713c7e10ecb6"
"1700","58f06745-001c-4146-be24-e880f804a3a6"
"1702","33bee32e-4a36-422b-b8db-eba7f56ee873"
"1704","56ce9c25-1e81-4c62-a867-7053968a37b4"
"1705","2704c331-3925-4223-a040-726fd84bcf3e"
"1708","6d4f235e-0bfe-4a55-8b5d-55456a4a2f92"
"1709","5e08378d-5d8f-404a-aaf9-e159daaf7695"
"1711","33ff33a9-d8ed-4757-8a69-d9de2f135405"
"1712","96012ad3-15d5-4245-bf5e-7a5e47e8ceb4"
"1713","5f40399f-6960-40aa-a404-ad6a915f8901"
"1715","dd311ef6-50a8-4829-85a1-ab9a17a9217f"
"1718","2b3c8378-1c9d-4bfa-aecb-d30171a2be6c"
"1719","bafc3f7d-ee2c-4bbd-9d68-908faf34fc87"
"1721","f6a3173b-139b-4fbf-af6c-af192ec79799"
"1723","9a17cf1c-b7f6-467e-8b30-f7203b701e77"
"1724","1ad3a31c-4919-432c-ba27-5c47df4dbdb7"
"1727","5f959785-4406-451e-978f-dfccbbc67e48"
"1733","2ad0fe4d-49da-4d70-b69b-a10a96b59aa8"
"1737","7a055b2d-c235-4414-9e83-e221051eacbb"
"1738","8abc9860-12e1-426e-8901-20196eb74001"
"1739","d54eff49-f812-4612-ac2b-b1327fb7f644"
"1740","0678398c-7448-4433-bb0e-6443ab60a33d"
"1744","c8009d0d-2042-4633-ac54-b1c38c87ea16"
"1745","510aedae-279b-4fe9-9cd3-75e8dd47e801"
"1746","36bfee87-38fd-4f90-86ad-ddd8440c9e42"
"1747","c0b840ac-5274-47d5-b499-68a21d1c2fe1"
"1753","cc1cbda7-1ba8-4131-b4dd-6c0a37fa2791"
"1756","61943a71-dd00-481a-85dd-f59467a5f4f1"
"1757","1488cd64-8883-4f4f-af9b-3004fa6ac357"
"1758","5026b88f-f27b-48d0-a826-fc90d58d5e02"
"1760","0c2e50d1-5204-4b70-9c91-3b628fbbb4e1"
"1761","2ece24d3-b940-455b-b6d1-ed915106e59e"
"1767","723554ee-e035-4761-966e-6573a1cb2cb4"
"1770","5d3345e8-5346-484d-bc8a-831a4ad90208"
"1773","91921877-3215-4485-9bd5-eeea7e8fca63"
"1774","1b9526ad-efb3-4032-bbbc-5f381510a9ce"
"1776","fcb98df9-00e9-4eb9-9ec6-90c4c60e512f"
"1779","403464fd-0873-442a-a2f2-e811d5d0ee01"
"1780","41489f6d-b3a4-459a-8fec-88350d8fa88c"
"1781","5c320a15-ff5f-441d-a553-89112248581d"
"1783","206df2b2-0c1f-4047-8159-b27efa3f39d4"
"1786","bc0537d3-817d-4b42-8a0c-ae50e9416c77"
"1787","ab30caa7-f1b8-4b45-a388-770e7435b594"
"1788","91a98638-96e1-475a-86d9-a900c16d2b55"
"1790","94eadeba-f860-49c4-840f-d433e7b34f96"
"1793","a800c356-76b9-4760-b176-97a6b8283379"
"1795","ab15a736-a42e-4a70-a28f-61067e9dec81"
"1797","739fcb15-4c4f-40fb-81bc-38c15327c59c"
"1798","1a82cbba-221e-404b-9db9-d344d8a1995c"
"1799","9f853ab8-527e-48ae-8bb2-885222b9af9a"
"1800","d1006927-d1e4-4013-8bae-f3467018e9d6"
"1803","53fd7f3f-2e8f-48ce-9457-a2fe76101f86"
"1804","7c4c2c63-7e5f-4839-b5c8-8b418f1d93af"
"1810","db7d3d7a-7d35-4d82-b435-6defcb525789"
"1811","764281c4-4814-4939-8e44-cf32bc11d04a"
"1814","f6a3173b-139b-4fbf-af6c-af192ec79799"
"1818","84e6cf9b-af75-4ffa-a494-1272f63f086c"
"1819","b08c1211-7d8f-412c-979a-e04460560ad5"
"1821","79585c37-18ba-47b4-ad59-55f02e1db1ed"
"1823","5475f206-e399-4197-9f5f-6806c93c28d8"
"1828","9394b866-4ead-4c96-af53-54c323394bfe"
"1829","c31d6ea1-a969-40d4-a19e-6a1b18263078"
"1834","2af98db0-0c4f-4559-aa2f-5ecb06a98bcc"
"1835","4d4408ce-7edf-42df-b3ad-816e666fd707"
"1838","8e359c2d-2c93-4968-af8a-febdafbeeb1b"
"1839","5cfaf819-4a4f-409a-bea8-cdf45dea42a1"
"1842","1e9a246a-0a57-45fc-b36d-0da5df45d77c"
"1843","0bb9e951-cc6a-4550-9c3a-203456c7f388"
"1844","5e8fe934-6236-4dea-98f7-77a70afe9c92"
"1847","2eb9389a-93d2-40ee-89fa-198687f8ac04"
"1850","968b3fde-3afc-401c-901c-b28be55480d6"
"1851","de8fea11-b8c4-4ada-815d-96d9ca370fe6"
"1852","3831a535-b7d7-4b83-be63-8f3e0d013551"
"1853","f74bc88f-1161-4e51-a0cd-b4135fe99b95"
"1855","c8a946d2-39d4-458f-90e2-dfcbf386374d"
"1856","4b62f70c-4f20-4158-b549-9d721ab43652"
"1857","987d9e31-192b-43b2-b46e-81a1754c0700"
"1859","f9e5fe52-7ecb-4aea-b1ec-ce8eadf493ac"
"1862","b2da7bc5-a864-4a2f-b5fc-fddef9681606"
"1863","dd56634b-45c9-4c3f-a27d-79e08e5dd819"
"1864","347bb2fe-9a95-4155-8d60-7e8ae1e8af1d"
"1865","ae66b3a8-58fe-4bb9-afa9-f1f14ba2ca94"
"1868","94c56372-4e1b-4451-a05a-cdac2c70a891"
"1869","506a19b7-d605-47f7-b369-11d60a9f8600"
"1873","583e3bb4-131f-4333-b0f7-8eb939480b9d"
"1874","02e1d563-b4c6-4ae1-a735-ff77fd54e9c0"
"1875","22b02bfd-eade-4e85-a143-4839d95d6026"
"1877","02e1d563-b4c6-4ae1-a735-ff77fd54e9c0"
"1878","eb0fcd44-f073-4b3a-8c5b-c25a95a5741c"
"1881","52a7ac58-c925-444a-ab03-03c570168572"
"1883","e79dd6bf-9d4f-49ab-8acf-3a88d2ad75b6"
"1885","169c4acf-2c4b-4350-8761-6933a930088f"
"1886","da0062f7-bc21-432b-8455-b44f6b03a0e8"
"1887","7748ecb0-711b-4dee-b8a4-47a713d8cce3"
"1888","da25db53-9979-4001-bdc1-383cc699d5e8"
"1889","aeb5b6ba-5549-4198-988f-3f38401c5bee"
"1890","055537b1-f069-46a0-a55e-82b870bb5993"
"1891","c4e54af5-9f7b-478c-bdce-0ecbfe230ec2"
"1892","9c7ddb34-7720-437b-bfc6-d41d0a5eefef"
"1893","490a8d11-ea98-41aa-81ff-a4657f8c43fc"
"1894","452b0c97-45bf-46a4-b844-d7db905d0bad"
"1896","18d37863-774c-4db1-b77b-36efd435bee8"
"1899","e62b9fc4-1a04-4c5a-b7cd-85ad6ed7714f"
"1906","358dd9db-6df6-4688-b7ca-28faf86d43ba"
"1907","41489f6d-b3a4-459a-8fec-88350d8fa88c"
"1911","8998d84e-80b1-4229-99bd-db0b61a3c11f"
"1912","48b07dca-1783-42d5-a102-024a92b91b0c"
"1915","c2aa4061-c808-44b3-a1b0-66503dc42af2"
"1916","48479aad-be7d-4e58-8b35-d724c859ec83"
"1919","f9e5fe52-7ecb-4aea-b1ec-ce8eadf493ac"
"1920","3d0f6152-7b09-47e2-9a4f-7ae0dd036eb4"
"1921","4c7970fc-4ff1-4a51-bb7c-a066c0445a93"
"1928","343724f3-faef-4627-bbd2-5fe86554df43"
"1931","48b07dca-1783-42d5-a102-024a92b91b0c"
"1933","2c9dffc9-25da-4742-87fc-b3f6f5cc5b59"
"1935","bf68cf53-f8f2-4ffb-b54f-b5d927761e3a"
"1937","605c8f1d-7f91-4e9e-8a67-e90e4994898f"
"1942","03c6e06f-0c74-4e44-8f00-8f4b01805aaa"
"1946","de8fea11-b8c4-4ada-815d-96d9ca370fe6"
"1948","f33d5842-c789-4242-97ea-16a7f1292640"
"1950","988c411b-3027-44ac-980e-27f6f0acfefd"
"1953","08b4e797-0768-44f5-9ba2-d3a983cd0893"
"1954","343724f3-faef-4627-bbd2-5fe86554df43"
"1959","7f16c3ee-feb8-4e05-876d-ff857c85ba62"
"1964","3831a535-b7d7-4b83-be63-8f3e0d013551"
"1969","84e6cf9b-af75-4ffa-a494-1272f63f086c"
"1976","4f63eb15-87f2-451d-b214-c7ad222b992d"
"1981","10640107-0a50-4557-a6c4-3ab55d7261a9"
"1982","e945833f-de81-42cd-b027-17ce75650eb7"
"1984","b9be5726-d2f0-4183-bdde-130084fc4abe"
"1985","011d1391-3fe6-4526-8dfc-0a425d25bbbb"
"1987","e63f6af9-059e-4cdf-b2a2-e478c84c4f22"
"1988","00162f87-24e6-48fb-b119-f7a58ee09345"
"1990","9da55da1-0b75-4f91-8565-956929d8a1d6"
"1992","b65b475d-4e91-4162-b2b8-8744c186d0b2"
"1993","bafc3f7d-ee2c-4bbd-9d68-908faf34fc87"
"1995","37d3fe49-82aa-4ed7-8f12-73fc88d44cfa"
"1997","0d7a4da9-76c6-4eaa-a8d9-2151902aa144"
"1998","b0bbeef2-4b3b-4305-9531-8585962bc51b"
"1999","e0f6b5b8-d18e-4e48-a576-da4ef6e61f1b"
