"0","516b711f-3add-46d4-a849-addde912b64d"
"1","516b711f-3add-46d4-a849-addde912b64d"
"2","aaa5d1f3-db09-42d5-9eca-58d22bdf9c2c"
"2","c850814e-4731-45c1-b3a0-555a38645e05"
"3","0aae6bc4-ce03-46ac-876e-3577c2baa984"
"1","042a0cf7-c591-486c-86b2-03baca8f81bd"
"4","b6df982f-d5f6-44b9-a593-30edbca05bf1"
"3","ec60dcbb-790d-4aee-be37-7c280c140311"
"5","946224d1-b3d7-496c-b7b1-cfa920019ecf"
"2","9fbcab5e-55c2-4799-be89-64ac28f192eb"
"6","79586d74-5bb2-4773-b9ca-76164065af6d"
"7","3f805a42-7869-497b-b6a6-2c5c91636a51"
"8","3f805a42-7869-497b-b6a6-2c5c91636a51"
"6","94659a73-3f67-42d8-913b-3cd5f77e31a2"
"4","95b2db43-f678-458e-af8e-2d856766eb37"
"4","7c05b98f-f57f-483c-966c-28dea4eef96a"
"4","b64d1292-38e9-457c-b74b-17f25b2973e5"
"8","833760d3-5b50-424d-97bf-b73e30dc5604"
"9","833760d3-5b50-424d-97bf-b73e30dc5604"
"3","8b657c0c-1700-481d-970b-ae90b03724aa"
"8","8b657c0c-1700-481d-970b-ae90b03724aa"
"7","8b657c0c-1700-481d-970b-ae90b03724aa"
"3","1d42bdb3-3361-4d2f-93b4-289a0b33fec9"
"2","fcbfbdc4-6978-4b61-a138-2e1f217bfc79"
"3","e462d97a-db86-4345-a40d-5fe7c070cec9"
"8","e462d97a-db86-4345-a40d-5fe7c070cec9"
"7","e462d97a-db86-4345-a40d-5fe7c070cec9"
"4","a38216fb-4e08-411b-bde0-8843cb8d67a4"
"2","e798b0d0-09c2-4738-a3e3-a60e912fe682"
"1","e798b0d0-09c2-4738-a3e3-a60e912fe682"
"6","a3014c1c-28d5-4ed8-9e8c-17fc234861d7"
"5","bebaed85-80bf-41ba-9a10-681dca410471"
"0","aab7442a-6bd8-48f3-a1b6-2d8ddb352c01"
"1","aab7442a-6bd8-48f3-a1b6-2d8ddb352c01"
"4","94079fac-2504-4838-843f-52d4ccb98626"
"6","b6d684d2-f809-491e-8d0e-cc521263fbe4"
"5","effbdc38-9096-4722-99ff-fefcfe80ec6f"
"6","8bdc1f40-cc03-4826-a817-77b0d6dd42e4"
"8","8bdc1f40-cc03-4826-a817-77b0d6dd42e4"
"4","114c1dae-914c-4a92-bb1f-84f9b64a6f3c"
"10","114c1dae-914c-4a92-bb1f-84f9b64a6f3c"
"5","1ebdb6e8-ba1d-4fbe-86fb-dde3f803dae6"
"5","bf13dd7f-c6c4-4a8a-8cb1-bf4da46ed400"
"3","1ee5c8b2-4daf-409b-ae10-f962709b1c0d"
"5","ed57563c-6305-4968-a098-71783b229bf9"
"4","375391c4-3d5c-412e-9a68-6ce569cfedd8"
"10","375391c4-3d5c-412e-9a68-6ce569cfedd8"
"6","25176d80-5cd1-4d03-8f55-67a323112622"
"8","25176d80-5cd1-4d03-8f55-67a323112622"
"5","26525185-1631-4fdd-a1c4-2cb843d6c31f"
"3","5af51fdd-1658-463c-bac2-1b90b6eb85db"
"10","63935f5d-4d29-482f-9e2d-f388a04845b9"
"2","895f058e-bbfd-4ff4-a877-9bd7d3caa896"
"1","895f058e-bbfd-4ff4-a877-9bd7d3caa896"
"8","7f776a97-c056-4697-b598-ac21e2cd5e26"
"9","7f776a97-c056-4697-b598-ac21e2cd5e26"
"2","64198600-1beb-4557-b84f-1385239ddae0"
"2","b9ad3d39-5a06-4789-b2a6-afdfefcf289a"
"6","1c849335-8728-44fa-996c-f41c5a0e14c5"
"2","226b5936-faf9-4630-abb8-ffb57ad36de4"
"5","2526cc02-005c-42cf-b8d7-9097b8cbdd75"
"2","52c61f2d-58fb-459a-93b6-93670d640b5a"
"0","1f017238-54e7-450c-a3bb-9ab6bac51fbc"
"1","1f017238-54e7-450c-a3bb-9ab6bac51fbc"
"5","7eb97bfb-ca8f-454b-8983-bb425bf8380e"
"2","96703d23-beac-4510-a03b-a6ecd906a363"
"3","1cf60ad1-7915-4581-bcf6-02a4be0892b2"
"10","d8767583-a015-4b19-964a-6d63c6d4b948"
"6","a06ec94d-4b1e-4d41-92bd-405abc0e6875"
"5","0f691927-61ea-4278-8ebe-41f22c76b7c5"
"4","9f29b97c-d809-4041-9129-b19bd4e87edb"
"10","9f29b97c-d809-4041-9129-b19bd4e87edb"
"5","45b3442e-c321-4498-b696-e0173bf151a5"
"1","45b3442e-c321-4498-b696-e0173bf151a5"
"2","57e5db54-e079-495e-a3aa-b03e0d8b9ad6"
"5","2cdfe810-3c0f-4a72-9a20-0828f08daffc"
"8","2e9d65e1-76d9-4305-be50-4842916b8a1d"
"9","2e9d65e1-76d9-4305-be50-4842916b8a1d"
"5","2541fc45-abff-483f-a832-86a113f8278a"
"6","22cb9e04-42e8-44af-a85d-57615ce1d8f1"
"3","84e96866-32b4-4323-98ed-093391139d63"
"6","9bd27734-4bf5-4bee-b58d-a53c7ab93104"
"4","e4e0e325-a35f-45f5-9c1f-c19d79d8220b"
"6","2e17a82e-ddb1-4208-844f-fecebd4739b1"
"0","e76cc23b-e005-45d6-8c10-d4bfcc4ecb62"
"1","e76cc23b-e005-45d6-8c10-d4bfcc4ecb62"
"2","1fdc9a0d-b557-4dbc-87c3-52fa930a3eb9"
"6","0d8a084e-c552-42e9-93e8-bdc7e7b31f2e"
"5","986e6f58-8f19-491b-9d8a-ffb5d9a39de9"
"1","986e6f58-8f19-491b-9d8a-ffb5d9a39de9"
"8","277daa26-fe2b-4f91-9a0e-01f442ae1f07"
"9","277daa26-fe2b-4f91-9a0e-01f442ae1f07"
"5","da8de652-752e-4f7a-b452-30f9050c0bef"
"0","616476c2-cefe-42fe-83b0-4ff9ac1674a3"
"1","616476c2-cefe-42fe-83b0-4ff9ac1674a3"
"4","790bf7a3-d1b1-4d98-b0d9-51a6135f8bae"
"5","9acdf438-5782-49ad-b030-1205c4a91511"
"1","9acdf438-5782-49ad-b030-1205c4a91511"
"6","641aaf76-47a4-4a48-8216-6b9fc07cdfc7"
"1","f32b0f2d-92db-4943-b0d8-3c153d72853c"
"7","0512a7e4-bab5-4689-900a-0747570a6ba9"
"8","0512a7e4-bab5-4689-900a-0747570a6ba9"
"3","cbeb08a5-85fc-4eb9-872e-b8dbe261a808"
"8","cbeb08a5-85fc-4eb9-872e-b8dbe261a808"
"7","cbeb08a5-85fc-4eb9-872e-b8dbe261a808"
"2","bb714460-4af1-405a-ad67-70c9269ebe68"
"1","bb714460-4af1-405a-ad67-70c9269ebe68"
"5","b07c2228-f27b-4baa-ba42-6b8c58bff655"
"1","b07c2228-f27b-4baa-ba42-6b8c58bff655"
"3","ec4be69d-90d6-48e1-9cf5-e64a2dd984c3"
"8","ec4be69d-90d6-48e1-9cf5-e64a2dd984c3"
"7","ec4be69d-90d6-48e1-9cf5-e64a2dd984c3"
"10","b22ee6a0-425b-4a12-9331-fc120c45efb2"
"4","b22ee6a0-425b-4a12-9331-fc120c45efb2"
"6","73a3a437-1eb3-434c-b5a2-143242bf983e"
"3","3f4e9caf-7cde-43b9-b028-0bd4dffa1c5e"
"2","a1ed054b-0a0f-480f-aba6-81e305f26f4b"
"2","3a5a77e7-b8d7-48c4-a12a-27989a175dbf"
"2","fa15e310-f7d9-42b8-b634-deffc5ae6ceb"
"1","fa15e310-f7d9-42b8-b634-deffc5ae6ceb"
"3","703fc5cd-03c1-4b64-8cdb-a23d20b78302"
"8","703fc5cd-03c1-4b64-8cdb-a23d20b78302"
"7","703fc5cd-03c1-4b64-8cdb-a23d20b78302"
"2","ead22dff-a087-45ca-a477-cfa2c07d13d5"
"6","305f249c-229b-4c5c-875a-e7bd9ee06484"
"8","305f249c-229b-4c5c-875a-e7bd9ee06484"
"6","4a60d10b-4edc-4e24-bb77-4af17603953c"
"7","abd65338-276c-48c7-b84f-0db200fa207b"
"8","abd65338-276c-48c7-b84f-0db200fa207b"
"5","a43c005e-e13d-4950-8b88-a03f27e69815"
"3","8fb025ea-d2b1-400c-bb93-0baa72d59edd"
"8","8fb025ea-d2b1-400c-bb93-0baa72d59edd"
"7","8fb025ea-d2b1-400c-bb93-0baa72d59edd"
"3","232890ad-4f8c-4f22-bbc1-94ff789cafc4"
"8","232890ad-4f8c-4f22-bbc1-94ff789cafc4"
"7","232890ad-4f8c-4f22-bbc1-94ff789cafc4"
"8","abf05b2a-f8cf-4e43-86dd-2af411af7f05"
"9","abf05b2a-f8cf-4e43-86dd-2af411af7f05"
"4","4a783c3d-7567-4dae-83a8-1a19c69894fc"
"10","4a783c3d-7567-4dae-83a8-1a19c69894fc"
"2","36a43a27-549c-4a07-8de7-78b3b76b70ca"
"1","36a43a27-549c-4a07-8de7-78b3b76b70ca"
"2","af1ac40b-ed03-432a-be2e-74d203e15dc7"
"1","af1ac40b-ed03-432a-be2e-74d203e15dc7"
"2","6f4e9a44-42f5-4885-9454-59eb827d4db1"
"1","6f4e9a44-42f5-4885-9454-59eb827d4db1"
"5","bd303a56-4af5-4985-bc48-bd5cc3feb204"
"2","056c6a30-4bd8-4303-a0e0-61f400062248"
"1","056c6a30-4bd8-4303-a0e0-61f400062248"
"5","fa12ed2f-abea-43d7-bf30-78c8aa7287d9"
"10","120c3fca-04bb-4bb8-90c6-0e16aee95ed6"
"4","120c3fca-04bb-4bb8-90c6-0e16aee95ed6"
"6","93074dc6-c24b-4554-9365-1b1898251416"
"2","c7f86c3d-09b9-4b63-88e7-0034a212e6df"
"4","35fbe22e-203a-484a-95c5-333f6bef8b32"
"4","972c1c2c-2bfe-4ea5-b885-f26886ba9c29"
"6","0181a263-301a-4c1a-9906-df83c04b32d8"
"2","53bbd2ac-7025-4de1-9e73-644726245e83"
"5","8bbc6d59-2d13-4167-9c72-0e9f836ad57f"
"1","8bbc6d59-2d13-4167-9c72-0e9f836ad57f"
"8","84e8f8ac-1c7d-4684-af53-86c68e191fa9"
"9","84e8f8ac-1c7d-4684-af53-86c68e191fa9"
"10","775f7777-348d-4c2b-84dc-e70d59c38801"
"8","274fe72c-54f2-4970-a21b-d5674e33279a"
"9","274fe72c-54f2-4970-a21b-d5674e33279a"
"6","3b2b0d02-4516-4d37-9ed8-98b7f0741a71"
"3","4b2837fb-2d49-4cda-98df-ced99c240ea6"
"2","5d19a861-cac8-458d-9840-7a0c7a92d454"
"6","1780b9ff-197a-4057-ab21-52247801e1fe"
"6","d78e00a4-ccc2-4d46-b42a-c68da1b53492"
"3","85ba00e2-d51b-4740-adbd-2185b318ce83"
"4","fe048d34-fe12-4b9d-85cd-b4a9bf8a61ac"
"7","fe048d34-fe12-4b9d-85cd-b4a9bf8a61ac"
"5","378606fd-94c4-4d73-9167-03385625f1f5"
"1","378606fd-94c4-4d73-9167-03385625f1f5"
"6","d063eed8-4b18-473a-87c2-f485c23e7ce5"
"2","f9e476ff-6f02-4adc-b661-56ea5bda235f"
"5","ce279242-ca02-4807-99e8-31938217cf24"
"4","46bb48e1-aecc-46c4-acce-51c0e9a9b10d"
"10","46bb48e1-aecc-46c4-acce-51c0e9a9b10d"
"5","7adc20ca-6527-48dc-887a-bb350e132771"
"1","7adc20ca-6527-48dc-887a-bb350e132771"
"2","ea535666-3d0a-4fe5-911c-edb46a26c030"
"1","36aaeaf4-c489-4788-bdf6-7e697c89348a"
"5","8f605992-224f-4407-9569-06f4780158e9"
"5","4923f24a-d964-4691-8199-444377d10ab9"
"1","0c0ec952-c82f-41be-8643-794e2f2c2c72"
"2","689ecc99-04e8-4d46-b263-202c5fab2713"
"6","9adacd6d-b531-4a43-b4d9-0528eb9f29a8"
"5","a6b2c742-ba19-4331-9426-e8a32bf40c71"
"6","396db097-a5e1-41ef-91fa-a5ab223ace9e"
"8","396db097-a5e1-41ef-91fa-a5ab223ace9e"
"2","238b10c6-f966-4f29-80ad-90a1688afb92"
"4","e42cb4d7-25ae-4665-bf9b-7e3978c63aaf"
"5","14819b33-ff4e-4361-9a16-3976df28d3b0"
"5","cecb4234-2591-4cce-a6e2-08ab33b8a6cf"
"6","1f740ffe-233d-4d94-aa08-f2d598e24a49"
"6","4bac1fa8-c934-42c6-9cbf-7efa8812fcf7"
"5","6c9c8b5c-67df-4178-adf8-a2183cca2da1"
"7","2bd60416-2db3-4f83-8ddd-0c83a8154af0"
"8","2bd60416-2db3-4f83-8ddd-0c83a8154af0"
"2","2157d2f1-5b32-4cfa-97ac-928c4cb4e394"
"3","806f8626-3bef-4164-83cd-1175eb8673db"
"4","825784c6-bda7-489b-bdd9-74d1ee569538"
"10","825784c6-bda7-489b-bdd9-74d1ee569538"
"4","d70474bd-6022-4122-a9d4-31c62855bca9"
"8","1f451cac-831e-4d4d-bc73-3208f2c67597"
"9","1f451cac-831e-4d4d-bc73-3208f2c67597"
"6","8d1709a5-aa35-4af2-b061-7d4eb492a7c3"
"8","8d1709a5-aa35-4af2-b061-7d4eb492a7c3"
"10","5738a501-35c4-4a7f-92dd-0317fccd0e78"
"4","5738a501-35c4-4a7f-92dd-0317fccd0e78"
"6","f9ff184d-3f9b-4e40-a42d-af241fbe3691"
"10","9cc4d0e1-caf2-46f0-aa89-c0dc67ed7d3d"
"4","9cc4d0e1-caf2-46f0-aa89-c0dc67ed7d3d"
"6","b6e4af19-1813-48ea-adcc-5b66da589d40"
"6","ef6bc756-c7c7-4e88-bf7a-81845d138b28"
"4","41139bfe-4b2a-42c6-b575-07534ad0ef56"
"10","643fd895-2056-40a9-9f37-826aa779edd7"
"4","643fd895-2056-40a9-9f37-826aa779edd7"
"4","db8c035e-db82-4fcf-a3e8-b94aedb895fe"
"10","db8c035e-db82-4fcf-a3e8-b94aedb895fe"
"6","0260e18d-b3ce-446c-b1de-d58bd8b4ce11"
"6","5753b509-aa8a-476d-b6e2-7acf469e139e"
"2","ad31a79e-728e-49c2-8c26-27bb5edccd5c"
"1","f2bdf5ab-812f-41ef-9cad-9ec3a023e6fd"
"4","952e786c-0b0e-47c8-8384-f2686226f5ff"
"2","878ad9f5-35ed-40a5-b5ac-921912e4f62b"
"1","878ad9f5-35ed-40a5-b5ac-921912e4f62b"
"4","dbf24b50-df32-440d-9685-2316f46872ee"
"10","dbf24b50-df32-440d-9685-2316f46872ee"
"2","5719fcf3-5f4d-4ac3-b115-eeb9da572492"
"7","ef9b74e9-edc3-44ca-84c1-5413a3aef6ca"
"8","ef9b74e9-edc3-44ca-84c1-5413a3aef6ca"
"0","41142838-a579-4fc6-aed6-31881737a018"
"1","41142838-a579-4fc6-aed6-31881737a018"
"6","c5ab3d8f-eb33-4a5d-8591-7e1c70bc5c23"
"6","38dc5950-34a4-4141-8924-96f5c1c3b151"
"4","50cd69a6-58c6-40bd-8d68-5473f0e4e1c1"
"4","a6c4388b-5edf-468f-9841-4643a34940d1"
"7","a6c4388b-5edf-468f-9841-4643a34940d1"
"6","0dfcdbbd-308d-41a0-82e2-edaf0e6dfdbe"
"6","2a7c3d14-952e-4f8c-8fe9-6fddf229bc4e"
"8","2a7c3d14-952e-4f8c-8fe9-6fddf229bc4e"
"6","0c35d417-1045-48b2-ab1f-ad5665bc96ea"
"8","98921f52-9026-4668-bafc-d3e657ac1eac"
"9","98921f52-9026-4668-bafc-d3e657ac1eac"
"7","e537cdbe-0f13-43ea-a1df-4b729efa7ccd"
"8","e537cdbe-0f13-43ea-a1df-4b729efa7ccd"
"4","bb40faa9-f0c6-424b-b061-4f62fd2c631a"
"10","bb40faa9-f0c6-424b-b061-4f62fd2c631a"
"4","e6b6410a-4db7-4306-ab50-321fffce079a"
"3","4c2fccf0-7cb3-4083-83aa-f8502da6ed93"
"2","1854a5e4-28bd-4584-8472-7f9b6ad14356"
"1","1854a5e4-28bd-4584-8472-7f9b6ad14356"
"3","4d2050d8-de4b-4e23-9349-4cdf9db285c2"
"5","c7f0d106-3568-4b77-a008-a592f2bc5b13"
"7","4b19ace8-06d0-4377-a0c1-ea265e903cda"
"8","4b19ace8-06d0-4377-a0c1-ea265e903cda"
"6","1da1eb53-212e-4d3e-82a0-b9d9c6408595"
"0","293ab64d-6c33-48cf-961f-366d6b5f06ba"
"1","293ab64d-6c33-48cf-961f-366d6b5f06ba"
"2","1a6a3293-57d0-428f-973b-7286886129a3"
"2","d12173b5-3957-4f6c-887e-9e052c8f8de1"
"4","87227099-2572-4dc9-bbb9-0de96b448711"
"7","87227099-2572-4dc9-bbb9-0de96b448711"
"2","54d8f59e-0e0e-42f2-aae3-eb2185375ddb"
"6","5fa89919-2441-44f7-804a-f30c0e8ef7bb"
"5","27fe0aeb-2f27-4e6d-9612-0aa87dbab108"
"2","0dfd133a-a327-435e-858c-1978e3313da8"
"7","6062a12d-7133-486e-a9dd-09a38ad8dc81"
"8","6062a12d-7133-486e-a9dd-09a38ad8dc81"
"6","d3851ff8-682c-4f1f-889b-22bd2d854860"
"10","5c9d17c3-3c8d-45c4-84d3-66b2150b1c9b"
"4","5c9d17c3-3c8d-45c4-84d3-66b2150b1c9b"
"2","fcfc4b0e-4758-4e43-9a07-0e34c0f04e83"
"6","e0817bee-4ed3-4ac9-b96e-6271f74207aa"
"8","e0817bee-4ed3-4ac9-b96e-6271f74207aa"
"6","c83a9e24-b373-4769-8d7e-8fbf907d032d"
"4","7dc1fab5-cb00-4188-aa00-fd9115cbda80"
"2","9811aadb-a4c9-44cf-908a-fd61f134be2a"
"1","140a4ffd-6ee6-4b9e-9b00-23258decb08e"
"4","dddb9464-a0c1-4931-8174-5d957c08c88a"
"7","dddb9464-a0c1-4931-8174-5d957c08c88a"
"1","c1ba208a-e1b8-4ab2-9b51-1aa65dea57f1"
"3","aacf9dba-9b8f-4880-a0d5-c96f5cbb40fd"
"8","aacf9dba-9b8f-4880-a0d5-c96f5cbb40fd"
"7","aacf9dba-9b8f-4880-a0d5-c96f5cbb40fd"
"5","ccf4e6ae-cbc7-4269-bfce-e1da430d97a4"
"2","9535df38-a960-4932-b82d-e564850f8273"
"1","9535df38-a960-4932-b82d-e564850f8273"
"8","26909fb9-c40b-47e6-9bf9-b0e69199219e"
"9","26909fb9-c40b-47e6-9bf9-b0e69199219e"
"7","fd23b01d-43ad-4e7e-892a-fae0084c8c95"
"8","fd23b01d-43ad-4e7e-892a-fae0084c8c95"
"5","aadb0e0b-1516-4624-aa38-8835f2b92dac"
"6","53be0917-dd15-4698-9ff0-d52d49f423c7"
"8","53be0917-dd15-4698-9ff0-d52d49f423c7"
"6","af1db7d2-83a6-40ad-8a35-68a0c045516a"
"8","af1db7d2-83a6-40ad-8a35-68a0c045516a"
"5","2dd61df3-5b00-40a7-bc03-29a59ed1e132"
"10","65ab2c86-6477-4b62-b195-152c7d69da00"
"4","65ab2c86-6477-4b62-b195-152c7d69da00"
"4","8e974374-e4a6-471a-9180-eb614a00aa41"
"2","2eea80ef-e199-4a12-8b0c-691b1a7602c4"
"1","1d015f62-eb8f-4fa6-8d79-0f0205be83e1"
"10","1719db81-71cd-4654-ab87-4d5c70c81b98"
"2","d38da671-0a73-4dc9-b202-29fdedb544db"
"1","d38da671-0a73-4dc9-b202-29fdedb544db"
"5","d9d3e6b3-0063-475a-bc12-7dedbc25e256"
"1","9945890f-c60e-48e1-85c8-35fee1d0a548"
"4","e7860b31-66dc-441d-8f3c-c0813e207a01"
"10","e7860b31-66dc-441d-8f3c-c0813e207a01"
"4","1010148c-bd9e-4e8d-8ab2-cc179fdda786"
"10","889dfe57-1a9c-4d2e-a30c-663632d1b0a7"
"7","16e61526-d389-45fe-8c47-db08e961f10a"
"8","16e61526-d389-45fe-8c47-db08e961f10a"
"4","582754a6-b033-47d8-b2d5-e8bac056d9e2"
"6","ef7f2d94-77ec-4881-bc72-35207fd82d70"
"10","56b3fcf6-2033-4fa4-95fb-ac8eb2bd01cc"
"4","56b3fcf6-2033-4fa4-95fb-ac8eb2bd01cc"
"2","7fc32798-b9f1-49d0-894d-2901eda81d57"
"3","fec75c5e-bad8-49c4-8ab2-b40d9853255e"
"2","c941bd5a-ae99-41d6-8ee6-7da1f1a23d70"
"5","19f168d5-8d22-49ec-b46e-c4800554bf18"
"2","4901b85c-3c6f-4112-966d-2ee5c16cf166"
"10","497f66ab-0262-44a8-8257-94f088759f5d"
"6","7213662e-e74b-45c8-bf76-3f872f22951d"
"1","2c79032d-7bb4-4ae4-9a80-3dfd21236ae4"
"3","e1b076a0-c57c-4434-9c73-3de99927e412"
"7","d29f3f6d-b179-4fcb-aa03-8a058e812fb9"
"8","d29f3f6d-b179-4fcb-aa03-8a058e812fb9"
"5","68ab6ffe-7c41-4e9f-9c67-f9c29d475a72"
"1","68ab6ffe-7c41-4e9f-9c67-f9c29d475a72"
"3","f2af7542-34ac-4ae5-82a3-1c21a3b4fb61"
"8","f2af7542-34ac-4ae5-82a3-1c21a3b4fb61"
"7","f2af7542-34ac-4ae5-82a3-1c21a3b4fb61"
"6","2b275a5e-6e5e-479f-8b6d-97982d784180"
"2","13f52bca-6133-4ca6-b69e-11091a60db14"
"3","4f43c820-6958-49f4-b9bf-0acd9a93698b"
"8","4f43c820-6958-49f4-b9bf-0acd9a93698b"
"7","4f43c820-6958-49f4-b9bf-0acd9a93698b"
"4","96966984-e72a-4a48-80f2-f338cb2ebb2b"
"10","96966984-e72a-4a48-80f2-f338cb2ebb2b"
"3","56c1aeaf-6368-4b93-ad27-5ddce7e7853c"
"3","47846767-5d25-4a3b-84c5-fab5ba777389"
"1","e226ac44-f82a-43d2-974a-ed8e27935bf0"
"0","e9f523c6-bc71-43ca-876a-5ac75b847f89"
"1","e9f523c6-bc71-43ca-876a-5ac75b847f89"
"4","932c69ef-e96f-4148-bf4c-d7c78dedef1d"
"3","e8c93cd9-c67b-4e41-bb6a-f81dc8a4046d"
"8","e8c93cd9-c67b-4e41-bb6a-f81dc8a4046d"
"7","e8c93cd9-c67b-4e41-bb6a-f81dc8a4046d"
"4","f12cf738-de9d-4b7e-bca5-2abe032aeea1"
"10","f12cf738-de9d-4b7e-bca5-2abe032aeea1"
"3","7253241d-d20e-405b-9254-418d08862fdc"
"2","303c146e-6b87-4020-b00a-510d6b9e5d17"
"1","303c146e-6b87-4020-b00a-510d6b9e5d17"
"7","52ede6cf-7fbd-4acb-94ca-6091f1f86661"
"8","52ede6cf-7fbd-4acb-94ca-6091f1f86661"
"2","7fd3b138-4d78-4b5d-bc25-5785745bfbf2"
"1","7fd3b138-4d78-4b5d-bc25-5785745bfbf2"
"1","6b4b2738-6554-4056-80d9-0304d4304121"
"2","7f5b1a5e-c145-4d16-aa52-c12f43f2a8f0"
"8","0ab56429-6d91-497b-9581-d296a1bb8c48"
"9","0ab56429-6d91-497b-9581-d296a1bb8c48"
"6","3215eac4-42ab-4a55-8c84-591228fe70d7"
"10","0c7d0df6-14f9-4e40-93af-d38620a0edab"
"3","870a5fa5-e55a-4648-a772-7d00eb207ed7"
"8","870a5fa5-e55a-4648-a772-7d00eb207ed7"
"7","870a5fa5-e55a-4648-a772-7d00eb207ed7"
"4","79203124-1994-49cd-8217-da7df5af7d41"
"5","02b5fe56-6f81-4cfe-b24b-6192b9d7d8c0"
"2","4e93e71d-26d2-491b-a2f9-0040cb1fbcf2"
"6","ed6cb6bd-b455-4875-b398-4b6bde64fb4d"
"8","ed6cb6bd-b455-4875-b398-4b6bde64fb4d"
"2","935f358d-55cb-4b56-b95b-10856cc4a164"
"6","bff7261e-1fd4-4762-abc6-97461c210446"
"2","d20c8b85-eb00-4db6-8c79-3007fcbd4088"
"6","b1481ca8-d8a2-4df0-adfc-96c7e90dae66"
"0","72e98cfc-1dd2-45d4-802b-cb01090b628f"
"1","72e98cfc-1dd2-45d4-802b-cb01090b628f"
"3","9275344e-0b3d-4f5f-96fb-8595f5a3b100"
"2","a042b605-6194-4d65-82ce-6bf1239f22b6"
"2","d677e37d-e710-4443-a60d-4a75d449a9ff"
"1","d677e37d-e710-4443-a60d-4a75d449a9ff"
"5","247aee7d-3308-4025-93f9-f18484af880f"
"6","9d3be074-5f80-4515-87a6-ac9a8b037284"
"10","4a5c938a-10d5-4c88-826b-e807d78c7609"
"6","101b87c8-1f30-40ef-9d90-ebe4abf841df"
"2","91432419-e4fb-4afb-9e6b-2c49d8b95cec"
"3","44ad8662-a08f-4f9f-8f75-2ef9d387bc77"
"8","44ad8662-a08f-4f9f-8f75-2ef9d387bc77"
"7","44ad8662-a08f-4f9f-8f75-2ef9d387bc77"
"5","2698dabe-fa18-48be-b1c4-586b70574d0f"
"1","2698dabe-fa18-48be-b1c4-586b70574d0f"
"6","ec5c9e7e-d139-4da8-b87e-43bd1e3bfbd5"
"5","4045d56d-f06f-4eeb-a34e-0880ea70b051"
"2","1f10f1fd-12c4-413c-b81e-d0112d8dd0c9"
"1","1f10f1fd-12c4-413c-b81e-d0112d8dd0c9"
"3","c1312e09-e075-4bac-affb-d360c356e2a5"
"8","c1312e09-e075-4bac-affb-d360c356e2a5"
"7","c1312e09-e075-4bac-affb-d360c356e2a5"
"2","1dc4b177-ce27-496c-904f-7a21f81fcb1b"
"2","d5beff3c-0184-4e32-a0d5-49b06effef8f"
"1","d5beff3c-0184-4e32-a0d5-49b06effef8f"
"2","d141cb6c-509c-4ce4-a2dd-f390f354ac4f"
"1","d141cb6c-509c-4ce4-a2dd-f390f354ac4f"
"2","ab86c345-fb7c-4b31-b967-0843ad4f1708"
"1","ab86c345-fb7c-4b31-b967-0843ad4f1708"
"4","49f86155-dd3d-4938-8063-03fcdb17ded5"
"7","49f86155-dd3d-4938-8063-03fcdb17ded5"
"6","118cb82f-5a64-4702-8ab0-1e15f72b4be2"
"3","0b9a1670-3cd0-4064-ba9b-cb487feda9bb"
"4","1cd6d769-14d4-4aa8-9eb1-f86907d6dcb8"
"2","eb4ff474-6ab2-440c-ae49-38b9e9ea9fab"
"1","eb4ff474-6ab2-440c-ae49-38b9e9ea9fab"
"0","1e75affd-5ec5-4bd3-9e92-d4f1108568be"
"1","1e75affd-5ec5-4bd3-9e92-d4f1108568be"
"8","4d69b3dc-0296-4492-a613-2fc7a37e84d4"
"9","4d69b3dc-0296-4492-a613-2fc7a37e84d4"
"5","d6737606-7402-4169-8239-2a77d6c4f2fc"
"1","d6737606-7402-4169-8239-2a77d6c4f2fc"
"4","67b98b7b-a8f4-43d1-9bfb-51c0300e8e50"
"10","67b98b7b-a8f4-43d1-9bfb-51c0300e8e50"
"5","d60bd7e2-405d-41bd-9b9d-0e7610a1b1d6"
"3","f705a477-8dcb-49bb-ab35-35c64f098684"
"2","4c74d34f-33c5-422e-9c37-1c4e3bf9d4ab"
"4","c97af742-f00d-4522-8135-9c61d5555cae"
"7","c97af742-f00d-4522-8135-9c61d5555cae"
"6","185086fa-39e4-45be-a0bf-fedfe938bd77"
"4","861d2ad2-f73c-4e4a-9703-67b87eed8d12"
"0","bf63698f-f297-4f08-bc06-c0cbf448765f"
"1","bf63698f-f297-4f08-bc06-c0cbf448765f"
"1","926754c9-1b5d-49f2-8c06-e068d00739ea"
"3","e6f9fb8c-ad8d-471a-8f08-57c162c7b647"
"8","e6f9fb8c-ad8d-471a-8f08-57c162c7b647"
"7","e6f9fb8c-ad8d-471a-8f08-57c162c7b647"
"10","218a402f-27ed-40ea-9146-ca38f3351d65"
"1","ae00c36e-259a-4641-ad3b-e50561c920c4"
"4","6d9780a4-7c2e-46b0-b35e-dfc58a73eb71"
"10","6d9780a4-7c2e-46b0-b35e-dfc58a73eb71"
"10","10861e08-f895-4d78-b7ac-fcb487362ba1"
"5","1bda14f6-058d-4f6f-be72-e381c9e781ba"
"1","1bda14f6-058d-4f6f-be72-e381c9e781ba"
"5","cdcebd6c-3f89-483e-883f-ed29fad64ca2"
"3","133606b2-2be5-4ef4-aec5-7c75d1030345"
"0","13315bb9-2244-42e6-8082-a2f6b21c4713"
"1","13315bb9-2244-42e6-8082-a2f6b21c4713"
"6","0f0656a1-2793-42ef-b0a0-699ccbe024bf"
"6","8145512a-49ad-4746-b956-33a51829e99e"
"5","af15a65c-1a0b-4251-81e5-9bcad5e354b1"
"5","c9124bd6-4a80-466e-83fc-fc9f6a07361c"
"10","6be65cac-04d1-42fe-87f8-36badca5f0cc"
"6","0d90f134-5397-4a17-82ff-ba6a92578f29"
"10","4cb4451c-9616-4a2c-b370-2157889495a7"
"4","4cb4451c-9616-4a2c-b370-2157889495a7"
"8","765d0ac7-0ec8-4cba-aa8e-13cbc3dd987f"
"9","765d0ac7-0ec8-4cba-aa8e-13cbc3dd987f"
"5","edd4f6a4-8585-4acd-a578-0d397a9c976a"
"2","384346d1-2831-4b03-9ed7-1decea6cae14"
"1","384346d1-2831-4b03-9ed7-1decea6cae14"
"3","d84d5216-cd8a-46cc-8748-fb7870f1ae2d"
"6","30e796fa-8aa0-4667-989c-4e9c1ab79355"
"4","7d3c1770-fed4-464c-b280-7733e7af70b0"
"7","7d3c1770-fed4-464c-b280-7733e7af70b0"
"2","45983075-5a26-49c9-bf5c-cf84947af6da"
"5","dc7a1099-d246-4239-9b24-1e151015ecc3"
"6","eeab4594-02b5-4642-bb73-9f27dcf6256e"
"5","647abd2d-86ff-4a34-a824-a801cb3e0ce0"
"6","e862f9d2-7208-4d8c-9d19-89274a456bb9"
"5","8f0397e2-6e84-4083-8643-137770e65923"
"10","cd0d8cbd-9e73-42e6-9a53-af72300f3e43"
"4","cd0d8cbd-9e73-42e6-9a53-af72300f3e43"
"3","dee7f963-67ac-4caf-b8fd-c4c067f6aad7"
"8","dee7f963-67ac-4caf-b8fd-c4c067f6aad7"
"7","dee7f963-67ac-4caf-b8fd-c4c067f6aad7"
"6","1d384b4d-54df-41b6-afae-85ca2b6d44c7"
"3","203d232e-4c5e-4bd8-a862-b3382dd3ed74"
"4","b35d0f04-cdd5-4c37-978e-2624b283b9aa"
"4","3688b098-d142-401e-9ce9-fba648449cb3"
"5","3280ce07-256d-4b49-9405-ffb878eabba9"
"1","3280ce07-256d-4b49-9405-ffb878eabba9"
"7","66ebc049-0a90-4c5a-8d5b-b83e3bfdc00a"
"8","66ebc049-0a90-4c5a-8d5b-b83e3bfdc00a"
"4","f15a1562-c982-45fd-80eb-9aa14d3b3f54"
"7","f15a1562-c982-45fd-80eb-9aa14d3b3f54"
"3","b5a52fb1-c1e1-4f93-8650-1f571aee4b4a"
"0","98f13f4c-0ba9-49e5-b187-a47e622c8779"
"1","98f13f4c-0ba9-49e5-b187-a47e622c8779"
"5","bc820a55-899c-47bc-822c-2e9766ca6f82"
"5","f3a9ba38-e107-4765-8acd-87db83adfc23"
"5","a7f6c768-d9d4-4ff8-97df-fe3d2b516563"
"1","a7f6c768-d9d4-4ff8-97df-fe3d2b516563"
"4","fac8216c-0548-423a-a417-c3798ac5f7d1"
"10","fac8216c-0548-423a-a417-c3798ac5f7d1"
"2","c76e86ef-c4e2-4220-8c20-df8f4a140261"
"2","1f2911fd-13b1-4f7b-94aa-eed26b2d7edc"
"5","c25f0b01-9dec-4e51-ba07-aa9c1c625221"
"5","0b3c0755-579c-4aab-b219-f04269843e22"
"5","d45b1d80-092d-4ef2-8d86-9b16326406ad"
"6","d0886cea-8460-40a6-a30c-772604da3b3a"
"7","541b1c86-f17a-4ddc-8c9b-311d32c06b9a"
"8","541b1c86-f17a-4ddc-8c9b-311d32c06b9a"
"5","771738c5-db6f-4d91-830b-f7e2b3744b82"
"1","771738c5-db6f-4d91-830b-f7e2b3744b82"
"4","9ac125d1-e4f4-4e12-b929-eedce7cf9382"
"7","ceceda2f-e1e0-4d57-b6a5-945aa2ae286e"
"8","ceceda2f-e1e0-4d57-b6a5-945aa2ae286e"
"5","dc688543-2595-4e5f-9fbf-81cd1b4b98f0"
"5","0f231724-1205-494c-940b-c7a792b76684"
"1","0f231724-1205-494c-940b-c7a792b76684"
"5","181e2248-3881-48da-885c-da86da68d985"
"1","181e2248-3881-48da-885c-da86da68d985"
"4","1e7dc923-1183-4d28-a28e-b81f3ff40893"
"7","1e7dc923-1183-4d28-a28e-b81f3ff40893"
"5","15d7501e-aab0-4320-9e49-a4a6fc1f0872"
"8","28dfc2d0-5dee-4c20-9368-3a1f5fa5f6cd"
"9","28dfc2d0-5dee-4c20-9368-3a1f5fa5f6cd"
"4","ffa93e71-daff-4a19-b632-3112ed532029"
"5","1d7f8d20-9acd-4a8a-aa92-e2ef53371ec8"
"4","7b01cddd-cd7f-465f-b0e4-503408d963d2"
"6","14c08984-1650-4436-9cee-55504f70c59b"
"10","343e6660-6b26-4ca4-bc1a-0e4fe54493f7"
"2","13007298-e78f-405f-a644-6565dd58f06f"
"2","4c1bd583-0b8c-4086-bbb6-4a3b65b75179"
"2","3e494a42-764e-40da-a16c-75101cc5b593"
"10","280ab812-a77c-4737-b6a8-242366bf41fb"
"4","280ab812-a77c-4737-b6a8-242366bf41fb"
"4","087fc90c-0752-4582-bacf-b04ecb2d8db2"
"7","087fc90c-0752-4582-bacf-b04ecb2d8db2"
"6","4d2637fc-b397-437d-86a2-136042e52106"
"10","a6660ee7-418c-455f-b56f-b446ff2aa488"
"5","ea1cfe95-46b8-4b74-a033-eb0244e5f921"
"4","177fe358-e4c1-4645-abbc-830318c1cd39"
"10","177fe358-e4c1-4645-abbc-830318c1cd39"
"2","60e763ac-0650-4698-8bdf-0ed805e27e84"
"1","60e763ac-0650-4698-8bdf-0ed805e27e84"
"6","dd0a1db2-1f4f-48e3-bd12-39332bcb80c1"
"2","e9a19360-7fb7-4bf9-81da-537d51824c18"
"2","2fb33588-5d94-400b-a8a8-47bbb4fa3ca6"
"1","2fb33588-5d94-400b-a8a8-47bbb4fa3ca6"
"5","ff131870-cc27-4173-a69f-0037e0e0cad9"
"5","54e7f76e-0841-4054-bc1a-c6ae763ae37a"
"5","56c50d1b-0a9a-486e-8f08-4a8cd826f6b1"
"5","1a6a2ec1-4d3a-4802-ba90-fd3e74b7ea25"
"1","1a6a2ec1-4d3a-4802-ba90-fd3e74b7ea25"
"6","4769476b-58e8-4846-b2c5-e662f57d9c7b"
"0","2d6c782d-2aaf-4fba-b3ef-4efa3608972a"
"1","2d6c782d-2aaf-4fba-b3ef-4efa3608972a"
"5","9745c846-32a2-4c2b-aa17-8c518f4db729"
"0","d5e46469-d30b-43a6-88d7-853ebc6ce0d1"
"1","d5e46469-d30b-43a6-88d7-853ebc6ce0d1"
"6","acc49ffc-774e-45f8-a8db-138692abd09f"
"8","acc49ffc-774e-45f8-a8db-138692abd09f"
"2","0c2903e8-9efd-4ee9-875d-76b2db07eab5"
"1","0c2903e8-9efd-4ee9-875d-76b2db07eab5"
"4","1e1cf638-cba3-45f8-9728-554dfdcc82dc"
"6","4424b66a-de57-4820-98bc-07532fec6eac"
"5","db93ac54-7043-4561-a981-eefadf115b3f"
"2","7f752874-a41f-4aa9-86cc-657fc8d8b861"
"1","7f752874-a41f-4aa9-86cc-657fc8d8b861"
"4","444c106e-9073-44df-a8fb-59c3b2227784"
"10","444c106e-9073-44df-a8fb-59c3b2227784"
"5","9465ef12-306f-441f-8893-b03ecd1630c0"
"2","9182f14d-b3d2-41bd-8484-30c051a97f4f"
"6","c3fd170c-8590-434b-90bb-30dc55500092"
"5","692bee47-97c7-42f2-884f-aeb10226c674"
"1","692bee47-97c7-42f2-884f-aeb10226c674"
"10","2c0abcf7-c3eb-47a4-8e40-cd1437455462"
"4","2c0abcf7-c3eb-47a4-8e40-cd1437455462"
"3","063dd24f-ff08-46a6-a505-30d3c8da4300"
"7","6a4d72a2-aaca-4d8f-95da-2e2b2e4618e6"
"8","6a4d72a2-aaca-4d8f-95da-2e2b2e4618e6"
"4","5f7d6fcd-dccd-4b98-bbfa-f869450c3424"
"2","f8666789-3b6b-4abc-99d5-08868f6402a6"
"2","5e0f4991-3b7f-4a96-9ae8-4c5e99b7bd5f"
"3","da2d9003-8e68-4c8b-a571-842b8dd2b76a"
"2","00e15b92-cd63-4bbe-b57a-4eda0adc478e"
"1","00e15b92-cd63-4bbe-b57a-4eda0adc478e"
"6","a6bb57f8-5650-4cea-b5a6-d7acc6794ecb"
"8","a6bb57f8-5650-4cea-b5a6-d7acc6794ecb"
"2","1eed06e1-5dd5-4dbf-8f02-7744df1b2c6c"
"8","b2631d61-ffd0-4416-8557-ca17c576a626"
"9","b2631d61-ffd0-4416-8557-ca17c576a626"
"4","d828df02-8243-48bf-b0d7-541f1a9a621f"
"2","f2677dda-aed7-4474-a9c7-4b0cfc84fffd"
"3","691edc6a-cb26-41cf-a2b1-c37c70dd5e8e"
"8","691edc6a-cb26-41cf-a2b1-c37c70dd5e8e"
"7","691edc6a-cb26-41cf-a2b1-c37c70dd5e8e"
"0","2936c31c-85ba-4e48-9cbe-3c229f47dba4"
"1","2936c31c-85ba-4e48-9cbe-3c229f47dba4"
"10","843861f6-a2f3-416c-9956-ac239aeba4b5"
"4","843861f6-a2f3-416c-9956-ac239aeba4b5"
"7","ca36abf5-7927-464f-b132-c662d2a3ceb7"
"8","ca36abf5-7927-464f-b132-c662d2a3ceb7"
"5","4f61d22b-4a5a-4279-aea6-95d66fafae25"
"2","cd51e3d7-f35f-4271-91de-4101e88b2699"
"7","e99bc00d-4335-4af9-ad1c-a3c98b0a8d98"
"8","e99bc00d-4335-4af9-ad1c-a3c98b0a8d98"
"4","780fb817-743b-4859-9720-82f3acac1710"
"7","780fb817-743b-4859-9720-82f3acac1710"
"6","77934b35-d653-4bf9-9238-5e62564c1c4a"
"4","3ab20dee-29ff-4510-925c-157083dacc50"
"8","d812d43c-0659-4620-ab4c-e28ff3fcb750"
"9","d812d43c-0659-4620-ab4c-e28ff3fcb750"
"5","90a2b937-9e18-4497-962a-703ea3ecd9f8"
"4","746826b9-9cbc-4f81-a4b2-8c495e79383e"
"7","746826b9-9cbc-4f81-a4b2-8c495e79383e"
"5","38bd3746-da76-496b-a3a8-4fc404090ad3"
"1","38bd3746-da76-496b-a3a8-4fc404090ad3"
"5","1b2c550d-9a1e-46bc-a289-151df575cb03"
"1","1b2c550d-9a1e-46bc-a289-151df575cb03"
"4","f029213a-9af0-4bf7-b5be-82a66622d49a"
"10","f029213a-9af0-4bf7-b5be-82a66622d49a"
"4","77ef9fb9-e135-40f2-bcbe-26a16218fd4e"
"7","db5a97db-6b3b-411a-ad7f-c0333b1b114c"
"8","db5a97db-6b3b-411a-ad7f-c0333b1b114c"
"4","1d13ef45-45ec-4982-9859-fc39e07e1700"
"5","5475e604-cdb1-4523-b8c7-9d501b5bf4b0"
"3","1e23dafc-c207-4399-b3c6-c9650d8bad54"
"8","1e23dafc-c207-4399-b3c6-c9650d8bad54"
"7","1e23dafc-c207-4399-b3c6-c9650d8bad54"
"5","f9146046-2a05-45a4-9867-f1500417e68f"
"1","f9146046-2a05-45a4-9867-f1500417e68f"
"10","750c0b02-210d-4795-b13b-5fcc204b680b"
"4","750c0b02-210d-4795-b13b-5fcc204b680b"
"7","88c3c55f-5f0b-4180-8c9e-74b9ff1211e2"
"8","88c3c55f-5f0b-4180-8c9e-74b9ff1211e2"
"3","2e8d779f-60e0-4a31-8554-cf3b92f6b18b"
"8","2e8d779f-60e0-4a31-8554-cf3b92f6b18b"
"7","2e8d779f-60e0-4a31-8554-cf3b92f6b18b"
"6","a258b2d6-348c-4e64-9370-d770fd3218e6"
"4","2b1ca4b3-d696-4f92-b52e-7b1dc5723a92"
"10","2b1ca4b3-d696-4f92-b52e-7b1dc5723a92"
"2","e97bb60a-405b-41d8-aa68-9fa8e0a8bb49"
"2","83d62fc2-0455-4f32-b126-6a446a908d34"
"10","b0a1b6fa-b83b-4764-bc9c-86fc4c61b23f"
"4","b0a1b6fa-b83b-4764-bc9c-86fc4c61b23f"
"3","45772d28-6d28-4574-a3a1-d8a6960a6c65"
"2","dc183655-f10f-4b5a-ba11-ee67d80a2acc"
"3","91e5d368-adae-470f-ba20-fde0fcf4f32f"
"8","91e5d368-adae-470f-ba20-fde0fcf4f32f"
"7","91e5d368-adae-470f-ba20-fde0fcf4f32f"
"3","2de7260a-7c1b-4650-8416-0d9fc3b00255"
"8","2de7260a-7c1b-4650-8416-0d9fc3b00255"
"7","2de7260a-7c1b-4650-8416-0d9fc3b00255"
"3","f83d9e59-b4a7-4906-859d-ab9f60535cc9"
"8","f83d9e59-b4a7-4906-859d-ab9f60535cc9"
"7","f83d9e59-b4a7-4906-859d-ab9f60535cc9"
"6","6d606fb4-32bc-469c-94c7-aa2324b68197"
"3","fa95034c-753c-4ca3-947d-6d22419597e4"
"1","297cf445-7714-4232-8c61-486d91ea5c36"
"4","ce37b5b7-540d-49cc-8bd2-d1627ff1242a"
"3","37443be5-2e82-4a64-bb53-fd1aa548243e"
"6","0f32f1ef-39a9-48de-b554-82d0f745ce54"
"5","b7414cd0-ec53-4a95-b5e4-94131d07830a"
"5","aa2df006-ba0e-496c-81b0-3cc233d53f9b"
"1","cfeccad2-4446-4e4b-a56e-558c2b9320ae"
"0","66a9418b-982a-4b21-bb69-530e467f09aa"
"1","66a9418b-982a-4b21-bb69-530e467f09aa"
"3","dcffa661-7890-4b3c-abe9-d26ac7f6676c"
"2","dc7a9a99-c694-48de-9160-060137af6452"
"5","c052c6fd-29b8-4edd-89ed-28e2dd33907e"
"10","42b3ea28-fd4e-4080-90d9-389c8a5ab67e"
"5","ffada00e-36d5-4bfb-b45d-47423697afad"
"5","fab78910-8883-4f52-9c65-0a1c56629b18"
"3","699de653-a2ae-4f2f-adcb-807eb78254d0"
"2","f707b48f-cc0e-4118-b120-15049779a37a"
"5","1147b849-7c44-4489-833e-34dadb71b4bf"
"8","5044812b-f3ad-4110-b0b6-b8bc82894d69"
"9","5044812b-f3ad-4110-b0b6-b8bc82894d69"
"4","b9187af8-08a5-4054-aecb-a67bb2155b8a"
"2","a39e0425-f69a-4e43-a7bc-4822ecd272af"
"3","39ff672a-d104-4126-9b34-3c48021dad48"
"8","39ff672a-d104-4126-9b34-3c48021dad48"
"7","39ff672a-d104-4126-9b34-3c48021dad48"
"6","29ad691c-03fd-463d-be02-7e8655c1763c"
"2","db01eaa8-c116-458d-9d1a-875c128bf512"
"6","ec27ec2e-b6e1-4d19-b2e2-0c7627a07042"
"7","5d0401f9-91a2-4014-8049-681c063e8c7d"
"8","5d0401f9-91a2-4014-8049-681c063e8c7d"
"4","0355fbb7-f708-4b06-8f2f-edd84a8686d3"
"6","1d25cec4-7245-48d9-a9dc-ff1b4d8133ab"
"6","6693fc32-d74e-41b1-b288-edf4517e104d"
"10","71b70b10-b39c-4fe3-a578-a06b1e1410d1"
"4","71b70b10-b39c-4fe3-a578-a06b1e1410d1"
"4","bb4be12f-bd17-4924-b972-d352bd2d9799"
"10","bb4be12f-bd17-4924-b972-d352bd2d9799"
"2","d5ac7598-ba39-4374-be78-9ea0079fda43"
"10","cd2aad12-f9e4-4e30-88a1-1618ecf50577"
"4","cd2aad12-f9e4-4e30-88a1-1618ecf50577"
"2","ec772164-96eb-424b-b65f-8800852af72e"
"2","f1db8d03-db8f-41eb-8207-18457e8a2a49"
"1","57e837ff-5f3d-45eb-86d2-2e4d6d0cb7d3"
"5","ab095cd0-f6a6-43e3-a7eb-86ebe71be7cb"
"4","45a8dcbd-1ea7-4614-a5c8-7400ba729ea6"
"10","45a8dcbd-1ea7-4614-a5c8-7400ba729ea6"
"2","55ea633f-4303-474f-833b-f14d6ee185e5"
"3","85e72c14-d15c-4634-b4b3-dcc0f6562b58"
"10","c7f1242e-7d03-416e-ba34-86c5fd02f3f4"
"4","c7f1242e-7d03-416e-ba34-86c5fd02f3f4"
"2","83e3b6ea-b408-4225-8d07-669652e93fd2"
"7","4690f927-1355-423d-880d-af1cf28329d9"
"8","4690f927-1355-423d-880d-af1cf28329d9"
"2","85ab2476-1623-4f45-b3ae-08679abf0d19"
"2","e0ead4e7-06ed-4319-b67a-a7cefa2cc9dd"
"2","83629853-207a-4508-aefd-6de0dec31a76"
"6","d4c1662c-ce90-4ea7-a16a-ff04880956c3"
"8","d4c1662c-ce90-4ea7-a16a-ff04880956c3"
"2","3b2d2621-e482-41ba-a95b-95dbf396fcd4"
"5","9a8423f7-7fe8-49e5-81f3-271cc9d39dc1"
"6","a193a6f0-e36e-4a8a-87a7-03f7c4855d78"
"8","a193a6f0-e36e-4a8a-87a7-03f7c4855d78"
"8","7ea839e1-5cef-4cb2-ba60-b33762e9376c"
"9","7ea839e1-5cef-4cb2-ba60-b33762e9376c"
"7","35cb5096-bd77-4e11-8729-ff24107d3084"
"8","35cb5096-bd77-4e11-8729-ff24107d3084"
"6","873d1cc2-063c-47b3-89d4-3e92da45294e"
"8","873d1cc2-063c-47b3-89d4-3e92da45294e"
"2","0b3d9bf6-6353-4825-a1f8-ae4b54f1eacf"
"10","18bb0156-1f89-4c09-b1dc-23931491048e"
"4","18bb0156-1f89-4c09-b1dc-23931491048e"
"6","0d7bbb09-52cb-4ff5-9bf6-d84d4a452d4d"
"1","a05229d7-6c5c-4219-a97f-3c2fe8dba60c"
"2","9f57d845-22d9-4bd5-acab-75f0c4efbf20"
"4","b03b0f30-307a-492b-96ba-750669685ab7"
"10","b03b0f30-307a-492b-96ba-750669685ab7"
"2","335639fc-77e9-4819-bae8-b466dca72436"
"5","9a8c8959-5b34-472b-b87e-5624b6590494"
"1","80734405-0939-4a48-94f5-eb4b1a258858"
"4","9476b432-f624-418f-9d1c-a74324bf6fa6"
"2","52fd2768-645a-460c-90dd-f219008d2831"
"1","52fd2768-645a-460c-90dd-f219008d2831"
"2","4d171ad5-1eac-4a7a-a61b-1ef6643bf9e9"
"6","f49da1ba-151e-43bd-95f2-4a9f0b5bf7aa"
"4","68230cb0-6575-4c83-a451-49dd40d42fba"
"2","f74fc05f-abab-4f74-8380-01616b1f7dea"
"1","f74fc05f-abab-4f74-8380-01616b1f7dea"
"3","6725f769-24df-490a-806a-81a15c9364cc"
"2","bd3e1427-f265-4ed0-87c1-bd367dbba20e"
"1","bd3e1427-f265-4ed0-87c1-bd367dbba20e"
"6","c1fd1de6-a9e3-4167-a54e-f2d3eff23f09"
"3","695230e2-0328-4086-925e-53e96512e020"
"1","2b1ce304-359d-474c-86db-137ed7abfb62"
"4","516be9fb-7317-430b-a9a6-09c0f902a8b9"
"2","05607ae1-5d11-4855-85d1-a951fd0a3adf"
"5","29c9536b-a7b2-4a2e-a5da-071ced5c6f57"
"1","29c9536b-a7b2-4a2e-a5da-071ced5c6f57"
"2","015bc22c-2eaf-4775-8805-a1782aaf8a8b"
"10","43186b90-abca-49d1-af60-e743a7002e95"
"1","3520fb34-4446-4575-aacc-2242c29299c6"
"10","4360d5a5-2efb-4bf7-83fc-562cbe207d8a"
"2","b7c2f2e9-a4e2-4127-ac25-634e4c98b0b3"
"4","4bd2ef76-2eb5-404b-967d-ed7fe4264498"
"10","4bd2ef76-2eb5-404b-967d-ed7fe4264498"
"6","f475ddd7-e132-41c4-81c5-d19afee50687"
"1","480cc85e-dcc2-4664-9680-79c4e9fec457"
"10","05073b41-eab1-4023-be05-58e7424bd66e"
"2","7861460a-c584-4e58-9ce5-68338c9f4239"
"2","16e675ac-99ff-4a03-8126-cbb7473b146b"
"6","883e1272-a986-4443-8928-cb2fcefcf5b7"
"5","b0f8e7ff-6f3c-4c2a-9e0d-a2d835d2852f"
"1","b0f8e7ff-6f3c-4c2a-9e0d-a2d835d2852f"
"2","3309d0b1-a415-4f06-a7b2-48f5a0ea27fc"
"10","51ea6837-9830-4488-8b18-779c232aa1ad"
"4","51ea6837-9830-4488-8b18-779c232aa1ad"
"0","bc5ca3f2-876a-4bb4-9a31-e3f6961ff97a"
"1","bc5ca3f2-876a-4bb4-9a31-e3f6961ff97a"
"5","eea566c4-6a2f-475a-8847-e32b7eceb00a"
"6","e9a8d233-e9bf-42a3-984d-ed02f6f93c5f"
"10","4b6ed036-f42e-4d97-a8b7-e3a5b221956c"
"4","4b6ed036-f42e-4d97-a8b7-e3a5b221956c"
"2","4850b715-cf0b-4717-8e65-90caa30da25d"
"2","0f0fc522-6be4-4fd7-882d-cf6e934f0e83"
"1","0f0fc522-6be4-4fd7-882d-cf6e934f0e83"
"1","c919693a-08cd-4637-a8ed-31892e1344b0"
"5","22cb9b31-f43e-4824-8c80-7b2ff63d8286"
"1","22cb9b31-f43e-4824-8c80-7b2ff63d8286"
"3","802d4a6e-3b35-41a7-b0f9-591dd858c096"
"8","802d4a6e-3b35-41a7-b0f9-591dd858c096"
"7","802d4a6e-3b35-41a7-b0f9-591dd858c096"
"2","9f5dc070-07cf-4fbc-90af-d9c50e528b7d"
"1","9f5dc070-07cf-4fbc-90af-d9c50e528b7d"
"3","28e4cc50-47da-46c3-b16d-ca9b12f1b0dd"
"5","7e6aabf9-f3d2-444e-8a6c-00bcccfddf67"
"3","e89d2ec1-8efe-45af-a347-10c9bda0a149"
"5","c206ecf7-62aa-4aef-91ed-5cc0abfb2bb5"
"4","89f0e7b6-32a7-4f80-94d9-a801f0c77573"
"6","cb64001f-fae5-4944-ad9d-774395411a48"
"3","83561789-ca08-4862-95ff-a1ee2d5179d1"
"5","5b03fc5a-6266-42b1-93dc-3ac9db58b771"
"1","5b03fc5a-6266-42b1-93dc-3ac9db58b771"
"10","d8a42e35-92f3-455f-93c6-0f51ecd3725f"
"4","d8a42e35-92f3-455f-93c6-0f51ecd3725f"
"2","8ab0700f-2deb-4a87-8089-ccc23f7f3c9e"
"1","8ab0700f-2deb-4a87-8089-ccc23f7f3c9e"
"2","7ef95006-b9bb-4780-8ed7-911b746ca523"
"6","5dc74734-80e2-4368-94cb-d4036ce200f2"
"7","b5641ac4-a16b-4afc-982c-25d2a0a81765"
"8","b5641ac4-a16b-4afc-982c-25d2a0a81765"
"0","96220c98-574d-4622-8751-7a461d4c9f49"
"1","96220c98-574d-4622-8751-7a461d4c9f49"
"3","e8d18fa8-4f36-4112-a319-d543d43aa5bd"
"3","c9bb311d-4b65-43ae-be19-017dd296803a"
"4","bd281a06-f6ee-4465-b5d0-6d42ec04ba31"
"4","23ac5b4d-e05d-4450-b0b3-d80f0f603a72"
"2","d0ccf55f-f9ba-4bb6-bb43-d539a11ca4d4"
"5","6518021d-15a9-4805-993d-c62efdf7c2df"
"6","d16675b8-61a9-470e-b0ae-2f8017727eee"
"8","d16675b8-61a9-470e-b0ae-2f8017727eee"
"4","29c8b361-a013-4de9-8cdc-36167c66fccc"
"6","34911a5f-8a6f-486b-8937-fa5cda5230e4"
"8","34911a5f-8a6f-486b-8937-fa5cda5230e4"
"6","b53435ae-1147-43ae-b719-ea0a72b99fc8"
"2","bcb53ced-0abe-436f-9166-16cbbe028d67"
"6","095a76d3-dcb1-4cae-b3fb-ba738064c9dd"
"3","f9adac29-6668-4f34-a4f3-89bf1847b956"
"8","f9adac29-6668-4f34-a4f3-89bf1847b956"
"7","f9adac29-6668-4f34-a4f3-89bf1847b956"
"4","20f1fa99-63f5-43db-b241-14317291dcd4"
"5","8395930a-1059-4bc4-b2d1-c6f6689a7402"
"6","35b43ba0-7074-4cdf-a7cd-29d330319f36"
"4","18358a6e-8bdc-48f3-a8e6-bebb9e6f6f5f"
"4","8d5f9a9a-8879-4fea-8552-bac85701ede3"
"4","cb46660a-e24b-40c0-b08e-a42fe521b45a"
"2","1df63054-a146-4276-b39c-c77b8b8c04df"
"1","1df63054-a146-4276-b39c-c77b8b8c04df"
"3","b349996a-4eab-4f60-a6d0-ba94076d0562"
"8","b349996a-4eab-4f60-a6d0-ba94076d0562"
"7","b349996a-4eab-4f60-a6d0-ba94076d0562"
"2","e335a64c-0105-4011-b942-ae260ff9591a"
"5","918b0206-3545-4db0-ad0e-0ae6058344e7"
"3","28cc743a-404d-4d56-b209-a058f6f5500d"
"8","28cc743a-404d-4d56-b209-a058f6f5500d"
"7","28cc743a-404d-4d56-b209-a058f6f5500d"
"5","100be9b9-5410-42bc-a986-9c85a6ff7347"
"10","e25d7b87-f122-48d8-be88-161305b68681"
"4","e25d7b87-f122-48d8-be88-161305b68681"
"2","b3b89b7f-5dac-422b-9a01-ca7fd864e9df"
"6","0d082a55-11db-478f-a01a-17bd9018963d"
"3","b254f23f-013c-4266-adba-29f37a98685f"
"4","2b76f135-8b0d-47e5-af92-a4275c7011f2"
"7","2b76f135-8b0d-47e5-af92-a4275c7011f2"
"2","4599ce1d-b1d8-4d47-a8f4-daef8095ffd6"
"1","4599ce1d-b1d8-4d47-a8f4-daef8095ffd6"
"5","8788e534-5775-4c09-869e-162fe1fb0ced"
"8","5b950d9b-83e2-42fb-be24-db967197e42f"
"9","5b950d9b-83e2-42fb-be24-db967197e42f"
"6","a040edf7-cd2e-4f1a-beb0-d620b52a3f99"
"8","a040edf7-cd2e-4f1a-beb0-d620b52a3f99"
"6","82023c78-e39f-4878-bf2b-f9e78eb5bdf4"
"0","91ff7fbc-06a1-4616-8691-b9a8f3ad0104"
"1","91ff7fbc-06a1-4616-8691-b9a8f3ad0104"
"2","b5d6b8dc-239e-45c5-a329-ae2d616842ee"
"10","8e1af539-6be3-4dfa-8fdd-30f0390af8a7"
"2","1e65da34-32dc-4537-a704-62e831a1990a"
"1","1e65da34-32dc-4537-a704-62e831a1990a"
"4","4ec984fc-7164-4604-99f6-cfa469182ea0"
"7","4ec984fc-7164-4604-99f6-cfa469182ea0"
"5","94364c3d-0c0e-451f-b6a6-0be181eb15be"
"3","3f2a1166-e499-4454-83f4-2df28d3222bb"
"5","c7ec3a09-a501-43d9-b3da-a84fc7a1432a"
"10","3064fef0-6664-4cf8-af6b-7c4ff73bbde4"
"5","e7794c40-c684-4a5c-af3d-4e06b7af95a1"
"10","5690788d-6736-4ac0-a7ea-b472bec00efc"
"4","5690788d-6736-4ac0-a7ea-b472bec00efc"
"4","efd10c73-6a8e-4569-b629-9c31fca0077f"
"5","7ec29f06-62b2-43be-8946-d56c166214aa"
"2","5da4e0f4-af46-4d32-aa19-c339242400b7"
"3","e77567ef-e1f4-4539-9e69-9d3bb446cc55"
"8","e77567ef-e1f4-4539-9e69-9d3bb446cc55"
"7","e77567ef-e1f4-4539-9e69-9d3bb446cc55"
"2","b4e899e8-4d0b-4173-a227-46171e04320e"
"3","0d2a047e-a3bc-4bac-8ad7-4dd943ac64c0"
"8","0d2a047e-a3bc-4bac-8ad7-4dd943ac64c0"
"7","0d2a047e-a3bc-4bac-8ad7-4dd943ac64c0"
"2","1dcd35b1-61ec-43c2-9c19-bfe33bee79b4"
"2","55e484c4-abd9-48e2-a3fe-bed43d23e17a"
"5","2ed518ba-802f-4aed-8303-43d3a1f9c495"
"1","2ed518ba-802f-4aed-8303-43d3a1f9c495"
"2","e2b4b283-2813-4a3e-8137-6ed7cef4f9dc"
"5","4992a1c7-64a2-430a-85a0-5cf8071e8150"
"5","e55ff7d1-67cb-46c5-83a7-b0902a8e5403"
"4","981c7576-addf-4edd-93d9-b9a01f0b737f"
"4","a9748bea-c5c9-4250-b408-301aee4a2f9b"
"4","38f6b534-2c34-4505-9b27-dcf608067c3a"
"5","1f9a9371-69be-4e63-8eab-001d2131d00e"
"1","1f9a9371-69be-4e63-8eab-001d2131d00e"
"5","857e5193-150c-40bb-966d-cabfc1f29278"
"6","853e6211-7b76-4b25-bdcd-8bbe2acb23bf"
"10","dce44f14-6ea2-4267-b533-7cedd6ea4bfe"
"5","199c29a5-0863-4c2d-bafe-0478abd41d6e"
"10","960a8d29-728c-4843-9e20-e8eb171225aa"
"4","960a8d29-728c-4843-9e20-e8eb171225aa"
"5","82c473fa-71ea-4014-ae36-18faff8f810c"
"1","82c473fa-71ea-4014-ae36-18faff8f810c"
"0","4b5ab784-a1d3-4b4f-8c7d-561023bf1a8c"
"1","4b5ab784-a1d3-4b4f-8c7d-561023bf1a8c"
"2","51c869c9-a8a8-4f19-ace1-6e092bb0c0b1"
"10","ed8dcc31-065e-47c2-b851-ae08b796387b"
"4","ed8dcc31-065e-47c2-b851-ae08b796387b"
"3","54361e5a-1e76-435c-90c4-883806f8f056"
"8","54361e5a-1e76-435c-90c4-883806f8f056"
"7","54361e5a-1e76-435c-90c4-883806f8f056"
"3","6eb7fa3f-b528-4c8b-a615-3764ded28485"
"7","4db66814-9410-4df3-8048-22398a989972"
"8","4db66814-9410-4df3-8048-22398a989972"
"5","c73ea85d-0cd1-4124-b4bd-bb1c76be1e89"
"1","c73ea85d-0cd1-4124-b4bd-bb1c76be1e89"
"3","c58e2719-f25c-425f-bd1b-c0b02d671bcb"
"2","28a95f6c-a694-4e09-9d56-33bb668dfe3f"
"1","28a95f6c-a694-4e09-9d56-33bb668dfe3f"
"5","5317f077-20af-429a-b7c4-dcbdd0fc100c"
"2","b9b92ed2-a21c-4d61-8ae4-c3246be923d6"
"10","e4f35b87-433d-4910-88c1-22a2ce2fc6a3"
"4","8cd099a5-80ea-4cdf-b9a3-2f107cc2ed84"
"10","8cd099a5-80ea-4cdf-b9a3-2f107cc2ed84"
"3","0bbc662a-676c-4183-93a0-26a5be93d260"
"1","08361a5d-5a38-4285-ac24-c1e30bb15f83"
"5","4e15f119-d03d-4ef3-b667-13f770eb1165"
"4","ca10cb47-d785-49de-982a-f8a573a5378d"
"6","35ad498d-349a-4d6e-91cd-2722c244f972"
"10","f21fc2f5-73a2-4f32-a466-f60f04a04507"
"6","2ed3c9a8-b4af-44c8-9663-2bbb5ad40a41"
"3","9e82cc2f-1751-4063-83ac-7fa9f01c27b6"
"1","b0769dd4-a8bf-4bd9-95d4-fab7d5e0aa87"
"10","d0193459-feef-429d-a79a-0d38f6c43c4b"
"4","d0193459-feef-429d-a79a-0d38f6c43c4b"
"2","827d2ab4-6528-4d35-b1ed-3a8fca508b1c"
"2","c6b93c71-a109-4f56-aece-50aed939c286"
"5","23e4be3b-1707-4fa9-a88c-a93c208d5148"
"1","23e4be3b-1707-4fa9-a88c-a93c208d5148"
"7","99f108e2-467a-4584-a388-3371dd0f4cb4"
"8","99f108e2-467a-4584-a388-3371dd0f4cb4"
"2","b0392c49-9535-4aad-ac8c-a2384436a77c"
"1","b0392c49-9535-4aad-ac8c-a2384436a77c"
"2","8c0d47d0-d2d3-4874-842a-ab62d0770db2"
"4","e33dd165-b806-4f70-8563-41e43de44b02"
"7","e33dd165-b806-4f70-8563-41e43de44b02"
"2","95e02b48-d255-48f0-8b91-21e579bdba3e"
"1","95e02b48-d255-48f0-8b91-21e579bdba3e"
"10","d33aabf1-8053-4fa9-a636-7dba273d77cf"
"4","d33aabf1-8053-4fa9-a636-7dba273d77cf"
"3","3a2d212d-d7d7-476c-aff3-c1971d7a7c0c"
"8","3a2d212d-d7d7-476c-aff3-c1971d7a7c0c"
"7","3a2d212d-d7d7-476c-aff3-c1971d7a7c0c"
"5","cb7cf65e-464a-426f-996d-3b92b0fd03ce"
"4","6171d467-d947-4032-8d0e-ca95b7254bb6"
"10","6171d467-d947-4032-8d0e-ca95b7254bb6"
"3","9b8ae7f1-30ea-4b7e-816c-5c8e95447028"
"1","5c2876d6-d6e5-4902-bc24-99ab282c154a"
"2","14a1298f-2ec5-48c6-aa0a-85a1bfb73fc5"
"4","ea7a6252-5d0c-489d-ab00-a24225dc9d81"
"4","a5b678be-5a7b-464b-a4a4-b937e62ddd8a"
"4","6ef5d561-4c6b-4e03-aeb2-981fa600400c"
"5","7c8a3ef9-7d28-4adf-a053-83e9ee47ce66"
"5","7529c7c2-bb40-437f-ad60-e31d39979a51"
"2","5ea116ac-7881-44b9-986b-f741585efb39"
"6","60890eb4-265a-40dd-84b0-16daae2ad2fb"
"2","4632ff59-d10e-4f1c-a5f4-689271956e7b"
"6","c11bc12b-ae6d-4696-ae2e-f04dcea117e7"
"5","6aa663f7-8c78-47cc-b16c-d36bdfb75ac9"
"10","4b47f07a-a432-4e6d-95f3-0df8cab4c9b2"
"6","08b72341-1ae5-4765-bba5-2d3ef2de799c"
"3","0d4958c0-6e68-472f-bd49-963585318b76"
"4","cac5dcdc-471b-4221-b308-d4ac5bab44b6"
"2","02b868d0-41a9-4760-81a2-3675b986764d"
"1","02b868d0-41a9-4760-81a2-3675b986764d"
"5","0e3cd59c-1b3c-4e4c-9232-e9a4604df064"
"1","0e3cd59c-1b3c-4e4c-9232-e9a4604df064"
"2","a273f29e-6402-4ab1-9ba9-dc368f064ec5"
"2","c7d0f7de-1d15-4a57-8c56-80e5800b3f24"
"2","917f6c9a-de10-48c6-a912-63eff950d7a7"
"1","177526ee-af38-4f33-ae4e-cf92ab9b56c7"
"8","36f2173a-76c6-4dcb-bf52-f17b888f9378"
"9","36f2173a-76c6-4dcb-bf52-f17b888f9378"
"5","72b2d42b-5aa2-49d0-a618-8eb815e616da"
"10","de25e7c2-4d8c-4c5c-906b-b424d02c1781"
"4","de25e7c2-4d8c-4c5c-906b-b424d02c1781"
"6","0eda1586-6c78-412f-8146-218508f82cbc"
"8","0eda1586-6c78-412f-8146-218508f82cbc"
"6","21976232-3a99-458e-a9ab-bf174d4bb18f"
"5","ac2f1e72-3661-416a-accc-40a45494ed5f"
"5","6b1bbba8-3760-4a55-9fee-83b0527b9dfd"
"5","8b6b171a-1218-4d04-8d47-6bf07360676d"
"3","1f2318ed-61c0-4631-a946-cf9d20cd2129"
"7","e54d4a6f-433e-4ce5-a217-fc6a7cfe5a6c"
"8","e54d4a6f-433e-4ce5-a217-fc6a7cfe5a6c"
"4","50950ac5-104d-4617-a689-413b7e63ddf2"
"0","7b4c3fbb-d22a-4fc7-9702-478f826a8b6a"
"1","7b4c3fbb-d22a-4fc7-9702-478f826a8b6a"
"7","ea2db2b1-a69d-4c6c-8b60-b2d9811dfc8e"
"8","ea2db2b1-a69d-4c6c-8b60-b2d9811dfc8e"
"10","5c5d4f0f-e346-42d8-a4f9-2063f935f96c"
"4","5c5d4f0f-e346-42d8-a4f9-2063f935f96c"
"3","a660686a-ce83-4666-978e-693d7a919a65"
"6","4f1c7bd2-0147-420c-be6c-51d5907d70ca"
"2","161abde9-f7d5-4080-b196-3b8c73c38433"
"1","161abde9-f7d5-4080-b196-3b8c73c38433"
"4","dbcf23ff-3975-498d-ad8a-363532ef9aad"
"4","23959646-6867-44b6-ac71-8b8a530af9d1"
"10","23959646-6867-44b6-ac71-8b8a530af9d1"
"4","ec05d2e3-1140-46c6-abac-a089499a926b"
"10","ec05d2e3-1140-46c6-abac-a089499a926b"
"3","b2de7836-eb76-455c-b2d1-b79e276272bb"
"10","f9eeaf99-0281-40dc-ad0c-cdae2a7000df"
"2","43349e17-263b-4a27-aff3-03bc0c50e404"
"1","43349e17-263b-4a27-aff3-03bc0c50e404"
"2","f64bdbfa-29ea-46cc-8505-f9cc0cce26d3"
"4","117d0d3a-a75f-424a-90a5-f8e53dcb178c"
"6","7fa65724-57e0-4915-952a-02f2efa7e6f2"
"6","bd040460-f41d-4590-a418-de0f9f2caeaf"
"5","d98deb05-4182-4405-a1f9-cee3323a92b1"
"1","d98deb05-4182-4405-a1f9-cee3323a92b1"
"3","385e89fe-8744-4918-bc7d-9807a59ded35"
"8","385e89fe-8744-4918-bc7d-9807a59ded35"
"7","385e89fe-8744-4918-bc7d-9807a59ded35"
"6","c3b7ae44-642e-4bb6-b67a-710aad194606"
"8","425dfd7f-1b79-4bca-932f-330cd59630d4"
"9","425dfd7f-1b79-4bca-932f-330cd59630d4"
"4","234c76ce-f2fc-46be-b36d-8920b08f3b11"
"10","234c76ce-f2fc-46be-b36d-8920b08f3b11"
"2","1617ff70-3e01-4044-9b6b-e50bffda8cee"
"4","8d44e6bb-7930-465a-8f07-714daf639323"
"4","9a243cd6-0a9f-4bd4-be4f-8d2920e72f33"
"0","8cecdd23-4ddb-41a7-a451-50fd40700a8c"
"1","8cecdd23-4ddb-41a7-a451-50fd40700a8c"
"5","3b42ed5f-4a46-4a74-a0a6-311f06f0e943"
"8","6089022e-19c7-41b1-a5fc-b35cb97192ed"
"9","6089022e-19c7-41b1-a5fc-b35cb97192ed"
"0","1ecd49f4-6e47-484b-b481-d6f65a1f3ed8"
"1","1ecd49f4-6e47-484b-b481-d6f65a1f3ed8"
"7","0a736e7e-16e5-48e2-a825-e14845af57a4"
"8","0a736e7e-16e5-48e2-a825-e14845af57a4"
"4","41ac439e-3ff1-4acf-bd3b-8be47bddf622"
"10","cee8f09c-f124-4746-b282-0e041f854e7c"
"4","cee8f09c-f124-4746-b282-0e041f854e7c"
"2","05f5acb4-8423-4666-b246-800339d993d4"
"1","05f5acb4-8423-4666-b246-800339d993d4"
"2","8bd9bbea-9ca6-4b8b-b0fe-3d3503c39c54"
"6","deb9705f-1752-403f-a525-e246c6b9a0fc"
"4","c1af3a18-f5f8-4d35-a768-0dc872efea17"
"1","07be86a3-6c5a-4c6f-864f-081f55b702c6"
"5","c0c19a17-4524-4acf-950a-ce569b3b7b2a"
"2","7cf17f65-6f4b-4565-98db-95ab46432d53"
"1","7cf17f65-6f4b-4565-98db-95ab46432d53"
"10","4c655968-4801-44a0-a3bb-a237f4fb8128"
"3","ea6eb9a8-0f60-40ad-b675-471f08517c24"
"6","d33cc497-6eb4-4abc-8b37-6288d119979a"
"3","683afcdc-4395-464c-970d-27c7cfdc82c6"
"3","2aa3352f-ff18-4723-ba70-b125acfcda5e"
"8","2aa3352f-ff18-4723-ba70-b125acfcda5e"
"7","2aa3352f-ff18-4723-ba70-b125acfcda5e"
"8","acc57a2b-eecb-4f92-9558-978867685664"
"9","acc57a2b-eecb-4f92-9558-978867685664"
"5","3eb0022b-d1d1-4383-b77f-65ebc49fdb04"
"1","3eb0022b-d1d1-4383-b77f-65ebc49fdb04"
"7","f617e74c-9ff3-485d-b35e-a8866803154e"
"8","f617e74c-9ff3-485d-b35e-a8866803154e"
"2","1c7e5e44-84ba-4be3-85e0-9217c676728c"
"5","70909ce3-dfee-47fe-a29a-3b41ef43e07b"
"4","709cf0d5-e315-4244-ada3-17fa61af1f38"
"2","171b2bc3-8386-4f4e-a6c3-eed197eb5d96"
"2","ff09250e-048e-4253-a092-fd41a5508792"
"10","9095671a-7456-4854-b8f4-1c105bfee88a"
"4","9095671a-7456-4854-b8f4-1c105bfee88a"
"5","543839a4-7989-4021-880b-e9be0d70d975"
"10","4209378e-1499-450c-aefe-24e4c17e5245"
"0","62aa1651-b2a8-4633-917b-d6c9702e0b98"
"1","62aa1651-b2a8-4633-917b-d6c9702e0b98"
"3","1ac07078-51f2-4a54-b410-f2224ef720b9"
"4","2c7695ae-eb5a-47c2-9adb-2cc4b3233dab"
"7","2c7695ae-eb5a-47c2-9adb-2cc4b3233dab"
"6","c9310faf-6417-400e-8406-8c2ae4f00e78"
"2","c0f05e4f-370e-45c9-b35c-d3e57321072a"
"8","c8bbf5ca-720c-4f73-96d3-72534a699d54"
"9","c8bbf5ca-720c-4f73-96d3-72534a699d54"
"5","3c77cedb-4793-4d3f-b7d2-1c0ae558de34"
"2","91c981c4-4112-441b-b043-2610267d2cd8"
"6","cf8c8c88-31c1-49c4-b33a-89fb25678b08"
"4","e7bae056-4910-4095-ac3c-1cf7dffd7153"
"7","e7bae056-4910-4095-ac3c-1cf7dffd7153"
"8","bbdea92a-11b2-4821-8c50-6e6bed9f3e4b"
"9","bbdea92a-11b2-4821-8c50-6e6bed9f3e4b"
"6","c93f9ce3-0777-4f51-93b0-b9c1f5769f76"
"10","f5947e2d-744d-4144-8191-03b924fa4c26"
"4","23b68ae2-08af-404a-88e9-7a24eda18407"
"7","23b68ae2-08af-404a-88e9-7a24eda18407"
"6","fbd23642-b687-4c02-916f-3bd89fc7849d"
"4","f2491f92-f6de-482f-9691-20be4ec49d30"
"3","19a45ec2-7ada-42ca-9e4a-cea775a82543"
"8","19a45ec2-7ada-42ca-9e4a-cea775a82543"
"7","19a45ec2-7ada-42ca-9e4a-cea775a82543"
"7","aed2fd74-940d-4157-b6b5-8868fa6739c8"
"8","aed2fd74-940d-4157-b6b5-8868fa6739c8"
"2","e8c6b9bb-2e79-422a-afe2-fd4ee1fab1c0"
"1","e8c6b9bb-2e79-422a-afe2-fd4ee1fab1c0"
"4","e64ea4af-ed52-4f3d-8942-e6923d12ab25"
"5","79356d95-0341-41e2-a265-602c2f278f34"
"1","79356d95-0341-41e2-a265-602c2f278f34"
"4","fbeaea43-4717-4936-b0a8-c4ae6e997ccd"
"4","f8b3a3b4-ba7f-48a2-b3df-9dd4850ccdca"
"3","6b4c80ea-7196-449f-bb35-fa00ea527a73"
"1","1c434af8-0bb9-4035-8368-4f64483b12a3"
"10","80492357-3e8d-48ca-b00c-55fdec62b8ee"
"8","8b5ae155-e7bb-43df-a763-5a90556f0c3b"
"9","8b5ae155-e7bb-43df-a763-5a90556f0c3b"
"4","afc5dc06-1ed7-4632-aaeb-5cdc9cb83071"
"7","afc5dc06-1ed7-4632-aaeb-5cdc9cb83071"
"6","d53d5bbf-7a2b-4eb9-b6aa-d90bc54d434c"
"4","9b340bef-e53c-4833-84d6-d456d009382e"
"6","8efa2f7d-d783-4f73-9a6a-8ead5664ab6e"
"5","f87204cb-0458-4e43-b818-9f133d0d606b"
"3","a96d363d-7faf-4859-8c6d-57b5e7509fb9"
"5","eb22e8ac-00c4-4bbe-b46a-317b7de654fb"
"10","e2f5ddc2-917e-43af-a7a8-70f56d84d47d"
"1","c021531b-ef0a-4277-83ce-5eef73eb549b"
"4","e3f82df7-feaa-4e08-9277-e71b462d98f1"
"10","e3f82df7-feaa-4e08-9277-e71b462d98f1"
"6","ee502505-7e24-44c9-812c-b92b46f378de"
"8","ee502505-7e24-44c9-812c-b92b46f378de"
"7","b608ffc3-28ae-40de-b6db-15a05dfb2ed5"
"8","b608ffc3-28ae-40de-b6db-15a05dfb2ed5"
"5","ca8958b2-e106-4df1-8624-7da44f708b23"
"6","e5ea1055-67a5-40c4-8e1b-9cafdff46099"
"2","d6954c1e-5938-40b7-9e6a-b7a98af25717"
"10","b0f8c4d1-1124-43e3-a7cb-30ddd71eee51"
"4","d481922e-5d7d-4621-beec-d5d9ca722a47"
"7","d481922e-5d7d-4621-beec-d5d9ca722a47"
"4","e65f53be-4188-4bac-8df8-2716925d6704"
"7","e65f53be-4188-4bac-8df8-2716925d6704"
"4","bdf91245-929d-4702-8ddb-90f2235c1d90"
"3","d1e69181-e0d7-46c5-80de-3adf91910b96"
"8","d1e69181-e0d7-46c5-80de-3adf91910b96"
"7","d1e69181-e0d7-46c5-80de-3adf91910b96"
"5","940ff594-cecd-4c93-8415-cae42602cb82"
"8","92a91cf9-858c-4a3f-83b1-0dd4e4c459ab"
"9","92a91cf9-858c-4a3f-83b1-0dd4e4c459ab"
"2","83c55349-9cf7-40df-869c-aaeeade710b1"
"6","7c2990ed-b921-4a8b-8c73-3b126c3891d5"
"6","993f214c-f6b7-41e5-8aeb-72ac365e4b73"
"3","47adbba1-59fd-4fcb-bc1d-e6f9b2cbda1e"
"8","47adbba1-59fd-4fcb-bc1d-e6f9b2cbda1e"
"7","47adbba1-59fd-4fcb-bc1d-e6f9b2cbda1e"
"2","1c65a23d-274e-4f93-b14a-832239784339"
"1","1c65a23d-274e-4f93-b14a-832239784339"
"5","42f679d3-eec5-434b-a65d-1e5bf80f6367"
"1","2439e25f-75c3-4570-b5a3-24087dc0e0b1"
"6","3058d8d5-787b-4a7e-b696-14bf1125f2c7"
"6","11a53327-f3fa-428c-8480-ae7c5a8c5613"
"8","11a53327-f3fa-428c-8480-ae7c5a8c5613"
"6","15b11b7f-f871-42fa-b624-9ce423056b12"
"2","7e4d41c9-56a8-4200-841d-1a8a3741ec79"
"5","ea9e375b-6d82-49be-9879-b098f359ebf6"
"10","29dcd5c7-7b3f-4728-9fda-c2554843778b"
"2","de871368-779b-496b-94aa-22f228950e57"
"4","9d8f6105-2d1d-480e-ae30-b8bcee79aa35"
"10","9d8f6105-2d1d-480e-ae30-b8bcee79aa35"
"8","b0acf699-41e7-459e-b3c8-b191315b848d"
"9","b0acf699-41e7-459e-b3c8-b191315b848d"
"7","a3660afa-a60f-4231-8da4-8a7701a05af5"
"8","a3660afa-a60f-4231-8da4-8a7701a05af5"
"5","019eeb10-94f5-489d-ab7d-94596ea56e15"
"10","45a62454-f367-4030-81e4-39eb5542a98b"
"4","45a62454-f367-4030-81e4-39eb5542a98b"
"4","ed285f8a-bf09-446f-8433-1243fe54f582"
"5","b175b366-ecfd-4f88-bf47-33d5ffd64604"
"4","da36edef-6fad-4f8d-9742-9e2d8f06f0ab"
"7","da36edef-6fad-4f8d-9742-9e2d8f06f0ab"
"5","8f578ef8-e910-4687-a70d-251e17a00dd4"
"1","8f578ef8-e910-4687-a70d-251e17a00dd4"
"5","dde83fea-be2f-41c4-aa71-3f122b94e71e"
"4","e4e64c2a-e506-480e-a0e6-56464aa66616"
"10","e4e64c2a-e506-480e-a0e6-56464aa66616"
"6","40a19dcb-3bd7-4f40-820a-c1f90fd1f29e"
"5","f578168d-3770-4753-9449-9975133b6448"
"3","f29ccf6b-35bb-455b-93ac-afbab200e860"
"0","0db77bba-f1ba-469f-8b11-7fccba063cb8"
"1","0db77bba-f1ba-469f-8b11-7fccba063cb8"
"6","7bf301f7-03bd-46e8-8a1d-11debd44481a"
"6","a9b20c2c-538c-4b8b-9f55-1fc67b68cddf"
"5","5a1de41f-abd9-44df-8129-69c9d18b9ae6"
"2","837e67f5-cc81-4d9c-b226-0e9519373dd9"
"5","82f75618-5595-46f7-910d-7c8f8a102071"
"10","102e135a-6ff8-404f-8c83-9912c30fc28d"
"4","102e135a-6ff8-404f-8c83-9912c30fc28d"
"8","39bffa2c-f1ac-478f-8a43-e6f1e6fc2016"
"9","39bffa2c-f1ac-478f-8a43-e6f1e6fc2016"
"5","651eaf8a-17b2-42e8-a653-22184e9d0a07"
"3","ace03700-237c-42fc-b4af-f61e950972e9"
"7","dad27772-fde0-4437-bb7b-357d6557e3a0"
"8","dad27772-fde0-4437-bb7b-357d6557e3a0"
"5","ade98e47-3b37-40b9-8d51-26d2f3b93eda"
"2","bde81f25-4a78-47b9-9632-8240bbcb34df"
"8","f90cb6ce-e428-435d-b4ab-925003deef7d"
"9","f90cb6ce-e428-435d-b4ab-925003deef7d"
"1","dab34fc1-50d6-4d63-b42b-21c0ec74c74a"
"2","33e0f52e-7021-4ace-8b93-de5664da3e00"
"2","bb303c09-cf83-4b0f-8dc7-074119869353"
"1","bb303c09-cf83-4b0f-8dc7-074119869353"
"3","15bc82b2-c119-44a2-acf8-76d14091146a"
"5","444783f7-09d9-4992-ac3a-eccdae1ed0da"
"0","cc11a183-affa-4a27-8028-e1f86267216e"
"1","cc11a183-affa-4a27-8028-e1f86267216e"
"6","d2ba4cf4-3b18-45dc-99ed-1603cf0f6891"
"5","6609d63a-16ed-421a-a4c4-98f99c324bd2"
"7","03ec9529-3690-42b4-989d-6eaf4ddbda1b"
"8","03ec9529-3690-42b4-989d-6eaf4ddbda1b"
"5","6d65a297-422f-49e2-8e42-cf0c337c14d6"
"5","67f0426c-af30-4a28-8b77-b6a645a3e164"
"3","cc814263-2c6c-49ad-8be6-de9a078a42d2"
"2","fa8046da-396a-4ce8-b77d-14ca5add7203"
"1","1dfc149b-e4d6-4468-817f-1d21e6eb6677"
"6","d7dd80ab-42ea-43e8-95e3-236ecfae5457"
"3","d90d76bc-9850-4c31-a6e3-7fafc03a8409"
"8","d90d76bc-9850-4c31-a6e3-7fafc03a8409"
"7","d90d76bc-9850-4c31-a6e3-7fafc03a8409"
"5","bdf0f3a9-3fe1-46fa-bc48-ddb46fabcaaa"
"2","fd7dabdc-052d-4f2f-a864-b95587977385"
"3","91f1c3e9-efa0-4fd9-b204-1c283c3e42e9"
"1","62a2c178-f52f-4276-b007-35a87e99ef5b"
"3","1ba3a923-89ba-4e4d-af80-f5d2958b60ea"
"2","7fa7f7ac-25d4-4101-bed3-9c4f82078793"
"5","ed8e76d9-ebfc-48e4-ab04-c919520b3e31"
"6","923d52b6-1a24-4562-8c93-266cc7d7723e"
"4","9a6e6032-86b0-49eb-9741-5db2682313ab"
"2","b6c2d261-8eab-400e-8e60-9cb2ce6874aa"
"5","222831b6-5462-4715-8a97-e9c31db57af0"
"5","7e8dbb01-2bec-4095-8aa8-de1728f34d22"
"7","9ccb5eee-6eec-42b5-aab8-f57890ecb55c"
"8","9ccb5eee-6eec-42b5-aab8-f57890ecb55c"
"6","ce4dfb80-1a43-4666-8980-e817fe75435e"
"4","682366eb-f55d-443d-b4d3-6742d5065575"
"7","682366eb-f55d-443d-b4d3-6742d5065575"
"7","1e35793e-5aa2-4cb0-8d02-1dde4822ac19"
"8","1e35793e-5aa2-4cb0-8d02-1dde4822ac19"
"0","9161eecd-7527-4aa6-b0f0-c45101bf74ff"
"1","9161eecd-7527-4aa6-b0f0-c45101bf74ff"
"6","45b26cba-5558-4c5a-91d9-ef8e2691e826"
"6","bdab95b3-f173-4506-bbdc-9b50d4ac4795"
"1","cd69eb03-0d4f-4005-9d1c-e1b4e07c100c"
"5","4315ac22-448c-4536-8104-e0847fa55532"
"4","05b1571a-cf83-4764-83d5-6207b5f835bb"
"10","05b1571a-cf83-4764-83d5-6207b5f835bb"
"2","55d38ea5-bcc1-4b67-9c4d-a406d6e4441c"
"10","43cc3530-5bd0-462e-81f6-a506470a178c"
"4","43cc3530-5bd0-462e-81f6-a506470a178c"
"6","c21ec867-64cd-4205-a63e-4825a9559a46"
"6","aa9f1fed-cc4a-4e0c-ae6c-db559c9d5dc6"
"6","e29d6056-be9a-46ce-9958-7a658e39ab81"
"10","4b1a096a-5ef5-406f-85fe-0724432862a1"
"7","40f16e96-44eb-4007-aad0-1cf3b97af5dc"
"8","40f16e96-44eb-4007-aad0-1cf3b97af5dc"
"4","edfd680f-16ed-4bd3-a404-3ac784eaba5c"
"7","edfd680f-16ed-4bd3-a404-3ac784eaba5c"
"8","1ed6b3e0-e15f-48c0-9773-25921fdf72c7"
"9","1ed6b3e0-e15f-48c0-9773-25921fdf72c7"
"2","1715b1e1-4cff-4317-bdce-75fdf41d3837"
"2","4f89fcd4-2c7b-4f55-82fd-16172261d403"
"1","4f89fcd4-2c7b-4f55-82fd-16172261d403"
"2","0bf12f86-e2a3-474c-9b95-2621cec9c3ab"
"8","3a590168-230d-4d4a-a054-5c89ede4586b"
"9","3a590168-230d-4d4a-a054-5c89ede4586b"
"5","6430312d-bc3a-4606-8ca2-34e89d5c2362"
"4","49fac4a0-cab5-453d-94ae-6f4f7589dc80"
"5","b3cb9a3a-a71e-4c32-9ced-3cb95a216804"
"6","16334495-cb33-4d6a-b0f7-33494e450f84"
"6","b130f937-1bf6-4a1e-9e30-f0ebf02fd263"
"4","fa5d027f-b599-465a-a8a0-bddfb5d059e8"
"10","fa5d027f-b599-465a-a8a0-bddfb5d059e8"
"7","1fab9642-198a-48ff-b520-d17b6b9b7cc8"
"8","1fab9642-198a-48ff-b520-d17b6b9b7cc8"
"5","12d442d8-56c2-480d-bc78-ace077b7c215"
"0","028ffa37-2338-46d3-a8ad-085516fa0053"
"1","028ffa37-2338-46d3-a8ad-085516fa0053"
"0","f069e31b-2232-4fd6-8535-a313d8d7af7a"
"1","f069e31b-2232-4fd6-8535-a313d8d7af7a"
"3","f4660696-b6f3-4da9-843d-1980fb18f523"
"1","cfa581e9-138e-48d2-b334-7d7f3c4db25f"
"7","e596cb2b-ece4-4acd-a685-8933c0e375be"
"8","e596cb2b-ece4-4acd-a685-8933c0e375be"
"5","a07043f8-b853-4b82-8457-4a325e6420e9"
"10","0a519585-e9d9-496c-a365-bcb0e847f651"
"3","032ba18d-a1bc-4e03-ae97-3f61faf84e20"
"6","252d8458-d956-4367-a5c9-bd158c153d8e"
"7","82e2c691-f9bb-4bd4-a589-d1c0a8e20901"
"8","82e2c691-f9bb-4bd4-a589-d1c0a8e20901"
"2","57add9c1-d6cd-4cb8-9e6c-bac4129572df"
"1","57add9c1-d6cd-4cb8-9e6c-bac4129572df"
"2","05faff48-a6d4-485c-9883-87ad47229f8f"
"3","f56277f3-b254-4e7c-a094-af1fbdf3a52e"
"2","17212685-9edb-48a0-a901-b78e062f6c02"
"5","f3da44b0-4c03-4b2d-bbdd-c22d5d566ff9"
"4","c365533c-5728-4684-8ea7-a04efe5069b9"
"2","66d73702-d0b0-4b59-adff-8d23739f87b8"
"3","35942c6b-9ee6-44c1-b526-85ec94ed1f00"
"3","b460ed57-0dee-4ed2-88ef-ee2ebdfa4546"
"8","b460ed57-0dee-4ed2-88ef-ee2ebdfa4546"
"7","b460ed57-0dee-4ed2-88ef-ee2ebdfa4546"
"10","211b76fe-09d8-4c71-a34e-f5d90dc7de18"
"4","211b76fe-09d8-4c71-a34e-f5d90dc7de18"
"10","d9ea300b-f78c-459b-b189-4b2b1fbd82e5"
"4","d9ea300b-f78c-459b-b189-4b2b1fbd82e5"
"10","0b11def3-f606-488e-8dab-b46fe0682a40"
"2","a2d19886-0245-4675-b2d4-ef207c597abb"
"4","5409cd8f-7947-40b0-bfd4-0a68b3bafea7"
"7","5409cd8f-7947-40b0-bfd4-0a68b3bafea7"
"5","4771ed2e-0d01-45e6-97c7-6c988146c456"
"5","366be929-a4ed-4baa-a2b4-3843e801ed0b"
"5","c3e8a850-f999-4883-8b45-a206f9c4d24e"
"4","9400715d-ec76-471a-9729-e4c1fba052ee"
"10","9400715d-ec76-471a-9729-e4c1fba052ee"
"10","ca822192-a1aa-4576-a16d-781391bb3c73"
"4","ca822192-a1aa-4576-a16d-781391bb3c73"
"7","d7f0a3e6-a568-4daf-9441-42f1bc577f34"
"8","d7f0a3e6-a568-4daf-9441-42f1bc577f34"
"6","cbfa6ef8-e17b-4ef4-9543-47027938e41a"
"10","dc0c3ec5-9db8-448f-a7c3-ae2b719674a3"
"4","dc0c3ec5-9db8-448f-a7c3-ae2b719674a3"
"5","971e856b-ad47-4d79-b4bc-16f07f7d29b7"
"6","e7f0d489-638d-4704-b1b5-9cef1d1773b8"
"8","e7f0d489-638d-4704-b1b5-9cef1d1773b8"
"2","6ac6fabd-9b45-4b5f-9315-5d863313b688"
"1","6ac6fabd-9b45-4b5f-9315-5d863313b688"
"5","82d88c7d-2e4c-4645-926a-794f7f8abbc7"
"3","6c749d79-883a-4057-bffe-d8f295d318d2"
"8","6c749d79-883a-4057-bffe-d8f295d318d2"
"7","6c749d79-883a-4057-bffe-d8f295d318d2"
"10","37b418f4-7a63-4ffb-85af-65e867b2f548"
"4","a1008224-e0df-40aa-9204-421be646280e"
"10","a1008224-e0df-40aa-9204-421be646280e"
"4","70ae65b7-97e5-449c-9f1e-bc8bb1f51897"
"10","70ae65b7-97e5-449c-9f1e-bc8bb1f51897"
"6","77af762b-029f-4849-bd6e-5151e39d10bb"
"8","77af762b-029f-4849-bd6e-5151e39d10bb"
"5","87f83366-055f-4979-ae9f-3873d9d94fd1"
"6","b99232c3-c890-4dfc-ac0e-2d458e8b9017"
"2","1c97259d-daa3-4e85-a7b5-90a41eb496c4"
"3","79c491af-dfb7-47c9-9bdb-d8e599eac6e1"
"2","bd281c13-8cf8-4101-8138-aaf85ae3ae16"
"8","523a70c7-f185-41db-ac58-88d7b3b460c4"
"9","523a70c7-f185-41db-ac58-88d7b3b460c4"
"10","f204e3d8-9365-409e-916d-e5399f9d38b2"
"4","f204e3d8-9365-409e-916d-e5399f9d38b2"
"3","760bf86e-34b6-40cd-b54e-5faf18a6c216"
"6","46ee4e2f-dc05-4a1f-bdea-df307f50f735"
"1","7e6e2719-0db8-42cd-9d07-84f3e8caac88"
"3","90f0d04f-e8ff-47e4-99a2-802c4fa8627a"
"2","c8e02902-1c6c-402c-bf12-3d734613ea61"
"1","c8e02902-1c6c-402c-bf12-3d734613ea61"
"2","56c2a0f5-966e-4e1b-bd54-53b5cf8379d6"
"1","56c2a0f5-966e-4e1b-bd54-53b5cf8379d6"
"4","db629ebf-a1f1-45a8-a08f-40e0b492a395"
"10","7b8f1051-7247-4a76-b0c6-fbed9ca91be1"
"4","7b8f1051-7247-4a76-b0c6-fbed9ca91be1"
"4","8bbe1b46-141a-4d1b-96f2-0ebc6ef7022e"
"10","8bbe1b46-141a-4d1b-96f2-0ebc6ef7022e"
"3","0406e0c3-e967-48e4-8af7-c9a3f57746b6"
"2","913f303d-70a2-44f8-a44c-52ecb0ab3532"
"3","854baaf8-12e0-480e-9ee6-b50ebfbd7a62"
"4","8792eea8-cef1-4d96-b30d-cf4bd6017661"
"6","8fd1533d-2407-4e2c-8025-4bf2f759f028"
"10","f4a8e271-bf66-4106-8712-de8e22109b70"
"6","9ba1bc9e-1919-4667-ac3d-5c3d1337a9f1"
"2","576006a2-0a11-4cdd-94e4-0d81ee944ad9"
"1","576006a2-0a11-4cdd-94e4-0d81ee944ad9"
"10","4c836e19-5124-4774-92a6-31f81714cc5a"
"2","3d1782ca-e64f-481e-baeb-bab85174dce3"
"1","3d1782ca-e64f-481e-baeb-bab85174dce3"
"4","d9a9be74-31b9-43c8-8e1d-d3aad2ebc35b"
"4","7de0ad6a-210f-4f72-b323-ac528f2e5c8e"
"4","e3dd01fc-29f1-4afb-90ea-1a067c36bdce"
"10","e3dd01fc-29f1-4afb-90ea-1a067c36bdce"
"5","39e840be-d33e-4043-a3a7-dd95c5972e37"
"8","4eb6048d-64b7-4d25-953f-d986af7ec976"
"9","4eb6048d-64b7-4d25-953f-d986af7ec976"
"3","27fb7d18-c10c-4f40-a677-ae2be1180275"
"8","d2919dc2-38a8-4671-a4b4-eea75763ef18"
"9","d2919dc2-38a8-4671-a4b4-eea75763ef18"
"6","7e081db9-8736-43d3-8b90-9ff56a89e843"
"8","7e081db9-8736-43d3-8b90-9ff56a89e843"
"5","4d81dcc4-5fd2-4f09-a2ee-75c4bf5e0b87"
"2","90472539-31f5-437c-b9b4-eea4473312fa"
"6","ababb6f1-ba61-4a3a-b0dc-be40ee686f62"
"2","792ca672-7b6d-4464-9933-49796b54847c"
"3","cbbedd90-97b3-4e56-9921-a46c1378d64b"
"8","f07dfc34-35c7-46e4-ada1-6057838f3765"
"9","f07dfc34-35c7-46e4-ada1-6057838f3765"
"5","2c78ddbb-6b57-4be2-987e-f3fd8808bf50"
"5","c4ddf388-a7e0-47ce-8e31-5f4b2bf8fb08"
"1","c4ddf388-a7e0-47ce-8e31-5f4b2bf8fb08"
"5","485ee066-1f77-46fa-8392-9eb7e197be49"
"4","40dfa7f5-385f-477c-9c1a-8f2fb2734997"
"1","b344c7c5-ab7b-4370-b333-320ed8bff465"
"2","10861803-2932-493f-aa3b-3780fe982452"
"2","de34ba3b-f05a-4420-ad82-dbef52ba671c"
"10","6f431553-88d0-46c3-b3b6-169ce76e97c9"
"4","6f431553-88d0-46c3-b3b6-169ce76e97c9"
"4","237ffc10-56b5-422c-807f-b26dd9825ea5"
"10","5a909e67-bda0-460d-b3ef-044323c743f5"
"4","5a909e67-bda0-460d-b3ef-044323c743f5"
"1","81d487a5-b8b1-49ce-b0c2-71a0bfe50276"
"4","0fcfab66-3476-4733-b62b-1e532957d23e"
"3","876004de-9ecf-42de-9c96-6603857509b5"
