"094d0cc5-0c47-4777-98be-e26e71c43555","7c419e52-2409-4068-a731-dbb3c5255344"
"4619bc5d-40c2-4676-9e60-c775915ffad7","36a705da-5da9-4d14-a70c-87283ffae206"
"94a82e19-2104-486d-a848-0789ba1874b2","43e1d36b-090b-441d-9736-2da924140975"
"223c4f96-e2f8-4723-a358-a9c09a0568fa","f2bb9e74-e07c-402b-9846-f3547fdbff2f"
"2618ed26-9278-43ec-b4e5-4a33f90457c5","6cc8c402-311e-44bc-92fb-b88b5f731943"
"ab51308a-c490-47b3-826c-e955f955b06a","6c39cc0f-48c8-48ae-84fe-80e223174d70"
"57e0df91-6d96-4050-9a95-50346aafcba4","94537c86-95e0-4fc2-ba64-08fd89a3c6ea"
"d7f8eaa8-5d01-4253-a6e5-616f9715714b","01e4a6a7-d31a-4c4f-91c9-7e644d3fde98"
"db298f19-abb0-4cda-a533-e158e3a3a95c","69617dde-cdc3-450b-8ba1-4bacbb180ede"
"cf707f63-771a-4b32-b00a-17a1a553bed4","d995ee44-d38d-4046-9948-aba666306f62"
"b09ed248-3258-46e5-ae24-1c5a85deb9dd","a21f7fb4-39e6-458f-974c-982e4e252f58"
"59f4e50f-54c1-43e1-9e4d-eb31ecc96fa5","a1bc1d2d-81cd-4d0a-af0e-ae8882569ae3"
"5ddab609-5e7d-4024-854a-ae538a8040d3","164b948f-fbe0-4be3-ba5c-d336648ea995"
"c2b67fae-71f6-4ddf-9677-286b18f161a5","c36db914-59d4-492b-8d04-87dbc05d9d03"
"acd27609-5042-4f5f-b07e-c89ee12cc72e","3ede9a9c-1034-43ec-9bf4-1df07a1b0b29"
"db898a0f-6ebb-43ae-8906-1ebb6ba760e2","b3e63e99-c695-4f6f-ae72-0796610cc515"
"f173381c-4d49-4df3-9b0e-bf97ed7e19ca","59d91d7e-f1b3-4ac4-b704-3463379f2dc0"
"59f4e50f-54c1-43e1-9e4d-eb31ecc96fa5","bda6a4b2-d23c-45cd-9ddf-d793936c8ba2"
"ab51308a-c490-47b3-826c-e955f955b06a","cd13d1e1-e83f-4c69-803c-97025f2686fb"
"d9898778-445a-4c18-8a3a-6218ae83991b","e1166d4e-6f59-4aa8-8dda-fc0bf61fc1c3"
"118f8775-4862-4cf9-a06f-e6a663aa37d6","5ca6d87a-e978-4ccf-b0e4-d4aa6d735958"
"1412a3ab-ef94-4368-ac5f-196064d7b275","cf5198cb-020f-44a0-9680-fdf35cd34569"
"318c4b38-a307-4df3-869e-56c5872a209d","40dd6533-f774-4877-acfe-d3d37e5d211a"
"4f263774-850b-4185-bf93-de6c03741182","6fbbf176-f15a-43af-9ba9-749b84f4c705"
"8d1970cd-35dc-45e2-93a6-102d044d9477","0296dbd2-5c99-461c-a344-5bb74b08a5a0"
"dd359ea4-4b85-4ba7-8660-dd1882431661","d6f5c1f7-8e13-496f-bed8-1d4b1e6707e2"
"6f383547-15f2-49ab-a25e-b29ae082e098","bbddeeb8-a89f-4b1a-95a1-0b7d5d1e4cff"
"f2b5060e-cded-4fe4-b803-b462cbb16346","358dd9db-6df6-4688-b7ca-28faf86d43ba"
"66ae3496-a8d3-4b54-8ff5-a589f8b7d892","73617572-050b-4c78-8506-784e47664f31"
"6b2b302d-e108-4d33-a519-918f1fa8bbf5","106f6021-da17-44ec-91d9-356bba9e20c9"
"ac3d0ecb-21b8-4a7d-8290-1ae2f114e297","f440049d-ea31-4e97-9024-6ba364dfdb9a"
"afc0bf8e-746e-4c8f-bfb8-e977154de047","510aedae-279b-4fe9-9cd3-75e8dd47e801"
"e9d05818-81b5-42f6-848c-93ebe9973d4f","7125d7de-b385-44d3-b8f3-b5bfa386486b"
"986259bd-4d56-44e3-bb22-6282faced6e8","dfbdb667-8712-437f-844d-fc1763714957"
"96aa4c93-172c-44b1-852b-502ef8f47522","39d347ac-cfd7-46c8-97a9-1375eafd2295"
"6b2b302d-e108-4d33-a519-918f1fa8bbf5","2b9ae637-8c2f-4fe5-847f-12949f75e515"
"ce403f1e-ffe7-4e97-a7f6-c915435443da","d8f595c8-db83-46e3-8334-5fc3d0367fc8"
"31834ed4-7c99-4cc7-b8cd-046d8143a79b","6097efef-5401-4f4c-be1d-b9ceff45d1bf"
"c2b67fae-71f6-4ddf-9677-286b18f161a5","58f06745-001c-4146-be24-e880f804a3a6"
"c9d5d0c8-18c5-41eb-adbf-16a90d6f3492","d9fc8611-b96b-4564-973a-f4e3eceaf986"
"6ca9f492-061e-4dad-94fc-42f6622c7290","b8bd1949-52e0-4746-863b-f346808eb9cb"
"17138329-cfbe-4ed2-a729-b7e6f0a2c6f5","f7ec0ca2-2927-482f-a08e-2639b082304f"
"e5d132f8-9fb8-4735-bb01-299647f5bae6","ccf3bf95-53ea-4e25-86fc-181cfbdcdc1c"
"dafd1d07-eae9-43e7-8868-7490c131f5ff","2d9e2133-c453-4f7f-b276-25526a3f8868"
"f6373fcf-d832-48cc-90ff-3fa73aee7b1d","3d26a896-cd6a-49dc-85b0-86fa0979d3d5"
"89eab870-68fc-4c64-8029-b763afd44feb","4403f7e3-f197-4747-966c-f6c3b13a2ed2"
"5ddab609-5e7d-4024-854a-ae538a8040d3","b2b1fc1b-b74d-4bfa-9a9b-a6b4d33aff3b"
"a76b6565-dd23-4e88-af93-e4f8e6fa94df","7748ecb0-711b-4dee-b8a4-47a713d8cce3"
"397a7c06-40d4-4a04-ab76-6d524af53305","41388838-738f-47e1-9c97-d995edee679f"
"c24d529b-d877-4d8d-8433-df8f6b88136d","6fa4abdb-6676-409d-a269-0f649bd636ad"
"866c27c6-4738-43bd-b730-f692459c76e5","e7c825bb-224d-46b8-b588-812a3861bf3b"
"ab51308a-c490-47b3-826c-e955f955b06a","5d3345e8-5346-484d-bc8a-831a4ad90208"
"a76b6565-dd23-4e88-af93-e4f8e6fa94df","69a6053b-7ea2-47a2-9a3e-2c958bc712da"
"bd50f01f-6b26-495c-be8b-bcfcd57cd1bb","6e9664b0-b082-421b-82d7-5dd7cab04359"
"8e36720f-3a01-46e5-9541-2b70c0990e4b","bfb2ea06-1a76-4d9b-bcb5-5455e807aaf9"
"6366b8ce-358d-4f13-9348-2f4f010e7261","a3a33cce-0a35-4f30-a0c0-77ec3293a900"
"a772997d-ca3d-4691-9b81-9139cf5aaee0","6f7e40af-1ec9-41fe-97e8-30a84ed88a75"
"ac3d0ecb-21b8-4a7d-8290-1ae2f114e297","96012ad3-15d5-4245-bf5e-7a5e47e8ceb4"
"29226fc1-632b-42a3-ae4e-b7731294201a","bad48b33-c47a-4ae6-9d57-ad9f557b5f3b"
"a76b6565-dd23-4e88-af93-e4f8e6fa94df","964cffd4-8711-45a0-ac7a-38e26323ddca"
"db298f19-abb0-4cda-a533-e158e3a3a95c","77bab9f3-66b6-4971-83f9-765396f2910e"
"1412a3ab-ef94-4368-ac5f-196064d7b275","02a0bc4e-621e-4309-be0e-7cfc411172f5"
"ce403f1e-ffe7-4e97-a7f6-c915435443da","02a0bc4e-621e-4309-be0e-7cfc411172f5"
"a3ae4a64-a27a-4dc9-9241-7afb0bd1ba9c","2799dce8-7d83-4409-8ddd-deec29579f07"
"2618ed26-9278-43ec-b4e5-4a33f90457c5","48529bae-c0a3-4a29-ab50-f6c935401d55"
"6ca9f492-061e-4dad-94fc-42f6622c7290","053b993f-96d1-4fb7-a78c-915af9a84ebb"
"59f4e50f-54c1-43e1-9e4d-eb31ecc96fa5","a0213126-200f-48f0-8f02-67f7c0f45c86"
"023fcee0-3c0d-476b-be3f-9058698ad361","2e2bc226-70a0-4eec-9bf6-5935d5ec03c4"
"f56e78b8-8dac-4ef9-80d8-c14a60b6beab","183c78d9-1ed5-4671-bd78-9b4bc7611ba6"
"3c0a333b-e9da-487e-bfe8-246b6828d9fd","6576dc12-9646-4a33-8909-d151d0bd5eea"
"3d4166d6-900d-49d6-a236-25f416283ba5","78274d32-7126-49b8-9992-6c848f2117d9"
"89eab870-68fc-4c64-8029-b763afd44feb","b7abee35-b898-4796-8edc-7acb6bb410e2"
"dafd1d07-eae9-43e7-8868-7490c131f5ff","36acffb9-ed02-48e9-8783-d0db59178cc8"
"09085029-1ed6-4e51-ad1e-1cf2fffea350","2704c331-3925-4223-a040-726fd84bcf3e"
"c9d5d0c8-18c5-41eb-adbf-16a90d6f3492","a32da599-a402-4a8b-bb5a-2ee5751be51a"
"351bf7c6-4163-444e-b434-51813e5c9d3b","38d3e1bd-a9aa-4017-8854-6159002bcc5e"
"8d1970cd-35dc-45e2-93a6-102d044d9477","63bfd656-7f7c-4457-9b7f-177c4d9709d5"
"1ac14f91-4205-4985-9494-feca4582550e","1163f488-11a1-4174-88e4-d56a53d5e62a"
"754ae28f-c70d-4818-ab8a-646c7719852d","e308c7d9-27e4-4c81-93aa-f3dce162e6f7"
"0040967c-bb70-4561-bcf0-96f8d66e33aa","dd745a9c-a3b7-44e9-a9a2-8d5abf836f3e"
"bc6a1fdb-1cf9-4052-89e7-82af4bd029f5","cc2624e9-db08-4010-a2e6-59417e85b810"
"4f263774-850b-4185-bf93-de6c03741182","0c6dfdd7-ec9d-4e09-87cd-4e99ceffa0b0"
"023fcee0-3c0d-476b-be3f-9058698ad361","e5a19ec1-10f5-4850-99f1-08c3382702ce"
"fa2311cb-19d7-4a76-a421-48f1eaf71e46","58e0009e-590f-4f0e-865e-dee7a341fd68"
"5c1f7357-04ad-4daa-93f1-a8678fa09726","203a151b-98e8-4bab-9da9-779023038687"
"d0d16f29-5a03-4cf8-b4f2-8438349b6013","4d7d246f-9808-40f2-a03f-51d36de22c8b"
"f56e78b8-8dac-4ef9-80d8-c14a60b6beab","2ccd866f-217a-4a70-9cf5-44f339ae6810"
"c44bd79f-d8e0-402b-b338-21f33794c333","1a4ea863-1b79-4f6e-8ea8-756a3e488514"
"c9d5d0c8-18c5-41eb-adbf-16a90d6f3492","209eecc0-ab5a-45b5-93e8-d7b7d492a92b"
"451f4232-5a22-4234-893d-6d8937ec5985","1b3aa3ca-ae0b-427c-ab6b-aa6a27b3a5b0"
"0188af1f-c93c-475b-afca-5c5e2fb90de6","1488cd64-8883-4f4f-af9b-3004fa6ac357"
"754ae28f-c70d-4818-ab8a-646c7719852d","271dacc2-3156-4d67-a038-2b994ebef932"
"fbd957af-1d13-46af-a3cd-655f9b184dc5","e25f27e6-125f-45d8-9f6c-15989456446d"
"93550b03-15db-45bc-b324-1fffea958a1c","053b993f-96d1-4fb7-a78c-915af9a84ebb"
"223c4f96-e2f8-4723-a358-a9c09a0568fa","bafc3f7d-ee2c-4bbd-9d68-908faf34fc87"
"2333265c-9964-4cdd-8b86-a17e07e7839e","057592e7-0b5f-43ff-80bc-7dc9989cd151"
"1ac14f91-4205-4985-9494-feca4582550e","86cc37f3-46ed-4a42-9c54-bc178f1ac293"
"351bf7c6-4163-444e-b434-51813e5c9d3b","151dd44c-3eb6-4bfd-bec1-ef50e1ee9387"
"20701b30-359b-4f0f-8fa1-dd8bed3dc5c3","a7485784-b38c-4a00-a5e9-e8ceeda437b6"
"4619bc5d-40c2-4676-9e60-c775915ffad7","1163f488-11a1-4174-88e4-d56a53d5e62a"
"118f8775-4862-4cf9-a06f-e6a663aa37d6","cf21b1d9-8a4c-4c1c-a747-ed4d3421b97a"
"cf2af0f7-cb19-4545-9657-d02cfefdb8e7","7b75c2b2-3df5-4f70-af5b-6192452c34f2"
"29226fc1-632b-42a3-ae4e-b7731294201a","2e27c3a3-ea6d-4b13-b99e-c2d9d741ffbb"
"d2a1a8cb-c0f7-401c-b3c9-6f400be93a7d","da48426b-6413-41a8-a622-dae65b9cd237"
"a76b6565-dd23-4e88-af93-e4f8e6fa94df","dac4e7ee-570c-44c8-a363-6456de4dc9fc"
"c44bd79f-d8e0-402b-b338-21f33794c333","39829ad8-3776-4ac6-8f2b-59b5ddab7657"
"351bf7c6-4163-444e-b434-51813e5c9d3b","4cf56000-5e31-4c3f-91b1-587d95b9dbce"
"023fcee0-3c0d-476b-be3f-9058698ad361","10712815-287c-4a1b-9ff6-9eaca222b50c"
"5f9d6cd9-f8d6-469d-8fd9-24527d23c0fa","4403f7e3-f197-4747-966c-f6c3b13a2ed2"
"c2b67fae-71f6-4ddf-9677-286b18f161a5","63009be0-b7d8-4e1b-8049-35a1eddabdf4"
"d0d16f29-5a03-4cf8-b4f2-8438349b6013","b0bbeef2-4b3b-4305-9531-8585962bc51b"
"a76b6565-dd23-4e88-af93-e4f8e6fa94df","3c30810b-0a40-4dbb-a659-09c58f7f1f60"
"17138329-cfbe-4ed2-a729-b7e6f0a2c6f5","ac071140-d4af-491b-8c6d-895a1a486ede"
"6b2b302d-e108-4d33-a519-918f1fa8bbf5","d3e4e8d2-528b-4cd5-8fa3-3086f4fa6132"
"2333265c-9964-4cdd-8b86-a17e07e7839e","b3648739-2369-4bdf-97d4-2c53b7adae62"
"ee06b519-6f69-4211-8472-29883c3b5124","4d7d246f-9808-40f2-a03f-51d36de22c8b"
"85a81e67-8f7d-4f8c-a90f-fe17ee73543a","d7ac5807-2ea3-4854-8fa8-ab06ec8b0d40"
"e5d132f8-9fb8-4735-bb01-299647f5bae6","5318be23-fe8a-47ff-93af-e56b968f6c93"
"d7f8eaa8-5d01-4253-a6e5-616f9715714b","ab02ede2-2572-4b7a-bf68-6567d08142d5"
"c9d5d0c8-18c5-41eb-adbf-16a90d6f3492","21d69388-7349-4316-b3e5-c98850214ae0"
"bd50f01f-6b26-495c-be8b-bcfcd57cd1bb","f2abe80a-767e-4b6b-84be-e75b451c9a34"
"2618ed26-9278-43ec-b4e5-4a33f90457c5","a6980bd4-8cf4-42eb-975b-3d950138bb05"
"66ae3496-a8d3-4b54-8ff5-a589f8b7d892","790a739e-f3f2-48e8-9a4c-959b197a6c89"
"db898a0f-6ebb-43ae-8906-1ebb6ba760e2","9a17cf1c-b7f6-467e-8b30-f7203b701e77"
"ee06b519-6f69-4211-8472-29883c3b5124","3ede9a9c-1034-43ec-9bf4-1df07a1b0b29"
"eabcd488-2505-4a10-bb4c-4b0a38aa1378","7bf579b2-162e-4f64-8a0c-0910be5b2980"
"f56e78b8-8dac-4ef9-80d8-c14a60b6beab","f84b84b6-cff0-479a-8b7b-1d85dbe5a2b5"
"9f36163e-0608-43f0-af76-06e1a9320cba","ab168125-dfc6-4e9b-80d2-4f4e87547306"
"85a81e67-8f7d-4f8c-a90f-fe17ee73543a","075c12fe-b631-454e-91dc-89cc7245723b"
"96aa4c93-172c-44b1-852b-502ef8f47522","ac3d3b70-386a-4f88-874a-61c0b0757899"
"451f4232-5a22-4234-893d-6d8937ec5985","f4e1c61c-6744-4c48-bdb9-ca46c1d7bf92"
"9f36163e-0608-43f0-af76-06e1a9320cba","5f40399f-6960-40aa-a404-ad6a915f8901"
"6bb35d78-755f-4a49-9b5e-977a60cdd33b","6b105002-d8e9-4011-949c-f653c5833942"
"451f4232-5a22-4234-893d-6d8937ec5985","ed92897b-97d0-4b80-ac2d-b81f0ffe1691"
"6b2b302d-e108-4d33-a519-918f1fa8bbf5","d5f520c1-fd94-496f-8eb3-6870c44a3536"
"d2a1a8cb-c0f7-401c-b3c9-6f400be93a7d","648d9d5e-a0d0-4618-b51b-d2a72408197c"
"754ae28f-c70d-4818-ab8a-646c7719852d","b287b677-94f8-4206-9324-1a3565eb7eb2"
"6bb35d78-755f-4a49-9b5e-977a60cdd33b","f4e4d2aa-7801-466b-9d53-53eab18d4515"
"c2b67fae-71f6-4ddf-9677-286b18f161a5","dd311ef6-50a8-4829-85a1-ab9a17a9217f"
"31834ed4-7c99-4cc7-b8cd-046d8143a79b","d883e159-21bf-4914-a8e1-9b07c149dd8f"
"9f36163e-0608-43f0-af76-06e1a9320cba","79b846a6-ec7c-41ce-b98e-ed4c0a4a2c51"
"094d0cc5-0c47-4777-98be-e26e71c43555","a19562b1-48b7-4926-85de-059eefad8fdb"
"f321cc57-785f-4304-980c-62cbf01b5eb8","d3f88434-f0e9-4b91-bbfd-8dca8e4071f1"
"8dba6ae9-a41b-4750-854c-cf43b144df6a","59d55f32-1614-4808-b784-f50d11522a4f"
"89eab870-68fc-4c64-8029-b763afd44feb","2406c8d4-8e44-4bb2-9b1d-42bbc70c4e5e"
"51494a14-f762-4d6d-aa4d-863b017b9289","026233df-0808-45c9-ba33-ec7273e596f4"
"1412a3ab-ef94-4368-ac5f-196064d7b275","7d7796d7-7d08-4dc2-80c9-e9502ce44191"
"20acdb56-ca07-4968-b306-66ed892bbe0e","b4a1df0b-d826-4b2b-bad9-3e8c50f3f179"
"bbeb3dce-2db0-4ee3-b34c-f226849d0d5d","fc12e3f7-357e-4ae8-827b-6707ea52a29d"
"351bf7c6-4163-444e-b434-51813e5c9d3b","00162f87-24e6-48fb-b119-f7a58ee09345"
"5ddab609-5e7d-4024-854a-ae538a8040d3","a5dd1c99-dc14-46d0-8abe-e98a066df09a"
"986259bd-4d56-44e3-bb22-6282faced6e8","4d4408ce-7edf-42df-b3ad-816e666fd707"
"118f8775-4862-4cf9-a06f-e6a663aa37d6","a866dbd5-1550-44ef-8c60-67131d7158aa"
"bd50f01f-6b26-495c-be8b-bcfcd57cd1bb","97330312-4dce-400b-96c5-49d26b1f94f9"
"1412a3ab-ef94-4368-ac5f-196064d7b275","af2a2af5-d1c0-4d26-9b3d-718065e5f970"
"e9d05818-81b5-42f6-848c-93ebe9973d4f","f946f755-64e3-481e-a55b-fe430b413ff3"
"6ca9f492-061e-4dad-94fc-42f6622c7290","d95d326b-590c-4de1-b245-95d1fa721503"
"866c27c6-4738-43bd-b730-f692459c76e5","2eb9389a-93d2-40ee-89fa-198687f8ac04"
"d9898778-445a-4c18-8a3a-6218ae83991b","396c9dbd-5966-49ab-936c-6ee21adccfa7"
"9f36163e-0608-43f0-af76-06e1a9320cba","7dfb4c5c-289d-4954-a68e-51ee89d9b57d"
"b2612d6c-1f6e-44a5-a271-2939ce6b3821","f77d9033-f8c8-44d4-8f00-b3cac023ebf5"
"94a82e19-2104-486d-a848-0789ba1874b2","e2f37201-c559-4bc6-9bc6-0bebde820055"
"9f36163e-0608-43f0-af76-06e1a9320cba","ded8cfa9-dee8-4bcb-aca8-633d5955b04e"
"43d5cb37-cc38-4626-ba05-be32a6e7bfb6","164b948f-fbe0-4be3-ba5c-d336648ea995"
"09085029-1ed6-4e51-ad1e-1cf2fffea350","47d258a7-dfda-4cd6-9810-923256ec1e4b"
"96aa4c93-172c-44b1-852b-502ef8f47522","ab333c0b-5652-4f49-96a3-f3795ffa8f50"
"bbeb3dce-2db0-4ee3-b34c-f226849d0d5d","ac071140-d4af-491b-8c6d-895a1a486ede"
"d9898778-445a-4c18-8a3a-6218ae83991b","48529bae-c0a3-4a29-ab50-f6c935401d55"
"de2eb6b2-2214-4a25-b28e-2de2126e5600","636e3725-bb93-4571-9491-093470b2e566"
"3c0a333b-e9da-487e-bfe8-246b6828d9fd","344a9861-9d76-428c-aa20-814d497623b5"
"ac3d0ecb-21b8-4a7d-8290-1ae2f114e297","d133fd67-f29f-4909-a6e3-d20595116e8b"
"43d5cb37-cc38-4626-ba05-be32a6e7bfb6","cd45c49f-0375-48bc-9660-4172a12c8b8f"
"29226fc1-632b-42a3-ae4e-b7731294201a","592d2dd8-c320-4f19-9dcd-a94fb0645bd6"
"4619bc5d-40c2-4676-9e60-c775915ffad7","e7232257-1c38-43ab-94a5-fcb9ce04c033"
"51494a14-f762-4d6d-aa4d-863b017b9289","723554ee-e035-4761-966e-6573a1cb2cb4"
"866c27c6-4738-43bd-b730-f692459c76e5","9cb388c5-3c33-494b-af9e-21e8e7f2d074"
"6bb35d78-755f-4a49-9b5e-977a60cdd33b","1b4899fd-97f4-44bf-b6e9-da7cd0936f4a"
"66ae3496-a8d3-4b54-8ff5-a589f8b7d892","01e4a6a7-d31a-4c4f-91c9-7e644d3fde98"
"318c4b38-a307-4df3-869e-56c5872a209d","adf496cb-c9fc-411e-894f-1d5d87a3aca1"
"dd359ea4-4b85-4ba7-8660-dd1882431661","0f288fb7-ee20-456c-bc8a-a0de7adc446d"
"8dba6ae9-a41b-4750-854c-cf43b144df6a","6e23c423-761f-47af-a1ff-d6bebe7a5bb8"
"d0d16f29-5a03-4cf8-b4f2-8438349b6013","8afea4dc-7193-4988-a397-73560891ee74"
"ed182089-8125-4bd4-8b7a-ce4d1af0dad0","964be204-c3ff-48e4-9c87-d3f8de0f0000"
"db298f19-abb0-4cda-a533-e158e3a3a95c","90a728c6-3532-418a-b215-ff18ffafac18"
"6bb35d78-755f-4a49-9b5e-977a60cdd33b","0e8b0e90-f11f-478e-b0f7-74d3cbbeacba"
"fa2311cb-19d7-4a76-a421-48f1eaf71e46","25a85adb-e0e8-4ee5-8b40-d97f29911c40"
"aea8c609-3cf4-4390-aca2-1af4dc70fbde","8c81d1ed-5e7b-44a4-af48-74a5ca2b0347"
"5f9d6cd9-f8d6-469d-8fd9-24527d23c0fa","39b9d8fc-8f69-4c4d-b800-15ff89255b2f"
"3d4166d6-900d-49d6-a236-25f416283ba5","af41fd21-d272-4a68-888f-8790ce289558"
"47ea2617-166d-4695-ab1c-c9c53b495a90","ded8cfa9-dee8-4bcb-aca8-633d5955b04e"
"cf2af0f7-cb19-4545-9657-d02cfefdb8e7","75c99354-d673-4814-a78c-0c66e160f2b9"
"85a81e67-8f7d-4f8c-a90f-fe17ee73543a","bdd93825-9096-40ab-a39e-e75dce3331d3"
"57e0df91-6d96-4050-9a95-50346aafcba4","5ca6d87a-e978-4ccf-b0e4-d4aa6d735958"
"ac3d0ecb-21b8-4a7d-8290-1ae2f114e297","2787e02a-9789-489e-9056-a948e3566f21"
"f6373fcf-d832-48cc-90ff-3fa73aee7b1d","48479aad-be7d-4e58-8b35-d724c859ec83"
"db898a0f-6ebb-43ae-8906-1ebb6ba760e2","7e36e92c-549b-4ad0-a86a-be15af27c03c"
"6bb35d78-755f-4a49-9b5e-977a60cdd33b","2ccd866f-217a-4a70-9cf5-44f339ae6810"
"ac3d0ecb-21b8-4a7d-8290-1ae2f114e297","3954d00c-689a-4e4c-b905-a51033e915c9"
"3d4166d6-900d-49d6-a236-25f416283ba5","4cf56000-5e31-4c3f-91b1-587d95b9dbce"
"f56e78b8-8dac-4ef9-80d8-c14a60b6beab","caaba45f-0a86-4cc9-9c9d-0121efa09c7f"
"2333265c-9964-4cdd-8b86-a17e07e7839e","95c992c5-06c3-4f30-b0bc-a58dd08fc95a"
"0188af1f-c93c-475b-afca-5c5e2fb90de6","2ee23ca5-6a6b-4b15-ad82-5e320f7d167d"
"d9898778-445a-4c18-8a3a-6218ae83991b","af2a2af5-d1c0-4d26-9b3d-718065e5f970"
"6f383547-15f2-49ab-a25e-b29ae082e098","9578a81b-0848-4082-bfb7-4a3df332db6d"
"b09ed248-3258-46e5-ae24-1c5a85deb9dd","c6700ca6-db99-44c7-b0e9-4f1b4839b22d"
"de2eb6b2-2214-4a25-b28e-2de2126e5600","14052a18-3b1f-42c8-8662-949f7611cc49"
"31834ed4-7c99-4cc7-b8cd-046d8143a79b","7eadfc21-cf35-40d3-9497-713c7e10ecb6"
"094d0cc5-0c47-4777-98be-e26e71c43555","6f4939a9-5dde-48a8-9366-85e490539a5f"
"bc6a1fdb-1cf9-4052-89e7-82af4bd029f5","b2b1fc1b-b74d-4bfa-9a9b-a6b4d33aff3b"
"ea5b370a-2636-457e-b3e9-f085240fdcf3","5ef9c8b7-868b-4fa2-9f53-f3974e4ec1a6"
"f2b5060e-cded-4fe4-b803-b462cbb16346","71fafce7-141d-49b0-bc57-cb4ab7e68ac0"
"0040967c-bb70-4561-bcf0-96f8d66e33aa","5e9e7a67-4085-4a08-9e98-170bd8fd7d95"
"93550b03-15db-45bc-b324-1fffea958a1c","d995ee44-d38d-4046-9948-aba666306f62"
"43d5cb37-cc38-4626-ba05-be32a6e7bfb6","8d2b669e-84f7-4aee-a36d-eca46de040ef"
"d2a1a8cb-c0f7-401c-b3c9-6f400be93a7d","f0af00f4-016b-4eac-ad42-cde74b5ed50f"
"43d5cb37-cc38-4626-ba05-be32a6e7bfb6","ba15ef95-e8ce-4765-a66f-9237d4a96392"
"bc6a1fdb-1cf9-4052-89e7-82af4bd029f5","12c8a6a3-e014-4cb7-ba45-dcd9e0666543"
"3c0a333b-e9da-487e-bfe8-246b6828d9fd","7c4c2c63-7e5f-4839-b5c8-8b418f1d93af"
"31834ed4-7c99-4cc7-b8cd-046d8143a79b","dad58584-7ef9-4b7f-8999-2301ab988c6d"
"e9d05818-81b5-42f6-848c-93ebe9973d4f","59a95ed2-85e2-46c0-b9b8-8a4ef6071544"
"e5d132f8-9fb8-4735-bb01-299647f5bae6","7f16c3ee-feb8-4e05-876d-ff857c85ba62"
"ab51308a-c490-47b3-826c-e955f955b06a","777dbb71-ed61-4d75-822c-cb0f1b9d50f7"
"59f4e50f-54c1-43e1-9e4d-eb31ecc96fa5","099cb1e4-8d41-411b-a1ca-2e409d6084d5"
"20acdb56-ca07-4968-b306-66ed892bbe0e","452b0c97-45bf-46a4-b844-d7db905d0bad"
"e5d132f8-9fb8-4735-bb01-299647f5bae6","cfbce713-bb8b-44e4-9cc7-1d36c5618425"
"5f9d6cd9-f8d6-469d-8fd9-24527d23c0fa","94537c86-95e0-4fc2-ba64-08fd89a3c6ea"
"094d0cc5-0c47-4777-98be-e26e71c43555","4c9a7b7a-99ec-4d76-85fe-799436295af7"
"ce403f1e-ffe7-4e97-a7f6-c915435443da","c3be2f72-f3dd-4c6a-b1f7-f42fb0c689a2"
"6ca9f492-061e-4dad-94fc-42f6622c7290","f37673bc-1b83-4a31-b6cd-40c9d7c5e41a"
"3d4166d6-900d-49d6-a236-25f416283ba5","d97ecd96-1793-48e4-9f66-9f7d2e51f2e0"
"866c27c6-4738-43bd-b730-f692459c76e5","d1b72517-d7a6-499e-8996-b76362aba7ee"
"66ae3496-a8d3-4b54-8ff5-a589f8b7d892","431fe63e-a626-448a-b1a9-6b1fa00c1832"
"094d0cc5-0c47-4777-98be-e26e71c43555","58182102-b851-4b23-9967-aacb4c5c90ad"
"31834ed4-7c99-4cc7-b8cd-046d8143a79b","bccd4a0e-7960-419a-845e-7e7fb513866f"
"351bf7c6-4163-444e-b434-51813e5c9d3b","385f041a-b236-46fc-81fa-291183c2c9cf"
"a3ae4a64-a27a-4dc9-9241-7afb0bd1ba9c","e20521f3-cc63-4276-91fb-4ba90b130619"
"bbeb3dce-2db0-4ee3-b34c-f226849d0d5d","88daa31a-f56f-4bf6-b7b9-af4468db759c"
"451f4232-5a22-4234-893d-6d8937ec5985","ee3fb2d6-5703-4290-bc59-0538371e65ca"
"db898a0f-6ebb-43ae-8906-1ebb6ba760e2","96ee8451-f225-400b-a4e8-cb99c64e7fb8"
"d2a1a8cb-c0f7-401c-b3c9-6f400be93a7d","3f186ceb-bf14-4ec8-8a01-609eaa682101"
"ab51308a-c490-47b3-826c-e955f955b06a","161533d9-3b9f-415c-827f-c4757fcc8bd6"
"db898a0f-6ebb-43ae-8906-1ebb6ba760e2","90a728c6-3532-418a-b215-ff18ffafac18"
"1ac14f91-4205-4985-9494-feca4582550e","943fd6ac-9926-44c6-bc4d-e94509db4ef3"
"51494a14-f762-4d6d-aa4d-863b017b9289","9b18f4a8-7752-49b7-ab23-1c220f842122"
"a3ae4a64-a27a-4dc9-9241-7afb0bd1ba9c","ac3d3b70-386a-4f88-874a-61c0b0757899"
"ed182089-8125-4bd4-8b7a-ce4d1af0dad0","ebc55709-24f5-4629-af14-40577f8f2e28"
"db898a0f-6ebb-43ae-8906-1ebb6ba760e2","bcb60ec1-eec5-47e5-a0fe-85273adc4b03"
"866c27c6-4738-43bd-b730-f692459c76e5","d6f5c1f7-8e13-496f-bed8-1d4b1e6707e2"
"f6373fcf-d832-48cc-90ff-3fa73aee7b1d","02a0bc4e-621e-4309-be0e-7cfc411172f5"
"aea8c609-3cf4-4390-aca2-1af4dc70fbde","b3e63e99-c695-4f6f-ae72-0796610cc515"
"b09ed248-3258-46e5-ae24-1c5a85deb9dd","b3ef7a8f-7f58-4a18-b619-100882e487fc"
"dd41f40b-83ab-499e-8bc6-6bafbabea6d2","33bee32e-4a36-422b-b8db-eba7f56ee873"
"d2a1a8cb-c0f7-401c-b3c9-6f400be93a7d","cf5198cb-020f-44a0-9680-fdf35cd34569"
"f321cc57-785f-4304-980c-62cbf01b5eb8","138a0ff3-1149-49b6-bda0-2b148d962b0d"
"c24d529b-d877-4d8d-8433-df8f6b88136d","1ad3a31c-4919-432c-ba27-5c47df4dbdb7"
"96aa4c93-172c-44b1-852b-502ef8f47522","b0d4aec6-1592-4563-b1d5-639b5ba10777"
"e9d05818-81b5-42f6-848c-93ebe9973d4f","2c9dffc9-25da-4742-87fc-b3f6f5cc5b59"
"6b2b302d-e108-4d33-a519-918f1fa8bbf5","b79e5e3f-519e-4b91-92bb-d1da36c6e8fb"
"cf707f63-771a-4b32-b00a-17a1a553bed4","a800c356-76b9-4760-b176-97a6b8283379"
"85a81e67-8f7d-4f8c-a90f-fe17ee73543a","fddcdb74-9976-4c33-a24f-fecd8cc35737"
"db898a0f-6ebb-43ae-8906-1ebb6ba760e2","057592e7-0b5f-43ff-80bc-7dc9989cd151"
"f173381c-4d49-4df3-9b0e-bf97ed7e19ca","b15902b8-97c6-4370-9547-1e154964d7a0"
"942df1fc-6e00-473d-93eb-b8fbac8aa6b3","a1fd48cb-e3b0-4cd4-acee-82270901db6f"
"66ae3496-a8d3-4b54-8ff5-a589f8b7d892","e5a19ec1-10f5-4850-99f1-08c3382702ce"
"f173381c-4d49-4df3-9b0e-bf97ed7e19ca","c0b840ac-5274-47d5-b499-68a21d1c2fe1"
"47ea2617-166d-4695-ab1c-c9c53b495a90","1d7ee259-cfcf-432d-9da7-7821ebba4c3b"
"20701b30-359b-4f0f-8fa1-dd8bed3dc5c3","59a95ed2-85e2-46c0-b9b8-8a4ef6071544"
"ac3d0ecb-21b8-4a7d-8290-1ae2f114e297","8c81d1ed-5e7b-44a4-af48-74a5ca2b0347"
"97378a10-bdc4-4118-a2ec-5909044a6d39","4cf56000-5e31-4c3f-91b1-587d95b9dbce"
"6ca9f492-061e-4dad-94fc-42f6622c7290","2af98db0-0c4f-4559-aa2f-5ecb06a98bcc"
"09085029-1ed6-4e51-ad1e-1cf2fffea350","715801cf-0531-42ee-9217-a6f197d2f3e0"
"5c1f7357-04ad-4daa-93f1-a8678fa09726","675f0e2f-f747-493c-834e-961714b32b27"
"43d5cb37-cc38-4626-ba05-be32a6e7bfb6","9e95fc8d-60a5-489d-a952-ea7ade41402f"
"bc6a1fdb-1cf9-4052-89e7-82af4bd029f5","6bfffedd-19fa-4152-abe5-879a87c017b3"
"1412a3ab-ef94-4368-ac5f-196064d7b275","b8237b29-f368-4207-803f-4b54322fde33"
"20acdb56-ca07-4968-b306-66ed892bbe0e","12c8a6a3-e014-4cb7-ba45-dcd9e0666543"
"5f9d6cd9-f8d6-469d-8fd9-24527d23c0fa","e2e646dd-65bb-4d36-9972-931829ee9f9a"
"1ac14f91-4205-4985-9494-feca4582550e","f37673bc-1b83-4a31-b6cd-40c9d7c5e41a"
"397a7c06-40d4-4a04-ab76-6d524af53305","9c59eff4-54c7-4f4e-8a62-c3357f2ff176"
"31834ed4-7c99-4cc7-b8cd-046d8143a79b","cff6e148-f548-48ae-9d9d-2cd3d4e1c677"
"118f8775-4862-4cf9-a06f-e6a663aa37d6","1bfbe0f1-947a-4451-8dbd-e9e42b2e0989"
"d0d16f29-5a03-4cf8-b4f2-8438349b6013","57eb549c-40a7-41ad-ac2f-153c3c007508"
"6366b8ce-358d-4f13-9348-2f4f010e7261","43408a1f-4d28-4221-8bd2-070ad28f737a"
"d7f8eaa8-5d01-4253-a6e5-616f9715714b","2bcdb0f1-60d0-4713-9ad7-d40b1b1eb530"
"db298f19-abb0-4cda-a533-e158e3a3a95c","3d0f6152-7b09-47e2-9a4f-7ae0dd036eb4"
"5ddab609-5e7d-4024-854a-ae538a8040d3","48ad674c-c106-436c-b078-ecf0307f5b68"
"451f4232-5a22-4234-893d-6d8937ec5985","65ac0b53-4297-4768-8dec-bf2b0b5252cb"
"d9898778-445a-4c18-8a3a-6218ae83991b","97330312-4dce-400b-96c5-49d26b1f94f9"
"87467e69-0a20-4eee-8c35-11fcc93a5a8f","7c085512-1f0b-4185-984b-2ecad539f345"
"866c27c6-4738-43bd-b730-f692459c76e5","ebc55709-24f5-4629-af14-40577f8f2e28"
"6366b8ce-358d-4f13-9348-2f4f010e7261","e65dd9aa-c25c-47cf-b54e-a80c4b414067"
"bc6a1fdb-1cf9-4052-89e7-82af4bd029f5","0f288fb7-ee20-456c-bc8a-a0de7adc446d"
"51494a14-f762-4d6d-aa4d-863b017b9289","267cf04a-207a-431a-808b-51e75d195e12"
"6366b8ce-358d-4f13-9348-2f4f010e7261","d09fa86f-1349-475f-aeec-17b52c17e0d2"
"397a7c06-40d4-4a04-ab76-6d524af53305","f9e6ec18-d675-4438-86de-7eabe0c24914"
"afc0bf8e-746e-4c8f-bfb8-e977154de047","151cda27-d22d-4d2a-a1af-bb8a50e000f9"
"57e0df91-6d96-4050-9a95-50346aafcba4","a3c7899a-74e8-4cb1-9848-de05f6223421"
"20701b30-359b-4f0f-8fa1-dd8bed3dc5c3","83d9520d-3277-4827-bc25-0301dc66cc4a"
"de2eb6b2-2214-4a25-b28e-2de2126e5600","5ca6d87a-e978-4ccf-b0e4-d4aa6d735958"
"8dba6ae9-a41b-4750-854c-cf43b144df6a","a21f7fb4-39e6-458f-974c-982e4e252f58"
"66fdf7d5-ba9f-4179-beb9-87cade56f5e5","a9a86c16-9be4-4c0e-b358-397e5ec85cac"
"acd27609-5042-4f5f-b07e-c89ee12cc72e","c78d74b8-a291-4995-9f13-3e6897d08757"
"dd359ea4-4b85-4ba7-8660-dd1882431661","8f7574e8-0806-440d-9c82-abbdac602896"
"f56e78b8-8dac-4ef9-80d8-c14a60b6beab","67666661-7ada-4cac-ba06-74da0e98a45a"
"96aa4c93-172c-44b1-852b-502ef8f47522","f77d9033-f8c8-44d4-8f00-b3cac023ebf5"
"bbeb3dce-2db0-4ee3-b34c-f226849d0d5d","63bfd656-7f7c-4457-9b7f-177c4d9709d5"
"351bf7c6-4163-444e-b434-51813e5c9d3b","dba52391-289a-42ea-a74d-fff173db70e8"
"db298f19-abb0-4cda-a533-e158e3a3a95c","f61af33b-f338-468b-943f-557923eb2a33"
"43d5cb37-cc38-4626-ba05-be32a6e7bfb6","5ef9c8b7-868b-4fa2-9f53-f3974e4ec1a6"
"09085029-1ed6-4e51-ad1e-1cf2fffea350","f9e6ec18-d675-4438-86de-7eabe0c24914"
"ed182089-8125-4bd4-8b7a-ce4d1af0dad0","0ff0774f-6cf3-4540-ad37-010222ee8f2d"
"47ea2617-166d-4695-ab1c-c9c53b495a90","b8570da5-0bf4-494e-a5bd-eef28a75dd03"
"dd359ea4-4b85-4ba7-8660-dd1882431661","20ff4aab-62b3-46b6-9e44-ee49cc443422"
"bd50f01f-6b26-495c-be8b-bcfcd57cd1bb","76b6f9fc-1bdd-4989-b0b9-1399af4eaf49"
"ee06b519-6f69-4211-8472-29883c3b5124","e0ab77f3-fec8-444d-8546-c475c6941dc1"
"e9d05818-81b5-42f6-848c-93ebe9973d4f","f4f59407-beb2-4d51-ba29-46f03ba20eb4"
"aea8c609-3cf4-4390-aca2-1af4dc70fbde","b800b33c-1b39-4997-a3ff-cd36f10d0869"
"ab51308a-c490-47b3-826c-e955f955b06a","dda52aa9-74de-44b7-b49c-3248bbf8a227"
"eabcd488-2505-4a10-bb4c-4b0a38aa1378","f16405a2-22c2-4192-8f79-3859d3b7631c"
"3d4166d6-900d-49d6-a236-25f416283ba5","cff6e148-f548-48ae-9d9d-2cd3d4e1c677"
"6f383547-15f2-49ab-a25e-b29ae082e098","b24b110b-d0af-4741-b786-0259fde9a19d"
"6bb35d78-755f-4a49-9b5e-977a60cdd33b","f89e872f-ca07-40e7-9535-190d177bf463"
"f56e78b8-8dac-4ef9-80d8-c14a60b6beab","f967ca99-b063-4a64-bb3e-5e10e353e3a6"
"17138329-cfbe-4ed2-a729-b7e6f0a2c6f5","b236b459-b647-452d-99ba-8a6827291300"
"8e36720f-3a01-46e5-9541-2b70c0990e4b","03f50662-9f45-466d-aecf-bc9edf5fa5b0"
"dafd1d07-eae9-43e7-8868-7490c131f5ff","2ee23ca5-6a6b-4b15-ad82-5e320f7d167d"
"023fcee0-3c0d-476b-be3f-9058698ad361","60abe947-1f15-4854-bab3-60d011f9565f"
"93550b03-15db-45bc-b324-1fffea958a1c","4542d8e8-b683-4c6d-8814-2c2e841c7d0f"
"6bb35d78-755f-4a49-9b5e-977a60cdd33b","61943a71-dd00-481a-85dd-f59467a5f4f1"
"bd50f01f-6b26-495c-be8b-bcfcd57cd1bb","18d37863-774c-4db1-b77b-36efd435bee8"
"6366b8ce-358d-4f13-9348-2f4f010e7261","715801cf-0531-42ee-9217-a6f197d2f3e0"
"db898a0f-6ebb-43ae-8906-1ebb6ba760e2","eed9a87c-8d01-4145-b381-27328d9cdaf9"
"c9d5d0c8-18c5-41eb-adbf-16a90d6f3492","b3ef7a8f-7f58-4a18-b619-100882e487fc"
"acd27609-5042-4f5f-b07e-c89ee12cc72e","0f288fb7-ee20-456c-bc8a-a0de7adc446d"
"023fcee0-3c0d-476b-be3f-9058698ad361","e2e646dd-65bb-4d36-9972-931829ee9f9a"
"17138329-cfbe-4ed2-a729-b7e6f0a2c6f5","74095d05-86bb-40f5-9d8a-a958613f5890"
"b09ed248-3258-46e5-ae24-1c5a85deb9dd","0d7a4da9-76c6-4eaa-a8d9-2151902aa144"
"96aa4c93-172c-44b1-852b-502ef8f47522","00162f87-24e6-48fb-b119-f7a58ee09345"
"bbeb3dce-2db0-4ee3-b34c-f226849d0d5d","e78af1d8-64cf-4ebf-ad68-6bf2c4f7ce01"
"97378a10-bdc4-4118-a2ec-5909044a6d39","f84b84b6-cff0-479a-8b7b-1d85dbe5a2b5"
"6366b8ce-358d-4f13-9348-2f4f010e7261","ec6cac5b-3f20-450d-9c73-27920b454f2c"
"6f383547-15f2-49ab-a25e-b29ae082e098","0244a43d-9133-445f-baba-a6cb18696975"
"ed182089-8125-4bd4-8b7a-ce4d1af0dad0","1379fb76-a053-4e0f-83a9-5ddd121d15be"
"9f36163e-0608-43f0-af76-06e1a9320cba","779ea4f5-937a-401b-bba6-16e5d89f5f28"
"318c4b38-a307-4df3-869e-56c5872a209d","343724f3-faef-4627-bbd2-5fe86554df43"
"09085029-1ed6-4e51-ad1e-1cf2fffea350","5cfaf819-4a4f-409a-bea8-cdf45dea42a1"
"2333265c-9964-4cdd-8b86-a17e07e7839e","41388838-738f-47e1-9c97-d995edee679f"
"a76b6565-dd23-4e88-af93-e4f8e6fa94df","647a0dc3-31ca-40eb-ae04-0e5243dda9ee"
"2618ed26-9278-43ec-b4e5-4a33f90457c5","a0bea3fa-e2c6-4773-b9dc-de3a98db5ff8"
"b2612d6c-1f6e-44a5-a271-2939ce6b3821","468a585d-3e00-48d2-b14a-a3046970e9b4"
"ee06b519-6f69-4211-8472-29883c3b5124","67666661-7ada-4cac-ba06-74da0e98a45a"
"fbd957af-1d13-46af-a3cd-655f9b184dc5","4212c027-df52-45c3-8860-63913d72dda5"
"c2b67fae-71f6-4ddf-9677-286b18f161a5","f2abe80a-767e-4b6b-84be-e75b451c9a34"
"ee06b519-6f69-4211-8472-29883c3b5124","7dad9d38-14f8-4f7a-b323-7720a2a7c992"
"ea5b370a-2636-457e-b3e9-f085240fdcf3","8e8f5ac0-6c4f-4932-9be3-52aafaa5b0a1"
"6f383547-15f2-49ab-a25e-b29ae082e098","38d3e1bd-a9aa-4017-8854-6159002bcc5e"
"94a82e19-2104-486d-a848-0789ba1874b2","cfbce713-bb8b-44e4-9cc7-1d36c5618425"
"cf707f63-771a-4b32-b00a-17a1a553bed4","762e7473-3efb-4281-9480-b11f855b1fd9"
"223c4f96-e2f8-4723-a358-a9c09a0568fa","1e7dded7-5b5f-435d-9e57-8cdba64275fb"
"6b2b302d-e108-4d33-a519-918f1fa8bbf5","5cf8f00a-e9d9-4fa8-bed1-6d5c96114c59"
"118f8775-4862-4cf9-a06f-e6a663aa37d6","e4ed0167-a1c7-4948-91eb-556ef5defc4d"
"0188af1f-c93c-475b-afca-5c5e2fb90de6","ae66b3a8-58fe-4bb9-afa9-f1f14ba2ca94"
"89eab870-68fc-4c64-8029-b763afd44feb","a677802e-194b-4ff1-a392-36cbd6cb4b3a"
"d7f8eaa8-5d01-4253-a6e5-616f9715714b","ba281bb5-681d-4018-a4b4-0e62869ced3e"
"57e0df91-6d96-4050-9a95-50346aafcba4","6e9664b0-b082-421b-82d7-5dd7cab04359"
"ab51308a-c490-47b3-826c-e955f955b06a","a677802e-194b-4ff1-a392-36cbd6cb4b3a"
"fa2311cb-19d7-4a76-a421-48f1eaf71e46","dd18b858-851f-47e8-ae4f-564d64829386"
"318c4b38-a307-4df3-869e-56c5872a209d","20796822-6e86-4180-a85b-e6d6edc42d80"
"318c4b38-a307-4df3-869e-56c5872a209d","e7232257-1c38-43ab-94a5-fcb9ce04c033"
"6f383547-15f2-49ab-a25e-b29ae082e098","32313e75-c6d5-457b-a813-3466f69c698f"
"d2a1a8cb-c0f7-401c-b3c9-6f400be93a7d","a21f7fb4-39e6-458f-974c-982e4e252f58"
"754ae28f-c70d-4818-ab8a-646c7719852d","cb1bfd85-c352-4dc5-86d4-64d9e0090eea"
"118f8775-4862-4cf9-a06f-e6a663aa37d6","6a0f9708-3b53-4b1e-8278-8f704839942d"
"f56e78b8-8dac-4ef9-80d8-c14a60b6beab","914d66c7-aa00-41cb-bda0-db591a7af689"
"66ae3496-a8d3-4b54-8ff5-a589f8b7d892","32395b10-7ffb-4c40-9574-60e574d99855"
"ed182089-8125-4bd4-8b7a-ce4d1af0dad0","09342e1b-69ef-44aa-a5aa-1f23faef361b"
"e9d05818-81b5-42f6-848c-93ebe9973d4f","a7419acd-9d87-49af-91a1-26411f237a4a"
"0188af1f-c93c-475b-afca-5c5e2fb90de6","6bfffedd-19fa-4152-abe5-879a87c017b3"
"351bf7c6-4163-444e-b434-51813e5c9d3b","9c7ddb34-7720-437b-bfc6-d41d0a5eefef"
"85a81e67-8f7d-4f8c-a90f-fe17ee73543a","096b587e-d619-4cf5-be85-17d4163bd104"
"31834ed4-7c99-4cc7-b8cd-046d8143a79b","e63f6af9-059e-4cdf-b2a2-e478c84c4f22"
"e1b8c34d-ea80-4560-b90c-65d0f1f9db24","3954d00c-689a-4e4c-b905-a51033e915c9"
"dd359ea4-4b85-4ba7-8660-dd1882431661","344a9861-9d76-428c-aa20-814d497623b5"
"1ac14f91-4205-4985-9494-feca4582550e","f861a27f-4ea3-4fda-adb8-82cbfa93fbc3"
"bc6a1fdb-1cf9-4052-89e7-82af4bd029f5","b2da7bc5-a864-4a2f-b5fc-fddef9681606"
"0188af1f-c93c-475b-afca-5c5e2fb90de6","3d0f6152-7b09-47e2-9a4f-7ae0dd036eb4"
"118f8775-4862-4cf9-a06f-e6a663aa37d6","320b7775-ad18-4b66-80f0-0f72abb701c1"
"d0d16f29-5a03-4cf8-b4f2-8438349b6013","968b3fde-3afc-401c-901c-b28be55480d6"
"2333265c-9964-4cdd-8b86-a17e07e7839e","a8026b04-0e38-4f59-b7ae-e61351ee751f"
"f56e78b8-8dac-4ef9-80d8-c14a60b6beab","5b6f6dc5-6e13-4d62-b2b6-dac4caeae023"
"bc6a1fdb-1cf9-4052-89e7-82af4bd029f5","f576f338-7e7a-4cb5-8760-b97acc248156"
"acd27609-5042-4f5f-b07e-c89ee12cc72e","f77d9033-f8c8-44d4-8f00-b3cac023ebf5"
"cf2af0f7-cb19-4545-9657-d02cfefdb8e7","5f3e3af6-9420-444b-b618-3eed3f63fa06"
"59f4e50f-54c1-43e1-9e4d-eb31ecc96fa5","b236b459-b647-452d-99ba-8a6827291300"
"bd50f01f-6b26-495c-be8b-bcfcd57cd1bb","39829ad8-3776-4ac6-8f2b-59b5ddab7657"
"ee06b519-6f69-4211-8472-29883c3b5124","c799e96f-8d4e-4e56-878f-c144a919c015"
"db298f19-abb0-4cda-a533-e158e3a3a95c","faf4c9e1-5c5f-48f9-b13f-ebe75bfe1e01"
"59f4e50f-54c1-43e1-9e4d-eb31ecc96fa5","e26cb05a-a7b7-459d-a245-70b7097267e5"
"e1b8c34d-ea80-4560-b90c-65d0f1f9db24","d2f7f26e-a4ed-4940-a843-9ef1f69f2bf4"
