"c1f1213f-efd1-434c-ae5f-bdb896562e11","ac3daa56-3cca-4fb3-8891-1fb2c6162de3"
"e4110fd6-fdc3-4d6b-832d-5c8a6395deab","2a4c05bd-40ce-4e09-8340-cb378e8e6966"
"fc932329-81df-47a4-bcac-d52acd3d0b99","8d2e81b3-7ddb-4bf5-a3be-793626e03636"
"894bda5a-3983-4cd0-9bf1-e418ebc3d34d","0e292f88-c1d8-4ed0-a013-c824d0bebe96"
"714a0b33-eae7-4c3e-8749-c16a9b858b0c","0bc056b4-a327-4a06-9073-d397b7f5cdef"
"49119390-7063-4790-81a9-a02984d4d4b7","2ef515e0-51f1-4e8b-a595-99cfdc620981"
"6c66a40c-3483-48c1-8e67-3d0b60232307","247156c0-4f74-4c62-86fa-8a7e6a573dd1"
"8d51e137-6220-429b-909f-e164ac895826","5ba9a5c4-1479-4eca-a028-11568da4ba34"
"74c28ece-9f10-4a7c-a28e-365d071fbe63","5c6420fd-9b2f-4ad4-b322-7845e2e17daf"
"1b667a3b-b541-47e5-937b-b4eb363a11e9","7cb88c1e-2c76-435f-a645-4ef55615dd88"
"da4023b9-9b41-4e0a-ae11-c3167371b4eb","22badac2-74e7-4a1b-8c7c-0f1beb1f4536"
"03fddaf7-ea0c-414d-97e6-83991e38b14e","96de3d62-4326-45b4-952d-f463e744afad"
"6d64be06-d62b-4c54-8206-ffd866d57209","8fd78711-39f7-46dd-a6e0-c4701a527ce6"
"8343efab-453d-416d-821e-c1805b8f4db2","c3bfc993-b654-4d50-a115-d4b54d0ee978"
"4a10d3c4-b6e9-4c47-8eb2-4052757bd143","03c13301-2de9-4873-ba73-96ae44efc527"
"6ed0334c-e7da-4e51-b76d-d2ab88e0eff3","22badac2-74e7-4a1b-8c7c-0f1beb1f4536"
"8d6828e3-f103-48c5-9d48-ec225ff13ed2","ff95895f-ad34-46db-abbd-cfaba4881750"
"9ee74797-1d86-4b64-ab0c-98cd90983356","6778ab72-ead2-40f9-bf4b-225d9e754104"
"c519203e-35b3-4121-afad-62706b48c3ac","cf20f849-64c2-41aa-9b10-4c1823f1df1c"
"c65d5e3d-afba-4684-92a3-a4c1fa95af77","35b5faee-a007-41cc-8921-c691c553af59"
"4e5a28fa-ef4c-4d6c-93fd-9dcf6d68956b","b8f803b4-35e8-45cf-a364-1f24e7e6d985"
"d685f914-6041-4aff-b0dc-8bd9269bcf36","9252ada6-5b77-4b81-b347-6e11741d860a"
"ab8a824b-2d99-408d-b5e1-f9ec985afe5a","11c398d6-3d72-4113-a53e-0b5b5639207c"
"8d21ec7a-47b5-42fe-bc26-9231d3f40d93","972899c9-078d-47ce-9c24-36ba94986a9c"
"160bf85c-4dfa-4dbb-9435-27b33fea359d","4dbe6733-1ef2-409f-b59c-a65c60b8b0a1"
"8da4d6b9-98a9-410d-a721-e9d89d3a9542","bf65e74e-834f-4936-bfc9-8222b46ac6fa"
"9591c4c6-137d-41d5-b56a-54030b938226","ad441f5e-f31e-44d3-8774-4869981d7406"
"82997246-b987-4e41-90b8-f12f0838105c","27253768-56b5-4bd5-9ce3-23171c22974a"
"ac5f6d94-61a2-4360-94be-2b089a80579f","ad441f5e-f31e-44d3-8774-4869981d7406"
"008ce1e2-157e-48a3-9435-9e74dd97e9fd","44c81242-4920-4cf3-b37e-b44325f34e03"
"084af4eb-338d-4f68-b458-771d23a3bd8c","1014ecb7-d103-462f-bad3-c653bd79895b"
"a0ca7dab-da3c-4879-82a4-750766a42b21","cf20f849-64c2-41aa-9b10-4c1823f1df1c"
"6a7930a2-d4db-4690-870a-816d44ef42fb","63fcca95-59cb-4e33-9fa2-0645ffe15ff6"
"63c26d5d-fdb2-4c14-a9b8-b3870c8af245","247156c0-4f74-4c62-86fa-8a7e6a573dd1"
"ec077c07-5c26-4a96-9a79-82db064e8382","ef95a1bf-bfba-4e94-bfbe-8bb16c6f9e5c"
"db6e8e93-9fad-4339-8d2f-6e458a183870","83a6dbab-7a55-480a-9b38-3a779d77fc59"
"0874c1f8-b785-4f06-844e-8d9c98e0633b","b8f803b4-35e8-45cf-a364-1f24e7e6d985"
"3cab0cfe-50d7-41de-b9d8-11a0b42c0a04","bf65e74e-834f-4936-bfc9-8222b46ac6fa"
"604b947b-117e-45d3-b29d-9867c6a0a934","ac56aa55-76d6-45ed-9a85-cc17c9ac89fd"
"443ad5b1-f55e-4765-9292-a55522fe9410","83a6dbab-7a55-480a-9b38-3a779d77fc59"
"4fca4ae9-ff74-4cbb-901c-905e13459eb0","fef3c4b6-2249-4d24-b174-237e44ab41eb"
"a780d81d-084f-4df4-8145-a9d99814fd99","44c81242-4920-4cf3-b37e-b44325f34e03"
"5134ea69-9c94-4106-8d35-5d78905237be","6f2c0559-e181-47fe-a311-3b3bc8aa121e"
"267ad38b-cd9a-415e-99ad-1a625f5e7b46","480cc4a8-e7b7-4fd1-b5d3-08e72d658edb"
"25a97824-036e-42e3-9961-6431403d4fc0","86dc9991-7a0a-483e-a81a-fea59605789c"
"d78ac129-dfd5-499c-ad45-5043becbb982","7ab952e5-a516-41f9-82d3-93d40f8fb941"
"63454d0f-af96-4d2b-a570-73b1cba73698","20916711-7109-4454-aae5-c6a07aeb1755"
"8843616e-e7a0-4d5b-8aa5-1bfa9dc62cd0","bffc8d58-c608-4bec-a239-807ab8aff758"
"32d08ebe-8d40-45ca-b142-140c7982bed3","0e292f88-c1d8-4ed0-a013-c824d0bebe96"
"add36d17-7f11-4056-af8b-db7c650323ac","86dc9991-7a0a-483e-a81a-fea59605789c"
"4c01e315-8079-49f9-a6ba-8a27e153f035","2134ea07-f773-444c-978f-71539dadf361"
"12a7d668-1de3-4205-bd8b-6b342a98063f","480cc4a8-e7b7-4fd1-b5d3-08e72d658edb"
"cc2bc532-e7ba-4e74-ae5d-a6da705e2f69","b8f803b4-35e8-45cf-a364-1f24e7e6d985"
"e42b951b-1056-4c22-8572-fcbc69fe7ec0","85035276-1e61-4c25-bc0c-8cfd014a6043"
"702fab7b-804e-48a7-a917-b154125c7c16","ef95a1bf-bfba-4e94-bfbe-8bb16c6f9e5c"
"c390116e-dfa9-40b6-bc8b-e8dd43791444","2134ea07-f773-444c-978f-71539dadf361"
"4a1a478b-d8be-439a-a113-0e6a2b7be3d8","a4ab8426-846f-4e90-afd7-605fa5b46dc4"
"3b51fccc-5958-4ebd-afea-3441428ecb60","05d6b213-f8c9-4238-baee-0982cf97d5d0"
"6e46c5f3-3a1a-4021-a43d-5d784da798ed","4dbe6733-1ef2-409f-b59c-a65c60b8b0a1"
"0797d113-527f-4441-8a91-df97977e24b5","0e292f88-c1d8-4ed0-a013-c824d0bebe96"
"357f6ca5-c376-4a23-a174-80821130b0c4","27253768-56b5-4bd5-9ce3-23171c22974a"
"bfeaccb9-cf6f-4b6b-b2ab-b17e13b4a3bb","35b5faee-a007-41cc-8921-c691c553af59"
"39b55d08-1537-4103-8af2-1ad62347e3e3","42fbd30d-cd1e-49af-a627-91cff8e25f8f"
"adf44c38-3b8f-4cf1-b5a9-2ab92cbf8d04","d1092350-db91-47c4-b4e3-4317fe944ae7"
"2251298a-dbe5-465f-aa6c-f77ddf7eae8b","b663389c-ee91-41a1-aca3-f258d7395229"
"a322ff5a-4a4c-4f7f-803a-82886db7444b","6fe9f387-79df-4a0c-bb07-3417b3001324"
"fdb89d4f-547d-4a46-aa12-b618ed17bea9","5ba9a5c4-1479-4eca-a028-11568da4ba34"
"d5a68168-d18a-4c20-ac5c-ea590f169331","6595cc0d-9c64-4d44-b249-7cdb03416a41"
"b8fb5993-2dd8-4a21-97b0-9ea1cbba15fc","8fd78711-39f7-46dd-a6e0-c4701a527ce6"
"18b8957c-ba54-404b-905e-b03128e2be41","141cdc2c-739b-4651-8f0e-a3061201734e"
"ad3ec42c-a7e0-4edb-a1a0-4ddf5b8517f8","51898514-15be-48fd-acbb-79bce03d34a1"
"f79d44d1-e298-41f6-9727-11568e3b34ff","247156c0-4f74-4c62-86fa-8a7e6a573dd1"
"d366f890-06cb-4b17-bc09-04feb4e4ca07","972899c9-078d-47ce-9c24-36ba94986a9c"
"aa190536-706b-4bc0-ae70-b98d4ffaa171","d1092350-db91-47c4-b4e3-4317fe944ae7"
"4d2d6def-34de-430e-bc73-8dfd640b4cd9","25c8f9fd-c89c-47a0-96fe-22ed4ddbf12c"
"fa9a934b-7077-466f-bdc4-358179b201de","6fe9f387-79df-4a0c-bb07-3417b3001324"
"a1811d69-bd2b-44e3-9bb0-aa11f387bb53","7cb88c1e-2c76-435f-a645-4ef55615dd88"
"9f04a71e-6cb6-439c-b575-c002539f69f9","4dbe6733-1ef2-409f-b59c-a65c60b8b0a1"
"962a7b28-8f43-40fb-abeb-c27b1d0ce085","8ee33f9c-68e6-4a02-ae5b-5820ef7563cb"
"32fc2eed-2c40-4b29-9c86-8750267779f0","b842f48a-a373-45d1-8b76-8f86b16ae8f9"
"bc6bd615-f08a-4333-aca4-21f19015ca15","8fd78711-39f7-46dd-a6e0-c4701a527ce6"
"450f35a0-87c4-4bf5-8d98-1b2d6d634860","8d2e81b3-7ddb-4bf5-a3be-793626e03636"
"c40599b3-5318-4c40-b9b5-9408ec39964f","31796f28-5ca8-4a47-9d65-621d862a340e"
"1a3bf784-e257-4abf-8e88-241ae39c7031","1e70e4c5-8002-4137-ab2f-077e51a3af54"
"92ccc022-243e-4ff6-93fe-6acefee5042a","1e70e4c5-8002-4137-ab2f-077e51a3af54"
"ee712777-1191-46d0-9f98-18ee5a18bedf","f0da4b19-e152-4e3d-8743-339f25d0f5c6"
"d2e178e9-d8ab-4ab6-a428-fcdd4e0f083d","84039285-ab69-49ff-8508-ca4d7f535510"
"5b6d3a82-5153-4a90-b263-319063fcf17c","03c13301-2de9-4873-ba73-96ae44efc527"
"748d18d2-9bb3-4d88-b085-e6a074d24d40","8ee33f9c-68e6-4a02-ae5b-5820ef7563cb"
"bd8129af-94b8-4ce0-a01b-e8a8e4fd376a","141cdc2c-739b-4651-8f0e-a3061201734e"
"736c910b-0282-4cba-8749-72996177c9c9","ff95895f-ad34-46db-abbd-cfaba4881750"
"c84c5385-be6f-4477-90b9-52e5ee85c09b","8a08c3d6-cef6-415d-8e9a-2c3126d94875"
"bb2cd5e7-2a33-4f50-95d3-dba6f7b01ce5","716ccf11-5152-4052-8756-13c7d283aa07"
"e62f7e5e-4aeb-4200-823d-4cf66a161957","716ccf11-5152-4052-8756-13c7d283aa07"
"6a389913-759b-4b00-b32d-99f392b08bde","ef95a1bf-bfba-4e94-bfbe-8bb16c6f9e5c"
"726cbb9d-df6a-44d4-b43f-2396ae97106d","2a4c05bd-40ce-4e09-8340-cb378e8e6966"
"7cd38b99-e7dd-4102-9828-77f12db70ee3","8ee33f9c-68e6-4a02-ae5b-5820ef7563cb"
"d021ee7b-3c89-428c-a1d5-ce4bb4fb0be6","c3bfc993-b654-4d50-a115-d4b54d0ee978"
"88e8827c-3208-4e45-905b-86add6247429","668e3897-2687-48bd-ae9c-e3b9281aa8b1"
"c6e4fa83-ae0c-4599-b8d3-4ee94a3d88ab","63fcca95-59cb-4e33-9fa2-0645ffe15ff6"
"7429fd6b-71bf-4dc2-a9ad-d7eb808b96c5","5ad63f90-71fe-4258-b77a-547deb9f50b7"
"9eae1522-d6d6-451a-9acc-14247aecabae","35b5faee-a007-41cc-8921-c691c553af59"
"1bb3c18b-4ad1-48e7-b34f-b72c281e0fe3","2ef515e0-51f1-4e8b-a595-99cfdc620981"
"0fabf570-89a6-41cc-9065-1f31ea9cfee1","bf65e74e-834f-4936-bfc9-8222b46ac6fa"
"19b121a3-b4d3-4d18-8209-766ceb4e795e","6595cc0d-9c64-4d44-b249-7cdb03416a41"
"4fc71560-d724-4e4d-9bc4-2b50392e1673","4edfc27f-b458-410c-98e0-17824fbb94ef"
"e01a097e-5a41-47de-a8a2-b648ccaabd05","0e292f88-c1d8-4ed0-a013-c824d0bebe96"
"6bfe4b1e-1035-4a21-bded-66d399e005e8","cb6458a5-742e-49e3-9969-c7983e0f2245"
"a8da5555-8e50-4ac3-a090-3afb715dcd84","ddb7aa31-809a-43b7-aa4a-ee04521900e0"
"4b49b947-b7af-4529-88e6-28402a730dae","35b5faee-a007-41cc-8921-c691c553af59"
"d8191c06-aeea-4b6b-bdd2-108028bb9206","0cfb8b5a-4540-4d1f-9d5b-6b1e663d7f1a"
"e0f33e27-d0c8-4883-98d7-186015401989","22badac2-74e7-4a1b-8c7c-0f1beb1f4536"
"76e88d99-17d0-4bd1-a5d0-4ea7719a8785","141cdc2c-739b-4651-8f0e-a3061201734e"
"2abac3e7-d526-4a36-911d-9dadb4702607","5c6420fd-9b2f-4ad4-b322-7845e2e17daf"
"61e09667-b1d5-462f-8dcb-916021d55da9","1b83aeaf-ba2d-4c03-81c6-7ec18c688902"
"97a70f82-e5ce-43e8-a2f7-1d8c55a613bd","35d1d431-7fa2-4d25-9bf3-c33e79bacc1c"
"4f4972b9-1da8-45ea-980e-a0473eb76390","0e292f88-c1d8-4ed0-a013-c824d0bebe96"
"eb2f2401-08c7-4b9a-8393-f6625ad31548","0e82815d-e28f-4448-884e-9fa5dd93f34f"
"e11c19d7-b87e-49d5-813d-f49068bdfe20","f95dab76-dfe6-4706-9ac6-9be1e1c96acf"
"38c34309-f7d3-4806-a866-352c2ee59a61","ed4dd2b6-b1ea-4387-af83-76bbf843e589"
"b0ad29aa-e33c-4e7b-8a93-361ddb2d8475","27253768-56b5-4bd5-9ce3-23171c22974a"
"a5a47e4a-5eab-4b32-9358-7103a0eee2af","bffc8d58-c608-4bec-a239-807ab8aff758"
"a9f4fe6f-7633-46e8-b486-b7a5f5ddff74","5c6420fd-9b2f-4ad4-b322-7845e2e17daf"
"cd8a2a64-1577-4b4f-a505-3d7877f66132","6296b0dc-4732-4190-b9b7-1ab0a43ef8d5"
"fae6fae5-9d89-4d76-8802-8961a9033054","ac56aa55-76d6-45ed-9a85-cc17c9ac89fd"
"5b25951a-9694-4150-8afa-517aeee716bf","5c6420fd-9b2f-4ad4-b322-7845e2e17daf"
"15188077-5fa0-43a7-a42f-e185049fdf99","83a6dbab-7a55-480a-9b38-3a779d77fc59"
"7972ba54-df65-4454-8ed3-a306fe0c3d74","6fe9f387-79df-4a0c-bb07-3417b3001324"
"dca81b84-5527-4980-a26f-1bf4739f2dac","742815fd-0a83-414a-ae49-da33afc8d9b2"
"8e51df75-8fc1-4c5d-9f6f-e95d4228e40f","2134ea07-f773-444c-978f-71539dadf361"
"8bf7222c-9583-42ec-ad9b-8495c8ba77b5","63fcca95-59cb-4e33-9fa2-0645ffe15ff6"
"a657045c-7ec0-4899-9a0e-c73d4c3932ca","a45e7b47-bcf4-44e5-b09c-efbf7c3a76e4"
"a623c45f-501f-4fe9-8cc0-1ed7f6c97dbc","1014ecb7-d103-462f-bad3-c653bd79895b"
"daefa5fd-87e5-44a4-a19d-4a4eb6956795","8fd78711-39f7-46dd-a6e0-c4701a527ce6"
"3336da93-e0d7-4e09-8802-eba99cac83b0","63fcca95-59cb-4e33-9fa2-0645ffe15ff6"
"680efbba-f948-46fe-b155-8566ba62be0b","f0da4b19-e152-4e3d-8743-339f25d0f5c6"
"4aa6e19b-f4f9-48f3-8c41-f81c8c9a920b","2134ea07-f773-444c-978f-71539dadf361"
"74716378-86c4-4fb8-9aaa-8d67478f2cfe","1014ecb7-d103-462f-bad3-c653bd79895b"
"81014bdd-2d0c-4f0b-b729-b40fcd352018","a4ab8426-846f-4e90-afd7-605fa5b46dc4"
"dc981f1e-5fe3-4d87-8bbb-ef59871474e5","5c6420fd-9b2f-4ad4-b322-7845e2e17daf"
"fe9da588-5d1a-454d-8212-c03417a791e5","5ad63f90-71fe-4258-b77a-547deb9f50b7"
"45ab567a-57d1-418a-9402-b6e44dff8681","ef95a1bf-bfba-4e94-bfbe-8bb16c6f9e5c"
"360733c3-ff8d-43d9-a56e-335fd024f521","3dbbd438-19b2-4eef-8edb-ed6d67990142"
"4c11fa22-a8e8-48a6-b05f-77cfab4924fa","25c8f9fd-c89c-47a0-96fe-22ed4ddbf12c"
"5714c7e0-2b6f-4089-97e8-e7914155e1de","d87c6433-f3ca-413a-a5f9-2ba9105fd515"
"d3a1d49f-26a3-4419-ad13-abd5e38112d3","3dbbd438-19b2-4eef-8edb-ed6d67990142"
"273e5858-d59e-4efc-b2e6-608d005e63bf","8f1ef697-d149-4482-8e0f-0165aa43c670"
"d9249000-ee0e-4027-9e3e-220ac6a03c61","5c6420fd-9b2f-4ad4-b322-7845e2e17daf"
"58f5dcf9-0db5-4c0f-abd7-6daf360a86bb","6fe9f387-79df-4a0c-bb07-3417b3001324"
"a645aefa-cef0-465c-b317-52fd54c2fa82","cb6458a5-742e-49e3-9969-c7983e0f2245"
"2f4a1e28-da94-461c-b4e0-fbc1d97b28f7","27253768-56b5-4bd5-9ce3-23171c22974a"
"ce6f65dd-50af-4815-b50b-6289d3e76a31","3c912be3-b9f7-4184-9342-dec4db48e362"
"25fce8cb-81d9-4eef-9bc8-4e81501cbbd3","d1092350-db91-47c4-b4e3-4317fe944ae7"
"44ef691b-635d-4e4f-8812-395dc1ce4a21","480cc4a8-e7b7-4fd1-b5d3-08e72d658edb"
"972814b0-d376-4272-8c99-3d3f91a972c9","7cb88c1e-2c76-435f-a645-4ef55615dd88"
"839666a9-0603-40cb-b615-e490cb7a098c","bffc8d58-c608-4bec-a239-807ab8aff758"
"a978bd85-20b9-4648-8a89-b378c437c84e","d87c6433-f3ca-413a-a5f9-2ba9105fd515"
"4a8520b5-a21f-4679-b21f-fab4ebb0a132","2ef515e0-51f1-4e8b-a595-99cfdc620981"
"581d7da5-ce56-49c2-8056-f27ca580ae0e","adb0357a-e158-4968-9567-32cf4cc6f699"
"56ce482b-92df-477c-bd6f-cc197ee8684a","cd538f23-9c96-4af9-b262-2c3918772724"
"1a519c63-d515-4867-875a-cc56a8b75dc9","b8f803b4-35e8-45cf-a364-1f24e7e6d985"
"5eb76945-d0e1-4b0a-9923-9cb2241b18b8","8d2e81b3-7ddb-4bf5-a3be-793626e03636"
"c5a34673-fe18-4e63-a71c-cb27908d093a","6296b0dc-4732-4190-b9b7-1ab0a43ef8d5"
"b28c7faf-f11e-45f2-9765-b8103d79023f","6fe9f387-79df-4a0c-bb07-3417b3001324"
"d538974e-a6ec-4382-8a52-b7df75995d5c","8d2e81b3-7ddb-4bf5-a3be-793626e03636"
"027f10c5-79d0-4a9e-946b-5a691b78e4ca","ac56aa55-76d6-45ed-9a85-cc17c9ac89fd"
"3e9fa460-5c81-48b5-8e43-92178a18f229","5ba9a5c4-1479-4eca-a028-11568da4ba34"
"fef9b2cd-5fcb-45c7-b9ed-26a588a7d543","28fd78ab-0f58-4048-997d-d84fcaa2143f"
"8193ef8d-3a70-4f3f-9e33-77449cf8185e","35d1d431-7fa2-4d25-9bf3-c33e79bacc1c"
"1ef3a69f-84e3-47e6-a876-642cbb2350b9","8a08c3d6-cef6-415d-8e9a-2c3126d94875"
"f9958bce-5657-4f5b-95e9-6fc54ac83715","31796f28-5ca8-4a47-9d65-621d862a340e"
"9f6b1245-6c10-41f5-bd28-5de2d1d8d6a0","247156c0-4f74-4c62-86fa-8a7e6a573dd1"
"9a4b5f56-daee-4f4b-9757-75c3808c0381","0e82815d-e28f-4448-884e-9fa5dd93f34f"
"d3731fe7-9d2a-45ea-9cf9-90b74e722942","b8f803b4-35e8-45cf-a364-1f24e7e6d985"
"bf96dde7-f195-4370-8aae-3287f6f0659e","4edfc27f-b458-410c-98e0-17824fbb94ef"
"fac5c650-7cf2-4913-b3c5-9b2c45fb38e3","44680d0e-38ec-4390-9a0c-a00c983a2ea3"
"ebd42a65-071b-44f0-9cd5-acee4069ed96","bf65e74e-834f-4936-bfc9-8222b46ac6fa"
"802b9aed-826a-4589-aeb8-59289d6505b5","6e2fe55f-ffcd-4952-9e6d-80eb0aacfc98"
"9407adf9-1ea5-4d28-ae72-8600997959b6","ad441f5e-f31e-44d3-8774-4869981d7406"
"1bfe4d31-5c9b-4496-9464-1d96357295cd","27253768-56b5-4bd5-9ce3-23171c22974a"
"2cc8382c-30b1-45bf-bb3b-6b66e343fa48","6778ab72-ead2-40f9-bf4b-225d9e754104"
"c41892ef-1c76-4280-9d65-b8508004cecd","0bc056b4-a327-4a06-9073-d397b7f5cdef"
"b8dcb9dc-321a-4826-a382-59d1fccb6dcf","7ab952e5-a516-41f9-82d3-93d40f8fb941"
"1d4d03e3-d924-4d7f-8df5-e09f3f4dba48","6595cc0d-9c64-4d44-b249-7cdb03416a41"
"722128dd-3797-4909-b763-1405344c994a","247156c0-4f74-4c62-86fa-8a7e6a573dd1"
"8b878bf2-86f2-40e2-a750-ce799bed5491","fe49ab8e-e14f-4492-b4de-036d05d03650"
"37586ec3-5caa-404d-a5c1-84a8608940ac","5c6420fd-9b2f-4ad4-b322-7845e2e17daf"
"e3dc19e7-a861-4feb-84eb-70e32c6dbd27","5c6420fd-9b2f-4ad4-b322-7845e2e17daf"
"2fb6a214-250a-4111-bc81-c9fd93167cf8","28fd78ab-0f58-4048-997d-d84fcaa2143f"
"b4e8400b-921d-453c-8e12-d3f867d8afa7","35b5faee-a007-41cc-8921-c691c553af59"
"a05e9467-2051-471d-abcf-26711a02e668","ac3daa56-3cca-4fb3-8891-1fb2c6162de3"
"2699fc30-3492-4a96-9162-10c2e55b2292","0bc056b4-a327-4a06-9073-d397b7f5cdef"
"9c8dff6e-8d2b-475c-87b0-9be59acf0a9f","fef3c4b6-2249-4d24-b174-237e44ab41eb"
"ec4d21f8-e894-4624-b94e-9ad6348cc502","a7f363b9-bf9c-4691-a23e-64e36c7df740"
"25e74fb5-fcf6-4aff-9adc-c52304c551c4","fe49ab8e-e14f-4492-b4de-036d05d03650"
"9072b8ef-9d87-47ee-b2f5-5c08fcc2baf7","4dbe6733-1ef2-409f-b59c-a65c60b8b0a1"
"4bc9f354-4d75-4ae0-abc9-faeac297d079","44680d0e-38ec-4390-9a0c-a00c983a2ea3"
"1c623a3a-8954-4fda-a31a-7ab67683ca04","1014ecb7-d103-462f-bad3-c653bd79895b"
"6e65c1c2-ce86-448a-97f5-43b6e990aea4","3c912be3-b9f7-4184-9342-dec4db48e362"
"bfcefc83-8be3-4f92-bca0-c231e7e939a8","fef3c4b6-2249-4d24-b174-237e44ab41eb"
"210330c4-083e-4c65-9225-bdb46e9e7b04","d1092350-db91-47c4-b4e3-4317fe944ae7"
"058e329c-b058-4143-ac48-c2f51f003e58","ed4dd2b6-b1ea-4387-af83-76bbf843e589"
"8b7b4878-64d9-42b0-8f9f-83de4df1ea1f","5ad63f90-71fe-4258-b77a-547deb9f50b7"
"580dda49-38b6-4686-acfb-e2728466b60b","25c8f9fd-c89c-47a0-96fe-22ed4ddbf12c"
"66d7dcfe-adf8-4ec8-acd6-afc27ca41f53","0e82815d-e28f-4448-884e-9fa5dd93f34f"
"5129c043-0eac-4d7c-a8bb-5601e08362e5","bf65e74e-834f-4936-bfc9-8222b46ac6fa"
"9c545895-3834-49fd-9285-1513f8f96864","35b5faee-a007-41cc-8921-c691c553af59"
"bd141416-e7de-4752-9e70-73ae9fce4ce5","1e70e4c5-8002-4137-ab2f-077e51a3af54"
"b2610ffd-c179-4e4f-9d53-cc465c88f0aa","cf20f849-64c2-41aa-9b10-4c1823f1df1c"
"82281fa2-9b10-4236-9478-3ed79fa4910a","2a4c05bd-40ce-4e09-8340-cb378e8e6966"
"b549ec42-8302-4e1b-9594-d775cc0d7927","618a73d8-1939-44da-9940-65956e80f96c"
"4e2edb80-b8f8-4307-b533-9602ee24cf7c","fe49ab8e-e14f-4492-b4de-036d05d03650"
"1fd6484e-49d7-424c-9287-54697f5e721e","a72e5981-c11d-44be-acdf-27d65e33cabf"
"3bfde459-0afc-4f9d-9295-c01677cd455f","6f2c0559-e181-47fe-a311-3b3bc8aa121e"
"ad3c4660-0848-4fb8-8cb7-1e3f1bc93451","05d6b213-f8c9-4238-baee-0982cf97d5d0"
"12e22eda-3850-47f5-88e9-60d75a46e4ab","cb6458a5-742e-49e3-9969-c7983e0f2245"
"d41987cb-6bc3-4ec1-9a72-5b457eec99ea","5c6420fd-9b2f-4ad4-b322-7845e2e17daf"
"8be7a45c-eb4b-425f-8b9d-1c790b04a20d","2fbadd40-a2c0-42e7-9f16-49e85a29380a"
"5f86a996-d610-4146-9d4a-044ff31ae46d","6595cc0d-9c64-4d44-b249-7cdb03416a41"
"fcd3b15c-1a36-4574-9090-a3ceef706c51","cd538f23-9c96-4af9-b262-2c3918772724"
"eb8e6511-6424-4258-b092-57ac94e8c004","0cfb8b5a-4540-4d1f-9d5b-6b1e663d7f1a"
"d9987866-d5e9-4320-8cc1-f67ba473fde6","5335fc7b-7087-4dfc-b750-334b345aad98"
"cc5fe191-f5d7-43d9-9026-16c1a2fa991f","1014ecb7-d103-462f-bad3-c653bd79895b"
"2d472d5e-9022-4e4c-8fda-3408863dddb5","24cfaab2-1b2a-42cb-95f1-2b729e6a3af9"
"4d2af6c4-753d-4791-9b20-37e00e685f74","f0da4b19-e152-4e3d-8743-339f25d0f5c6"
"a3fdcd08-36e0-4021-9654-a1c6bf39a5fc","0e82815d-e28f-4448-884e-9fa5dd93f34f"
"5cb91427-1a11-43c3-a92f-1518d6c3620f","0bc056b4-a327-4a06-9073-d397b7f5cdef"
"d108b175-ad92-4707-a4af-81f682e17b58","716ccf11-5152-4052-8756-13c7d283aa07"
"27f571ee-a6b1-4b2d-b7e9-bed5a32c7d3c","4e54cf37-f265-4b81-9c9b-e57e03d35a1e"
"075ebd0c-c2d6-4e58-b3ee-f9c09c79bc9e","9252ada6-5b77-4b81-b347-6e11741d860a"
"eecee604-fc1e-40a2-85fd-7d6a61237dcc","9252ada6-5b77-4b81-b347-6e11741d860a"
"fdfd5661-8e5f-469b-b008-9687993e3dcc","6f2c0559-e181-47fe-a311-3b3bc8aa121e"
"7d835255-a9fd-4b86-a602-cf4b17e0362b","7ab952e5-a516-41f9-82d3-93d40f8fb941"
"72e55e8c-ac20-4d78-99aa-088e4d44bf96","00ead1f6-9f99-4f5c-a51e-5681de250441"
"75a38666-60fc-4507-ad26-644da035af15","5335fc7b-7087-4dfc-b750-334b345aad98"
"12c9533e-d7c7-4b9b-8e6e-a55970a84eb9","942804a0-55d5-411e-987d-71cd459823d2"
"80d97d92-b87a-4265-a3cf-b4506ddb8acd","3c912be3-b9f7-4184-9342-dec4db48e362"
"fbe91d9c-ad6c-4171-9343-30514d01abd5","44c81242-4920-4cf3-b37e-b44325f34e03"
"307ab492-549e-4514-9f9d-a94f6b9ce7f4","11c398d6-3d72-4113-a53e-0b5b5639207c"
"b7db8610-90d3-4717-b4c9-d9882d0e6c7a","b663389c-ee91-41a1-aca3-f258d7395229"
"55819996-8ede-4af8-8cef-1c60ff05a6a4","bf65e74e-834f-4936-bfc9-8222b46ac6fa"
"7df80995-82da-4ec3-91f7-18516b75c769","cf20f849-64c2-41aa-9b10-4c1823f1df1c"
"c2eec8db-cde4-4c64-93ed-6619dfed00ff","b663389c-ee91-41a1-aca3-f258d7395229"
"4ab93b3f-eb43-46b1-90ce-0ae515849b74","d87c6433-f3ca-413a-a5f9-2ba9105fd515"
"c0219efe-789a-42cd-beae-4a7a6f82f7d7","009e19fe-a327-48c9-b9e4-d79fe447c3f4"
"69f1d048-aa0f-4a5a-8d6b-1e8e7df916fa","2ef515e0-51f1-4e8b-a595-99cfdc620981"
"66f9af4d-8cfe-41c8-8535-5ff6ca7d9ed4","b663389c-ee91-41a1-aca3-f258d7395229"
"ecf0c644-4a7e-4d63-a07b-02917838b825","85035276-1e61-4c25-bc0c-8cfd014a6043"
"f65db7f6-c37e-4ef5-aafb-306144bd6838","a4ab8426-846f-4e90-afd7-605fa5b46dc4"
"916e002b-9db2-4b77-8f3b-76be52b439f5","a45e7b47-bcf4-44e5-b09c-efbf7c3a76e4"
"3c84e8e9-1afb-436b-aca7-282ee87b1901","6595cc0d-9c64-4d44-b249-7cdb03416a41"
"03c8fd6f-2d2c-436a-9698-dc0f94232236","cf20f849-64c2-41aa-9b10-4c1823f1df1c"
"ffa2277f-6cd2-4eef-9a40-195de0512c7a","ad441f5e-f31e-44d3-8774-4869981d7406"
"8ae02caa-487d-4c82-8d45-7e45d8676363","5ad63f90-71fe-4258-b77a-547deb9f50b7"
"c19aa627-505f-4f07-8214-7965e269bd93","d87c6433-f3ca-413a-a5f9-2ba9105fd515"
"f77cc49d-3ac5-4c14-b7ff-0a3943c216d5","8d2e81b3-7ddb-4bf5-a3be-793626e03636"
"60271a55-1d48-4f4f-b792-3c6a5e9d2049","f95dab76-dfe6-4706-9ac6-9be1e1c96acf"
"95358c98-202f-4cf3-98c7-58e22df1f720","5ad63f90-71fe-4258-b77a-547deb9f50b7"
"849dc1b6-1b2a-4857-b399-098e27ad5ce4","8a08c3d6-cef6-415d-8e9a-2c3126d94875"
"1fabbdd8-1cf7-480b-9208-16c5a389d5fe","83a6dbab-7a55-480a-9b38-3a779d77fc59"
"babd48b6-231e-450d-b4b9-4bade45135c8","bffc8d58-c608-4bec-a239-807ab8aff758"
"595bd84f-cfba-42c4-a0e2-da96abb90dab","11c398d6-3d72-4113-a53e-0b5b5639207c"
"83c7761a-2fe1-435c-8dd5-99e58b729947","6fe9f387-79df-4a0c-bb07-3417b3001324"
"586c5fbe-ae22-4689-8c5b-494dbde45c86","83a6dbab-7a55-480a-9b38-3a779d77fc59"
"46520ca8-b3b1-484e-93fe-9b6adb425816","8949488a-8250-42c9-88db-d36f0065c861"
"b42156ef-7641-432e-babd-9484c28889dc","ac56aa55-76d6-45ed-9a85-cc17c9ac89fd"
"6caf0595-8004-4551-8518-e602ae05b590","8a08c3d6-cef6-415d-8e9a-2c3126d94875"
"545ffe0d-f894-413c-915f-9fb82baf286f","fef3c4b6-2249-4d24-b174-237e44ab41eb"
"f9d7c146-8419-4c0d-a460-d520c9e5567b","ad441f5e-f31e-44d3-8774-4869981d7406"
"0c3cc51c-7b7c-419c-bf31-b5b2cee03965","28fd78ab-0f58-4048-997d-d84fcaa2143f"
"7807ad96-c82a-4503-a43b-583031ee49e9","35b5faee-a007-41cc-8921-c691c553af59"
"b3020a68-eed5-47c1-b51e-5922679cb16c","a4ab8426-846f-4e90-afd7-605fa5b46dc4"
"cd7706b7-13ee-49de-a6c0-5a8bf0353cd7","96de3d62-4326-45b4-952d-f463e744afad"
"2576fda7-552d-4342-ae7e-0e83066406e5","4edfc27f-b458-410c-98e0-17824fbb94ef"
"8d150e23-6b80-42aa-9784-0f4c3fc704b2","6595cc0d-9c64-4d44-b249-7cdb03416a41"
"8dc1b2d8-2b72-4fed-a239-f0b6ac4c1393","4edfc27f-b458-410c-98e0-17824fbb94ef"
"0f78c5f3-ca69-41c9-8bae-20bf59e66d9f","2ef515e0-51f1-4e8b-a595-99cfdc620981"
"56608cb8-1d59-446e-9233-7b18adf0f877","942804a0-55d5-411e-987d-71cd459823d2"
"8ea44f36-04ef-4673-a2b8-ea1789f435fc","fe49ab8e-e14f-4492-b4de-036d05d03650"
"6177064d-ae87-4614-beff-e430b1408b46","25c8f9fd-c89c-47a0-96fe-22ed4ddbf12c"
"76e0f8b7-7ffd-4986-806c-7a3642f4a382","8f1ef697-d149-4482-8e0f-0165aa43c670"
"a65f422e-b208-4ac1-800d-20b6960cc28b","742815fd-0a83-414a-ae49-da33afc8d9b2"
"44d09e16-8c9a-440d-9f0e-4f6bed5674e0","ac56aa55-76d6-45ed-9a85-cc17c9ac89fd"
"6156c3dc-1200-4cf3-ba6f-b533b5cdf0d2","1e70e4c5-8002-4137-ab2f-077e51a3af54"
"9f420825-dea7-4d1e-8f91-0dc6cbe9c0a0","ff95895f-ad34-46db-abbd-cfaba4881750"
"2dfaf99b-eb17-49e0-a070-9d491a2bbef3","668e3897-2687-48bd-ae9c-e3b9281aa8b1"
"77a391c7-95a2-440b-a233-eb9b0c336f15","742815fd-0a83-414a-ae49-da33afc8d9b2"
"0933c2ce-5dc0-4a7f-a451-c0a853f9d984","a72e5981-c11d-44be-acdf-27d65e33cabf"
"f82e7031-78e3-4075-9a46-6f179bb08434","27253768-56b5-4bd5-9ce3-23171c22974a"
"d160240a-a4ad-413a-8b1f-e5303b580871","20916711-7109-4454-aae5-c6a07aeb1755"
"518d3af3-0a6e-42a7-80f3-6a7a427ab9dc","35d1d431-7fa2-4d25-9bf3-c33e79bacc1c"
"a8eb4899-ed95-4345-8183-2702e9884c8f","ac56aa55-76d6-45ed-9a85-cc17c9ac89fd"
"81140d71-5016-4e85-a4de-62a470a72ff2","5c6420fd-9b2f-4ad4-b322-7845e2e17daf"
"d33b4ba5-bb4e-4cff-a1a3-63bda736aa21","8949488a-8250-42c9-88db-d36f0065c861"
"8c714332-e0f5-4726-8745-94033e665d83","85035276-1e61-4c25-bc0c-8cfd014a6043"
"ace2e8cb-e710-4248-bf08-85761323da5e","448bf716-fee5-402b-bcf1-33c705a89c20"
"9518273a-4842-42cc-8b0b-ff560b03743e","f2b3e608-3483-4e83-96d6-d14986a942b9"
"cf12bfad-0a9b-4b87-b60e-3bd3a20956ed","35b5faee-a007-41cc-8921-c691c553af59"
"38f4baea-518a-4316-b5d6-058053eceb0c","3c912be3-b9f7-4184-9342-dec4db48e362"
"99154bec-6102-4824-a503-786b5d5378b6","11c398d6-3d72-4113-a53e-0b5b5639207c"
"8435bbd8-3a02-4c00-81fa-cd0d337fe69d","63fcca95-59cb-4e33-9fa2-0645ffe15ff6"
"d8496041-8d0a-49b1-993e-a2520ea0fadb","bffc8d58-c608-4bec-a239-807ab8aff758"
"084c738d-ddff-4283-8e22-463905517d4e","fef3c4b6-2249-4d24-b174-237e44ab41eb"
"4c711091-f9e3-4dcf-8188-e8f05a589381","5335fc7b-7087-4dfc-b750-334b345aad98"
"fbce2942-350c-463d-8237-e83d8c35bfe3","2134ea07-f773-444c-978f-71539dadf361"
"f096133f-8230-4460-a8b8-d3353244562d","668e3897-2687-48bd-ae9c-e3b9281aa8b1"
"88ba32c5-251d-4ab1-ad2b-810b2d6886e7","0cfb8b5a-4540-4d1f-9d5b-6b1e663d7f1a"
"d549651e-69a0-4990-8f7d-57c5682210eb","2ef515e0-51f1-4e8b-a595-99cfdc620981"
"b45261f1-81e6-469f-b677-f8fa90830135","8fd78711-39f7-46dd-a6e0-c4701a527ce6"
"3b66aaeb-9381-4df4-91e3-cfd5efd4732e","009e19fe-a327-48c9-b9e4-d79fe447c3f4"
"c7bbf371-0896-4242-b36f-76fd43e58190","c3bfc993-b654-4d50-a115-d4b54d0ee978"
"802ab94a-17df-45f9-95ee-80634abc0d66","11c398d6-3d72-4113-a53e-0b5b5639207c"
"52e3624e-f299-40cf-ba92-02d4409e15a3","24cfaab2-1b2a-42cb-95f1-2b729e6a3af9"
"7d43b7ec-dffc-4506-9ea9-8c674a1a3af7","8ee33f9c-68e6-4a02-ae5b-5820ef7563cb"
"cae0996e-7046-47ea-ac36-e72a36940662","8fd78711-39f7-46dd-a6e0-c4701a527ce6"
"4c7f96a2-fdb2-4ff1-9781-a9c9625f1d73","31796f28-5ca8-4a47-9d65-621d862a340e"
"c57331df-fdf2-494f-af03-b06a79c7ddae","d1092350-db91-47c4-b4e3-4317fe944ae7"
"979d72a1-7ffe-4a8f-9629-4611b6964a15","5335fc7b-7087-4dfc-b750-334b345aad98"
"a23852e6-499a-4360-a6c1-7e5d8cfb2fd6","cf20f849-64c2-41aa-9b10-4c1823f1df1c"
"71575926-93c4-4b62-b935-f791d5e7b67e","bffc8d58-c608-4bec-a239-807ab8aff758"
"cd0f2559-a4ed-4fdf-b68b-562b68c9a844","716ccf11-5152-4052-8756-13c7d283aa07"
"fa2df4df-6cd9-4720-8a2f-33e0820d8c93","2134ea07-f773-444c-978f-71539dadf361"
"72585d25-e7f0-459e-b7a4-db368148425a","480cc4a8-e7b7-4fd1-b5d3-08e72d658edb"
"14eac94d-5640-42fc-aec8-d25ea249f6b6","ddb7aa31-809a-43b7-aa4a-ee04521900e0"
"f08ebff8-5733-48e6-9345-6999e20f5cf9","f95dab76-dfe6-4706-9ac6-9be1e1c96acf"
"15225bc8-4e69-473c-b71e-d14db3a2c15c","8949488a-8250-42c9-88db-d36f0065c861"
"a0a56ef4-5812-4a87-ab4c-703ee086a4b1","4dbe6733-1ef2-409f-b59c-a65c60b8b0a1"
"3130ed33-ff4e-4929-8f55-b055f3473b8d","03c13301-2de9-4873-ba73-96ae44efc527"
"0d095c83-32ac-407b-bd13-61be5c523bad","972899c9-078d-47ce-9c24-36ba94986a9c"
"2eb6b597-c5f7-4c4c-bd90-24b66c31f256","25c8f9fd-c89c-47a0-96fe-22ed4ddbf12c"
"08338512-051f-42ca-b839-2503be7ffdcb","6f2c0559-e181-47fe-a311-3b3bc8aa121e"
"f2521b93-4eac-4c29-a9c5-fb5b18ac8714","6805e517-d77e-4c87-a6a4-840d4d3b9934"
"1a0e5fbb-1c55-470a-a77a-31e5364d7996","b663389c-ee91-41a1-aca3-f258d7395229"
"cf1cc03b-7b29-4223-8b75-ed74877a2bf0","448bf716-fee5-402b-bcf1-33c705a89c20"
"f3c4126c-b514-4df8-8eb4-5230b16f8533","716ccf11-5152-4052-8756-13c7d283aa07"
"96699a23-5984-49c9-8400-85cf2f2f0f66","247156c0-4f74-4c62-86fa-8a7e6a573dd1"
"866eba9e-72b1-4d92-a6c6-658128463976","247156c0-4f74-4c62-86fa-8a7e6a573dd1"
"2ee82b59-d06a-463d-8fb0-ca76e76e6e90","3dbbd438-19b2-4eef-8edb-ed6d67990142"
"5c884891-b3c9-4c7f-ba7b-8d63e80b5a67","8d2e81b3-7ddb-4bf5-a3be-793626e03636"
"6886b2ab-44ce-47d7-b60e-e2153464bb77","e339b1dd-f609-4f0d-971d-191d18c8d86c"
"7004ac54-3716-440e-94e0-cc8c12f93e50","35d1d431-7fa2-4d25-9bf3-c33e79bacc1c"
"648c2b3f-a40d-4e2e-be99-294763060443","35d1d431-7fa2-4d25-9bf3-c33e79bacc1c"
"b4cc6510-5a80-4674-9efd-60fee604697c","ef95a1bf-bfba-4e94-bfbe-8bb16c6f9e5c"
"76967c7e-51bc-4f98-a0a3-7ec36dc6d35d","28fd78ab-0f58-4048-997d-d84fcaa2143f"
"64203f48-5527-4138-a7db-ac1ecc82ceb3","cb6458a5-742e-49e3-9969-c7983e0f2245"
"7c1d8e0f-23de-480d-b8e0-9883823e3ee4","c3bfc993-b654-4d50-a115-d4b54d0ee978"
"496cc43d-5ec1-4d0c-8d36-cdcf551dc145","00ead1f6-9f99-4f5c-a51e-5681de250441"
"01f09d00-71ed-4e4c-be13-602debd81cf9","44c81242-4920-4cf3-b37e-b44325f34e03"
"fe160a22-ae30-4379-ac92-2c3c5cf29ada","618a73d8-1939-44da-9940-65956e80f96c"
"41762ef1-67d1-4d7b-9f18-1d6cde052aa6","6f2c0559-e181-47fe-a311-3b3bc8aa121e"
"3853f516-d4d6-49c2-99e6-e77bec579f2d","d1092350-db91-47c4-b4e3-4317fe944ae7"
"20d4d672-cbd8-4d8c-9182-e3070f868ebe","35d1d431-7fa2-4d25-9bf3-c33e79bacc1c"
"3eb933af-e354-4bd9-b25b-658d43bdba30","8d2e81b3-7ddb-4bf5-a3be-793626e03636"
"b36c8c16-faf4-4835-9d77-90c46f13e007","ef95a1bf-bfba-4e94-bfbe-8bb16c6f9e5c"
"dc9278de-a568-4a98-b1ce-ae54735f8e41","2fbadd40-a2c0-42e7-9f16-49e85a29380a"
"dda12412-f679-4475-a58e-31d5acd790ad","5335fc7b-7087-4dfc-b750-334b345aad98"
"250383a9-c51a-4197-a270-fdd9d1a2b84b","ddb7aa31-809a-43b7-aa4a-ee04521900e0"
"71be7239-f60d-4c5c-8dc9-8900d75e1bcd","03c13301-2de9-4873-ba73-96ae44efc527"
"72658921-ac68-4ba3-8d56-5b646fb49424","a7f363b9-bf9c-4691-a23e-64e36c7df740"
"8e92aa93-8610-4ffc-b990-b7e1c9be44cc","247156c0-4f74-4c62-86fa-8a7e6a573dd1"
"f1049159-8257-41d2-b25a-dc7e74b9067e","ef95a1bf-bfba-4e94-bfbe-8bb16c6f9e5c"
"b2a5f762-b87f-4b64-896a-6dad2f7f03c6","fe49ab8e-e14f-4492-b4de-036d05d03650"
"a1e8c6b6-fffb-4505-bd75-fd874c658f88","b663389c-ee91-41a1-aca3-f258d7395229"
"a7fd39e7-9825-4683-8785-c846773a9258","cd538f23-9c96-4af9-b262-2c3918772724"
"a91a3282-f98f-4c77-b629-36d19c6a48ea","480cc4a8-e7b7-4fd1-b5d3-08e72d658edb"
"dbe3674f-be12-40d7-a24b-f4ca2ed7244a","4e54cf37-f265-4b81-9c9b-e57e03d35a1e"
"f10666ce-dd68-4eaf-a4af-d3f7763bda55","42fbd30d-cd1e-49af-a627-91cff8e25f8f"
"66ce5249-df7e-4943-9dda-1275dc5ebe25","b842f48a-a373-45d1-8b76-8f86b16ae8f9"
"442bc819-d174-433f-bb52-e37586c16ff5","2fbadd40-a2c0-42e7-9f16-49e85a29380a"
"b7c85ab7-6f83-42d2-bf7d-f4b9e705deae","6e2fe55f-ffcd-4952-9e6d-80eb0aacfc98"
"e06014bb-bf67-4388-9fae-3c80ef41ac92","3dbbd438-19b2-4eef-8edb-ed6d67990142"
"abc4843d-1f73-4ac1-849e-9e81619d474a","2a4c05bd-40ce-4e09-8340-cb378e8e6966"
"fafe40f6-7308-4157-864f-d5072b1ab2af","2ef515e0-51f1-4e8b-a595-99cfdc620981"
"3643fe76-4dd2-422a-9cd4-22c5ec116957","448bf716-fee5-402b-bcf1-33c705a89c20"
"35d5e9ac-cc25-427d-b962-91f6333841ed","5ba9a5c4-1479-4eca-a028-11568da4ba34"
"d36b94d5-41cd-4308-a90e-a84a3a3a0d67","4edfc27f-b458-410c-98e0-17824fbb94ef"
"8cb40eb7-1604-4a30-98cf-89ca88e38ec7","6fe9f387-79df-4a0c-bb07-3417b3001324"
"8a85ca16-6634-4ed8-af75-dacd197f6ca1","ddb7aa31-809a-43b7-aa4a-ee04521900e0"
"f6134d70-59bc-42bd-9938-d6b8be648f6c","5c6420fd-9b2f-4ad4-b322-7845e2e17daf"
"04c1d199-d331-4555-8b66-5be98cf9ae3f","7cb88c1e-2c76-435f-a645-4ef55615dd88"
"c7695c8d-ae09-41f7-b049-f3010198c52c","35b5faee-a007-41cc-8921-c691c553af59"
"4305b046-2d62-4371-b129-b303b059cbf8","84039285-ab69-49ff-8508-ca4d7f535510"
"e5ab098a-eeb3-4b62-bb8e-447c0cde25e9","8d2e81b3-7ddb-4bf5-a3be-793626e03636"
"628ddc49-18e2-483c-9b25-16f644db3af9","25c8f9fd-c89c-47a0-96fe-22ed4ddbf12c"
"333385a7-1bc3-4033-adb1-2e6e981e2519","a7f363b9-bf9c-4691-a23e-64e36c7df740"
"ada77848-d931-491b-88da-ff8c3d9f22b8","942804a0-55d5-411e-987d-71cd459823d2"
"796eee89-5e0e-4e85-b0aa-5a7fa51785db","b8f803b4-35e8-45cf-a364-1f24e7e6d985"
"81e4880e-e29c-4a2c-8f37-d3b7516faae2","85035276-1e61-4c25-bc0c-8cfd014a6043"
"ae09f6ac-d97c-4445-abcf-96b856e3faca","cd538f23-9c96-4af9-b262-2c3918772724"
"b7bfbb35-5575-4137-ade7-99a67d51ec2a","0e82815d-e28f-4448-884e-9fa5dd93f34f"
"9b6ac1e1-e392-478b-9dca-8b1b40aa80b9","fe49ab8e-e14f-4492-b4de-036d05d03650"
"612c144a-d457-4fe0-96c0-b7f1bd54a455","05d6b213-f8c9-4238-baee-0982cf97d5d0"
"f6bb3b86-215f-473a-a726-de3aab327238","6778ab72-ead2-40f9-bf4b-225d9e754104"
"5f9ee0d5-b2d5-4683-a9e9-4b4f561aaebf","7cb88c1e-2c76-435f-a645-4ef55615dd88"
"a3a100e1-c277-4396-97fb-0f5d8b0a8cff","44c81242-4920-4cf3-b37e-b44325f34e03"
"f8e5bcec-b470-4b4f-a9e4-25e484ce0fe7","28fd78ab-0f58-4048-997d-d84fcaa2143f"
"f003a3c7-69bf-4606-98b5-06d8aa5a28ee","0cfb8b5a-4540-4d1f-9d5b-6b1e663d7f1a"
"8618e191-3619-4096-9e15-f99b2b299cf4","a72e5981-c11d-44be-acdf-27d65e33cabf"
"bef87332-f46c-43b6-9f1a-dea9112c278d","1014ecb7-d103-462f-bad3-c653bd79895b"
"830c4576-4cbf-43d3-9f5d-0d549d103c66","24cfaab2-1b2a-42cb-95f1-2b729e6a3af9"
"1df5d8e2-be34-4bda-9011-c3c5b156a0c0","b8f803b4-35e8-45cf-a364-1f24e7e6d985"
"96b26d1d-1f38-4a13-93db-a175dceeceee","0e82815d-e28f-4448-884e-9fa5dd93f34f"
"7c489c47-2e9a-4742-8347-084be95d7485","fe49ab8e-e14f-4492-b4de-036d05d03650"
"ff13c821-d966-4472-aa32-d0ad97ddc708","668e3897-2687-48bd-ae9c-e3b9281aa8b1"
"1a32efd0-48cf-4a78-aa4d-49586d00996f","84039285-ab69-49ff-8508-ca4d7f535510"
"afc1f43a-4075-4db8-b1ae-50460c065790","0e292f88-c1d8-4ed0-a013-c824d0bebe96"
"27a849c7-6247-46c9-8597-7e8b99970946","1ec325a9-6122-4ce6-9842-349c1dccd042"
"43cc9a3e-f6d1-4864-a038-3763b83c8d43","a72e5981-c11d-44be-acdf-27d65e33cabf"
"d4b46eb2-d6d8-426b-bf80-1c06049395d3","9252ada6-5b77-4b81-b347-6e11741d860a"
"77be8b11-bc80-425d-9ad5-f57e53b09a23","9252ada6-5b77-4b81-b347-6e11741d860a"
"05de6d55-3787-4acd-b943-d11b4f362e34","bffc8d58-c608-4bec-a239-807ab8aff758"
"94136968-4b13-4942-b7c1-fa2509655298","44c81242-4920-4cf3-b37e-b44325f34e03"
"d6f1c90f-edb7-4833-a526-2bcefa4097f7","8f1ef697-d149-4482-8e0f-0165aa43c670"
"e4884072-d4f5-4a48-b451-0cecc93c4b3d","0e82815d-e28f-4448-884e-9fa5dd93f34f"
"50febd9e-01d3-4e83-a21d-d0be041fd22a","44680d0e-38ec-4390-9a0c-a00c983a2ea3"
"492b0320-02d8-4021-8003-a48337b1c9f5","1b83aeaf-ba2d-4c03-81c6-7ec18c688902"
"337c2d89-675d-4bf1-afc8-50c10d754be0","85035276-1e61-4c25-bc0c-8cfd014a6043"
"128353fc-9cf5-451c-b46d-e2430068da4b","448bf716-fee5-402b-bcf1-33c705a89c20"
"d791f550-b2c6-41c0-8c7e-33ba9b9f3108","e339b1dd-f609-4f0d-971d-191d18c8d86c"
"f704172b-7146-4d29-a1b2-d74d61c1ad74","8949488a-8250-42c9-88db-d36f0065c861"
"0f645cdf-f175-47bc-8240-f6dd301508a9","009e19fe-a327-48c9-b9e4-d79fe447c3f4"
"00297609-c8ef-43e2-9a68-09281a1b289a","0e292f88-c1d8-4ed0-a013-c824d0bebe96"
"50ede490-cce0-4a41-9ba3-7e9b7762be22","bf65e74e-834f-4936-bfc9-8222b46ac6fa"
"d0abc8f0-b73d-4075-91ad-29c76ea3ca7b","8a08c3d6-cef6-415d-8e9a-2c3126d94875"
"dd49edd5-ac82-41bf-89a1-8b2535eb717b","a45e7b47-bcf4-44e5-b09c-efbf7c3a76e4"
"b7d53fb4-c586-4551-95e7-8fadfcf93549","2134ea07-f773-444c-978f-71539dadf361"
"971ce5b3-098d-4e2d-b323-30770b80f2de","1b83aeaf-ba2d-4c03-81c6-7ec18c688902"
"749a8943-25bf-4a3d-b5d4-99c188397a35","2134ea07-f773-444c-978f-71539dadf361"
"0d7ed6a4-be7d-4f66-be2f-7245b52e3519","ff95895f-ad34-46db-abbd-cfaba4881750"
"1edd7414-d955-4613-958c-274b97d06bfa","668e3897-2687-48bd-ae9c-e3b9281aa8b1"
"9d1a4e86-6843-4072-a5de-ff4dcdef811d","05d6b213-f8c9-4238-baee-0982cf97d5d0"
"2de6936b-28e3-4812-b44b-74ff43405238","25c8f9fd-c89c-47a0-96fe-22ed4ddbf12c"
"b377c117-3676-4d5b-8b41-8dcb6a267f52","86dc9991-7a0a-483e-a81a-fea59605789c"
"1d08fff2-be38-4721-8849-117660b947f8","51898514-15be-48fd-acbb-79bce03d34a1"
"0cdbc503-910a-40df-8888-03d5aea17357","6595cc0d-9c64-4d44-b249-7cdb03416a41"
"030bfc4f-1b5c-49d7-8041-5021e6204dc2","3dbbd438-19b2-4eef-8edb-ed6d67990142"
"1de33114-ad8e-4995-9357-d85c75695666","6778ab72-ead2-40f9-bf4b-225d9e754104"
"fe5ec366-d837-4446-9228-9ced914f90a7","618a73d8-1939-44da-9940-65956e80f96c"
"8b2851f8-e075-482c-b0e2-86679a406ea3","44680d0e-38ec-4390-9a0c-a00c983a2ea3"
"3046c310-45f4-4386-bbcc-38199376fa0d","8fd78711-39f7-46dd-a6e0-c4701a527ce6"
"6f1913ce-fab1-48fc-be36-9b51a49bee2e","480cc4a8-e7b7-4fd1-b5d3-08e72d658edb"
"f6914310-6a60-4ab5-b037-9e34fb89f2e0","4edfc27f-b458-410c-98e0-17824fbb94ef"
"ea6ca545-dbed-4567-a584-7479965bf438","4edfc27f-b458-410c-98e0-17824fbb94ef"
"555b6a4a-b9bd-4244-9873-3549adc72881","ef95a1bf-bfba-4e94-bfbe-8bb16c6f9e5c"
"000fa63c-3275-4598-82a4-4f31a73b84ef","86dc9991-7a0a-483e-a81a-fea59605789c"
"8e048c03-3e71-4bbf-a1d1-6b6a553d055c","e339b1dd-f609-4f0d-971d-191d18c8d86c"
"fa83a472-d4af-42cd-a2f1-eb7684df9f25","03c13301-2de9-4873-ba73-96ae44efc527"
"89ca8d4e-2d25-4ef3-ae71-3aa1b736efe2","618a73d8-1939-44da-9940-65956e80f96c"
"1611ae24-66e0-4889-a503-f32b3bd16afd","24cfaab2-1b2a-42cb-95f1-2b729e6a3af9"
"26613928-a148-40be-a850-bbae4ffb84f3","f0da4b19-e152-4e3d-8743-339f25d0f5c6"
"f1874f59-12bc-489f-a188-36098c25be62","83a6dbab-7a55-480a-9b38-3a779d77fc59"
"9adffada-fbe8-49f5-81da-3c7c9a94b92b","86dc9991-7a0a-483e-a81a-fea59605789c"
"b01f2f61-9a55-49c4-8a0f-9d65d1cc9e72","35b5faee-a007-41cc-8921-c691c553af59"
"f02be438-e9b5-4a26-ae81-48f65537a08c","35d1d431-7fa2-4d25-9bf3-c33e79bacc1c"
"5a8bf77f-3daf-46be-a894-da0750d4ea8d","a72e5981-c11d-44be-acdf-27d65e33cabf"
"2f5c6b3c-3f9b-49f4-9576-de52515b43ff","247156c0-4f74-4c62-86fa-8a7e6a573dd1"
"f6880fc8-69b2-4825-9e4a-cf971b2315ed","27253768-56b5-4bd5-9ce3-23171c22974a"
"2fbcb4dd-5e75-4d18-b9cc-27e0110eb361","20916711-7109-4454-aae5-c6a07aeb1755"
"16047012-f93d-4ae9-a241-8162f08a9492","f0da4b19-e152-4e3d-8743-339f25d0f5c6"
"cf420858-8f51-41a3-9ac4-20b5fa780a5a","1b83aeaf-ba2d-4c03-81c6-7ec18c688902"
"c86687c9-4836-449f-9608-e88e9f410996","83a6dbab-7a55-480a-9b38-3a779d77fc59"
"cba4d7a7-155b-4ecb-96a9-16121c26628b","ed4dd2b6-b1ea-4387-af83-76bbf843e589"
"c7e5c3c7-50cd-4c77-87a9-3e0a271e95b4","ddb7aa31-809a-43b7-aa4a-ee04521900e0"
"3007b3ce-e08c-4fe6-9c1f-fc4b85f1ed3d","ff95895f-ad34-46db-abbd-cfaba4881750"
"c4dab269-4ab2-4b7c-9380-d8724e5658fc","ac56aa55-76d6-45ed-9a85-cc17c9ac89fd"
"aaeddd1b-de26-463b-aff9-0e73fe17bf3b","00ead1f6-9f99-4f5c-a51e-5681de250441"
"d83a623e-01d5-496e-95de-768ddc6a35ed","e339b1dd-f609-4f0d-971d-191d18c8d86c"
"d2eaea6d-7cab-40d9-b3e7-f010a06c4e55","a4ab8426-846f-4e90-afd7-605fa5b46dc4"
"1c8fc56b-a97a-438f-9d71-49cc12bf1cc0","bf65e74e-834f-4936-bfc9-8222b46ac6fa"
"701490bb-ee1d-401b-988a-e82b8248dc25","ff95895f-ad34-46db-abbd-cfaba4881750"
"332aa3c5-a775-4e33-ad52-dddf2617845a","85035276-1e61-4c25-bc0c-8cfd014a6043"
"0cce3b96-30d3-42fb-bfb8-3a34a9456798","716ccf11-5152-4052-8756-13c7d283aa07"
"5bcbf33d-05cb-480c-9dfa-edade3b2fa65","cf20f849-64c2-41aa-9b10-4c1823f1df1c"
"6dd00d3c-561c-4dbb-b6e1-5044e1c7dea8","cf20f849-64c2-41aa-9b10-4c1823f1df1c"
"b50b4b8d-3a17-4944-ad3b-c289ec802532","6e2fe55f-ffcd-4952-9e6d-80eb0aacfc98"
"d2b54f4c-58b8-4acc-9081-e26458dafa92","ad441f5e-f31e-44d3-8774-4869981d7406"
"2f408f5d-9d92-4507-992d-cd0833e14c75","4edfc27f-b458-410c-98e0-17824fbb94ef"
"fb40bf88-7341-44bf-a3d2-3f1a9d09c613","972899c9-078d-47ce-9c24-36ba94986a9c"
"57915252-2394-42f2-9f75-4f9069969b2a","a4ab8426-846f-4e90-afd7-605fa5b46dc4"
"1eb1cbc7-afff-4404-8390-17be4aebedaf","6f2c0559-e181-47fe-a311-3b3bc8aa121e"
"a85bd902-e4be-40a2-94f8-e12db0c4b0b1","11c398d6-3d72-4113-a53e-0b5b5639207c"
"acc3d549-eb47-4294-87fe-5047b631bb16","4edfc27f-b458-410c-98e0-17824fbb94ef"
"d08d43eb-8fd4-49db-9b00-373654f1e7ea","ff95895f-ad34-46db-abbd-cfaba4881750"
"bb7dda0a-42b7-4174-9233-b24efd3d5eb9","2134ea07-f773-444c-978f-71539dadf361"
"00d1bf3f-3f45-4f3f-8c9c-9e6c99c451a9","6296b0dc-4732-4190-b9b7-1ab0a43ef8d5"
"91b6b445-bfe8-4780-a72b-4e7d349a3d97","3c912be3-b9f7-4184-9342-dec4db48e362"
"e173db75-2e26-4ee2-adaa-4019aa57d3aa","6f2c0559-e181-47fe-a311-3b3bc8aa121e"
"afe014db-265b-475f-b0ec-6537eab52ffd","6f2c0559-e181-47fe-a311-3b3bc8aa121e"
"e9f27283-869c-4807-b45a-3eaad48bdc1e","ff95895f-ad34-46db-abbd-cfaba4881750"
"4ab1c715-7f55-4e9c-a5cd-67f074ac3ac0","44c81242-4920-4cf3-b37e-b44325f34e03"
"faf651cc-be92-470e-9f82-d4892843077b","0cfb8b5a-4540-4d1f-9d5b-6b1e663d7f1a"
"198ca1e5-b317-4efb-ac9a-3a90b94f5537","742815fd-0a83-414a-ae49-da33afc8d9b2"
"24f0a228-9690-4304-8901-70e51ae56d95","63fcca95-59cb-4e33-9fa2-0645ffe15ff6"
"726c6bd8-eeb3-4535-ba2b-080ac9c776d7","5c6420fd-9b2f-4ad4-b322-7845e2e17daf"
"69cade09-cc04-4ddc-805c-2bcca0e05285","ed4dd2b6-b1ea-4387-af83-76bbf843e589"
"08953da2-d906-45fc-a075-546261d01385","141cdc2c-739b-4651-8f0e-a3061201734e"
"b84850ff-3d75-44a3-a5ae-0c9876966be3","0bc056b4-a327-4a06-9073-d397b7f5cdef"
"c91a8b82-d158-4c35-a6c6-01faa0e428f3","ddb7aa31-809a-43b7-aa4a-ee04521900e0"
"694d935c-0381-465f-933c-52c28778ee9e","ad441f5e-f31e-44d3-8774-4869981d7406"
"2f311025-81b0-4f03-be29-a333d027f4d8","6805e517-d77e-4c87-a6a4-840d4d3b9934"
"913aceeb-d3c5-4749-8b53-499303a86fea","ad441f5e-f31e-44d3-8774-4869981d7406"
"05a54715-906a-4895-bb81-e5d5c32ec064","44680d0e-38ec-4390-9a0c-a00c983a2ea3"
"73ea8743-b61e-46b9-a4aa-86752b3a0bd1","668e3897-2687-48bd-ae9c-e3b9281aa8b1"
"7393fd54-52b6-4a78-bc03-2c49aeaf818e","27253768-56b5-4bd5-9ce3-23171c22974a"
"ae10b819-1c78-42b6-bd7a-0e317daf895f","8f1ef697-d149-4482-8e0f-0165aa43c670"
"ad641ba0-f49a-46b5-8a6c-29c32ce9b453","35d1d431-7fa2-4d25-9bf3-c33e79bacc1c"
"7b368dac-2d28-41fd-ada2-84c53fd49acc","f0da4b19-e152-4e3d-8743-339f25d0f5c6"
"2de0cce3-3148-4899-a581-cddfd2196f3a","20916711-7109-4454-aae5-c6a07aeb1755"
"10ea288e-0093-4641-a9f5-f1af5adef5ec","c3bfc993-b654-4d50-a115-d4b54d0ee978"
"a53f76b1-9ac3-4b4d-84d0-d4d389642f15","84039285-ab69-49ff-8508-ca4d7f535510"
"50696527-8cf6-45d9-9648-7272a785e228","6e2fe55f-ffcd-4952-9e6d-80eb0aacfc98"
"d0ad7f7b-93d5-442b-92bc-eeb302b2c8e5","86dc9991-7a0a-483e-a81a-fea59605789c"
"75caabe9-5deb-48c6-a514-efb0cca29035","8a08c3d6-cef6-415d-8e9a-2c3126d94875"
"3338a881-54d9-4a93-aac4-a491bfea3637","cd538f23-9c96-4af9-b262-2c3918772724"
"2ba0d78e-be5b-4392-bd9f-7b5fb01c1c5d","e339b1dd-f609-4f0d-971d-191d18c8d86c"
"a62067c4-0eed-4147-bea6-8c2841511779","11c398d6-3d72-4113-a53e-0b5b5639207c"
"b0da06e8-20a4-41f5-ab3d-48ecbd7aacdd","22badac2-74e7-4a1b-8c7c-0f1beb1f4536"
"472a9101-9e9d-4fc3-b05f-91a6b5a6c149","a72e5981-c11d-44be-acdf-27d65e33cabf"
"d9545bf0-e1be-47e1-8c93-75398affd34c","6f2c0559-e181-47fe-a311-3b3bc8aa121e"
"5d3b8423-beea-44eb-aa8b-af00ae8cd8b9","cd538f23-9c96-4af9-b262-2c3918772724"
"d6fed754-0706-4e59-b033-271987380616","7ab952e5-a516-41f9-82d3-93d40f8fb941"
"6f48cc70-4c67-44ed-905d-5ce97b85a8d8","bffc8d58-c608-4bec-a239-807ab8aff758"
"73c14eda-5880-4c80-8000-8191ef7b5191","31796f28-5ca8-4a47-9d65-621d862a340e"
"468420fd-1498-417b-b2ff-42d3e09b44e9","e339b1dd-f609-4f0d-971d-191d18c8d86c"
"2e5c3564-33dd-4a45-85ab-16e3fd6858f7","8ee33f9c-68e6-4a02-ae5b-5820ef7563cb"
"4a4e5a18-bc37-4809-b6e8-6cf2d43761aa","480cc4a8-e7b7-4fd1-b5d3-08e72d658edb"
"09b4d3b9-a3d9-4a9b-a87f-1b62b1006f2f","a72e5981-c11d-44be-acdf-27d65e33cabf"
"71959366-968c-4e24-a9cb-ab4eccbb24d8","b663389c-ee91-41a1-aca3-f258d7395229"
"cf287323-57e5-4fdf-beb4-955b4b783771","6595cc0d-9c64-4d44-b249-7cdb03416a41"
"13d738a7-112d-4663-a545-94d445c16ab9","7cb88c1e-2c76-435f-a645-4ef55615dd88"
"8aec4265-35f4-4e29-961c-9308a98053a0","448bf716-fee5-402b-bcf1-33c705a89c20"
"615e38b0-7fdd-46b2-a2f6-3f212a31bc47","7cb88c1e-2c76-435f-a645-4ef55615dd88"
"867a03ba-686b-4706-8826-c64a47dace0f","f2b3e608-3483-4e83-96d6-d14986a942b9"
"c6b4c1d7-e882-43a8-8ec9-e9fd64de03ac","6e2fe55f-ffcd-4952-9e6d-80eb0aacfc98"
"d98e95be-9e70-4b42-989c-32eba34e208c","a72e5981-c11d-44be-acdf-27d65e33cabf"
"53ec850d-375c-40f7-bad3-c05a372002ab","b842f48a-a373-45d1-8b76-8f86b16ae8f9"
"e5644cf0-4363-49f5-8052-e4479e1693a5","448bf716-fee5-402b-bcf1-33c705a89c20"
"afac385a-67c3-4cab-87af-87c00c4c74f1","8fd78711-39f7-46dd-a6e0-c4701a527ce6"
"f81cb80f-d586-4b64-9b41-28480c7261af","1ec325a9-6122-4ce6-9842-349c1dccd042"
"d8b150cd-12df-4acd-8fc8-0e5414d7ccb8","942804a0-55d5-411e-987d-71cd459823d2"
"66824ddf-5f83-4c37-b735-d2196ee04eaa","f0da4b19-e152-4e3d-8743-339f25d0f5c6"
"67179225-25eb-4075-b882-83356d4326bf","6296b0dc-4732-4190-b9b7-1ab0a43ef8d5"
"6cc46e0f-1126-4b8c-8155-56a932135c91","35d1d431-7fa2-4d25-9bf3-c33e79bacc1c"
"0cf47665-cc3d-471f-ad75-505ec6cb2725","cd538f23-9c96-4af9-b262-2c3918772724"
"a59acca3-a119-4717-935e-f58cd5dca56a","480cc4a8-e7b7-4fd1-b5d3-08e72d658edb"
"a6286d6d-2231-4c5e-8a43-6b5370ea6fac","ddb7aa31-809a-43b7-aa4a-ee04521900e0"
"ec428d47-f878-4639-9692-4bc5d2b4a975","a7f363b9-bf9c-4691-a23e-64e36c7df740"
"2c722393-445b-4d14-8378-1dbad92e9d82","63fcca95-59cb-4e33-9fa2-0645ffe15ff6"
"a53b127d-e519-4d1c-9fc8-a47ce216825c","35b5faee-a007-41cc-8921-c691c553af59"
"df17942c-4943-40a2-8525-b99b228dd68c","6f2c0559-e181-47fe-a311-3b3bc8aa121e"
"de66f875-4300-4f0f-993e-6d6334d3fccb","cb6458a5-742e-49e3-9969-c7983e0f2245"
"933e2048-22dc-43de-a0d3-620f7e85d151","9252ada6-5b77-4b81-b347-6e11741d860a"
"41e52772-549d-47eb-96b2-9d90bc12132a","fef3c4b6-2249-4d24-b174-237e44ab41eb"
"00238d97-8284-4426-9a23-d8cc6c74683e","942804a0-55d5-411e-987d-71cd459823d2"
"2e717ee4-cee8-4e04-a57e-2dfd2ba571f2","6e2fe55f-ffcd-4952-9e6d-80eb0aacfc98"
"276ff0e5-ac17-4a94-972d-6dc551595447","11c398d6-3d72-4113-a53e-0b5b5639207c"
"7b4aa56e-f929-4e85-bc00-656fb9df5169","5ad63f90-71fe-4258-b77a-547deb9f50b7"
"ca7210de-e334-4b00-85dc-b605f14be4f5","fe49ab8e-e14f-4492-b4de-036d05d03650"
"7fa7fd13-4a56-44db-a0dd-e51e6f32e91e","86dc9991-7a0a-483e-a81a-fea59605789c"
"b11aeda6-a914-4508-9948-a15c3b8a4e2b","63fcca95-59cb-4e33-9fa2-0645ffe15ff6"
"f860af00-c19f-4b7a-934c-053937987258","5ba9a5c4-1479-4eca-a028-11568da4ba34"
"b4e1237f-0780-4c33-a99f-3e94712809b2","d87c6433-f3ca-413a-a5f9-2ba9105fd515"
"b5642a11-250d-4d94-aec9-64404c6b1b35","0bc056b4-a327-4a06-9073-d397b7f5cdef"
"967a4869-e7a7-4cb4-aa1e-92df72d44b2c","5c6420fd-9b2f-4ad4-b322-7845e2e17daf"
"2d3ddbbc-14cb-4bff-95ed-13d0e79f0295","7cb88c1e-2c76-435f-a645-4ef55615dd88"
"59cc07b8-b6a8-430c-8920-cc9a239f1635","fe49ab8e-e14f-4492-b4de-036d05d03650"
"1905edc2-3b8a-4f5c-afe8-056c005ce6dd","4e54cf37-f265-4b81-9c9b-e57e03d35a1e"
"23e30fc7-17f2-4dfd-8339-0150e89b4605","141cdc2c-739b-4651-8f0e-a3061201734e"
"30880c8c-5b25-4269-bea7-575de1f7bf42","9252ada6-5b77-4b81-b347-6e11741d860a"
"3d010f6b-b056-4425-a5b0-08cf734434d7","668e3897-2687-48bd-ae9c-e3b9281aa8b1"
"f53573b9-b98f-4bd4-8227-a1ccb7427443","0e292f88-c1d8-4ed0-a013-c824d0bebe96"
"fe32d5aa-2aee-4d0a-9722-b59bd385ab03","20916711-7109-4454-aae5-c6a07aeb1755"
"b39a4561-e865-47e0-abf6-7deb72462117","35d1d431-7fa2-4d25-9bf3-c33e79bacc1c"
"b04a54f4-310a-4150-a457-3730615492ce","3c912be3-b9f7-4184-9342-dec4db48e362"
"b2328910-00ff-4496-84d8-3c0589a77d0c","1b83aeaf-ba2d-4c03-81c6-7ec18c688902"
"37b2ae55-33ad-4c0d-9da0-27aa66f78867","9252ada6-5b77-4b81-b347-6e11741d860a"
"f308ad58-1b27-466b-8f73-35ae64e54a06","35b5faee-a007-41cc-8921-c691c553af59"
"1690531f-4efd-48fd-bbc1-268f2f8f2f33","28fd78ab-0f58-4048-997d-d84fcaa2143f"
"84048c7a-ef0e-4a7e-a798-2477d24908c7","742815fd-0a83-414a-ae49-da33afc8d9b2"
"c846e12f-1011-479a-b94b-41158bde56f7","fef3c4b6-2249-4d24-b174-237e44ab41eb"
"d8969b70-770c-421e-be89-0f3de1b4b241","ac56aa55-76d6-45ed-9a85-cc17c9ac89fd"
"196e2a49-f0e5-42a6-bea2-f5bf9f0ad04a","86dc9991-7a0a-483e-a81a-fea59605789c"
"9b729979-5b82-4379-884f-7228aa3bd3c1","3c912be3-b9f7-4184-9342-dec4db48e362"
"21b164db-1da5-40d1-abac-70a69b6cf8fc","a7f363b9-bf9c-4691-a23e-64e36c7df740"
"45ed03d4-ba4e-4eae-97b5-ce8571a4dc6e","03c13301-2de9-4873-ba73-96ae44efc527"
"a54f6371-884b-4028-9065-5a587c7ac7a7","0cfb8b5a-4540-4d1f-9d5b-6b1e663d7f1a"
"ddcdea62-676e-4410-bfb7-5140398a3f4d","6e2fe55f-ffcd-4952-9e6d-80eb0aacfc98"
"8aac2cf2-4684-466f-ba90-e123750aff70","a4ab8426-846f-4e90-afd7-605fa5b46dc4"
"52f8824d-7d57-4b3e-a0fa-7835bfaa6cce","8fd78711-39f7-46dd-a6e0-c4701a527ce6"
"2ffc1ee6-6d1d-41b8-8ade-26e8d0f31696","2fbadd40-a2c0-42e7-9f16-49e85a29380a"
"e72123cf-418a-4ae5-b5ae-de6c1cea1c68","009e19fe-a327-48c9-b9e4-d79fe447c3f4"
"05148be4-e392-4d3c-bb36-44f00460ae01","141cdc2c-739b-4651-8f0e-a3061201734e"
"dfb2ddb4-a2a7-45b8-9b46-3abac2823551","ef95a1bf-bfba-4e94-bfbe-8bb16c6f9e5c"
"99140069-869c-44f0-92cb-1816b5705652","8ee33f9c-68e6-4a02-ae5b-5820ef7563cb"
"4607a43c-53d6-434e-a0fb-f9c4e26e6495","ed4dd2b6-b1ea-4387-af83-76bbf843e589"
"f43ff210-52e0-4916-a62f-4104f1cf597a","6778ab72-ead2-40f9-bf4b-225d9e754104"
"bf7d8779-5a1d-4225-9c0d-e667abceae88","44c81242-4920-4cf3-b37e-b44325f34e03"
"25643db0-b746-4934-a8e3-a31bb7a50d04","f95dab76-dfe6-4706-9ac6-9be1e1c96acf"
"242f0175-7175-4bbb-81a4-96bf71a760c7","28fd78ab-0f58-4048-997d-d84fcaa2143f"
"d7129c7b-a70c-4d12-950f-ea2b6d82b339","6fe9f387-79df-4a0c-bb07-3417b3001324"
"90faf9c8-e8ba-4819-9046-d7a301ef9f71","2a4c05bd-40ce-4e09-8340-cb378e8e6966"
"0a13801d-6c9e-4e82-8ad9-99fe8586bc00","11c398d6-3d72-4113-a53e-0b5b5639207c"
"c15ebbff-b6b1-433e-845a-7f6d80acd9a2","5ba9a5c4-1479-4eca-a028-11568da4ba34"
"96be1784-15dd-4a1f-9eee-d038717c5b3b","96de3d62-4326-45b4-952d-f463e744afad"
"459994d5-9827-44a5-9a3b-d25b87c2b302","42fbd30d-cd1e-49af-a627-91cff8e25f8f"
"65fb10ad-40fe-4f92-b94b-71813f6499c4","009e19fe-a327-48c9-b9e4-d79fe447c3f4"
"c0b003f4-b5b4-49d3-9e33-a6ae59df4e3e","25c8f9fd-c89c-47a0-96fe-22ed4ddbf12c"
"56df55a0-d10e-4cb6-a3f5-716e5b10438b","ed4dd2b6-b1ea-4387-af83-76bbf843e589"
"71c20947-fa67-4b0b-b704-9850678d91ab","972899c9-078d-47ce-9c24-36ba94986a9c"
"5a961b09-51cd-49d1-843e-cc4b2a813e05","d1092350-db91-47c4-b4e3-4317fe944ae7"
"149c7f04-6171-4040-a61f-72bd2554ac24","51898514-15be-48fd-acbb-79bce03d34a1"
"861a9864-7124-4232-a02f-84d8c56b9fa5","bf65e74e-834f-4936-bfc9-8222b46ac6fa"
"dec76d42-1019-4b74-93a5-1a3727fd784e","0e292f88-c1d8-4ed0-a013-c824d0bebe96"
"d15f950d-b44e-448d-8419-ad93f2b70710","0e292f88-c1d8-4ed0-a013-c824d0bebe96"
"120fd167-eb3d-4759-949c-f59892c8a756","1b83aeaf-ba2d-4c03-81c6-7ec18c688902"
"a5ff6e06-a7a2-4b35-b9c8-5ca7000eb524","8ee33f9c-68e6-4a02-ae5b-5820ef7563cb"
"fcbcc01c-2b3d-4547-adc7-dd83623fcd1a","31796f28-5ca8-4a47-9d65-621d862a340e"
"7671411a-1004-4129-87b1-b38f889def71","7ab952e5-a516-41f9-82d3-93d40f8fb941"
"47b9eaf2-05c9-434d-b70d-d719f7cf93a9","ef95a1bf-bfba-4e94-bfbe-8bb16c6f9e5c"
"bbbc7b8b-b9ea-46c1-8efe-6a916f8a483e","96de3d62-4326-45b4-952d-f463e744afad"
"f39b7ef2-f483-4d0b-a743-56ad401fe165","7cb88c1e-2c76-435f-a645-4ef55615dd88"
"df4e546d-6aae-41dd-a303-c9a41e901c8a","8f1ef697-d149-4482-8e0f-0165aa43c670"
"90cbc7c5-7d01-4f98-91af-2752cd26100f","0bc056b4-a327-4a06-9073-d397b7f5cdef"
"bcdd062f-5572-45f0-a7f3-8b29054ae09a","22badac2-74e7-4a1b-8c7c-0f1beb1f4536"
"39deb0c3-4ade-4b07-9aca-cc1a910df9e4","b663389c-ee91-41a1-aca3-f258d7395229"
"2d76b14e-f9e7-48c5-af23-c3f0ba9eee1f","20916711-7109-4454-aae5-c6a07aeb1755"
"ab09e120-f1dc-43cb-9b26-4b6e5def853f","8d2e81b3-7ddb-4bf5-a3be-793626e03636"
"86c66422-8fa8-4bfd-ad7a-dc21b23bde4e","a72e5981-c11d-44be-acdf-27d65e33cabf"
"679ec8d9-96af-4250-97ff-d6f899396f0f","972899c9-078d-47ce-9c24-36ba94986a9c"
"0783397c-fca3-4c55-bc22-2ef21e6ee077","4e54cf37-f265-4b81-9c9b-e57e03d35a1e"
"3de18734-1dd3-4a33-ba1c-f462a88f61be","618a73d8-1939-44da-9940-65956e80f96c"
"b2949e0d-7d71-4352-9f21-008e0953601c","5335fc7b-7087-4dfc-b750-334b345aad98"
"79d4d0cb-9d60-4e28-ab29-2eaa4cc85842","f95dab76-dfe6-4706-9ac6-9be1e1c96acf"
"965140d1-ee84-491e-a7d7-3838b5b7d33d","20916711-7109-4454-aae5-c6a07aeb1755"
"9264307b-59ee-46d5-8284-8aa4fd9e2d91","51898514-15be-48fd-acbb-79bce03d34a1"
"aae74f5f-dc34-4ac8-8935-9511e92da372","8ee33f9c-68e6-4a02-ae5b-5820ef7563cb"
"ace1c2ad-dec1-4d71-8ef4-544f90e0b391","bffc8d58-c608-4bec-a239-807ab8aff758"
"176ff44a-60d8-4de8-9cd0-b050e42f25c4","ed4dd2b6-b1ea-4387-af83-76bbf843e589"
"de361890-e49c-430c-aa13-3ca0967e7c1a","668e3897-2687-48bd-ae9c-e3b9281aa8b1"
"d73688c6-eff8-43d4-a624-23a2091300e6","d1092350-db91-47c4-b4e3-4317fe944ae7"
"316aa666-1927-470c-9415-869dff5e5676","ac3daa56-3cca-4fb3-8891-1fb2c6162de3"
"3cccb47d-7320-4429-a94a-7775d98c6067","4dbe6733-1ef2-409f-b59c-a65c60b8b0a1"
"f495ecaa-f20f-4ba0-afbb-042aac76731f","2a4c05bd-40ce-4e09-8340-cb378e8e6966"
"21f0b092-9512-4cb3-b887-b7817a85f4cc","942804a0-55d5-411e-987d-71cd459823d2"
"0cc152ad-eb33-4bdf-b810-dab83c5c071e","11c398d6-3d72-4113-a53e-0b5b5639207c"
"b524e54f-cc04-45d2-89dd-f42da913876b","ff95895f-ad34-46db-abbd-cfaba4881750"
"545743fb-b3b4-49fe-bdce-efb941f2629a","6296b0dc-4732-4190-b9b7-1ab0a43ef8d5"
"42549152-aa80-424d-a77c-2575492c32c6","1014ecb7-d103-462f-bad3-c653bd79895b"
"321ce021-567c-4052-91d1-935c4a816b66","8f1ef697-d149-4482-8e0f-0165aa43c670"
"b60a5551-29aa-4b67-a830-3ef6258347a6","a72e5981-c11d-44be-acdf-27d65e33cabf"
"3dec9765-3959-4903-a394-fdcac7a083be","7cb88c1e-2c76-435f-a645-4ef55615dd88"
"2f4fed8a-e464-491f-9d36-f118e758c725","0cfb8b5a-4540-4d1f-9d5b-6b1e663d7f1a"
"7addb017-89b0-46f1-8d63-09d09ab24015","668e3897-2687-48bd-ae9c-e3b9281aa8b1"
"56f2263f-b186-4372-8e12-f58737e2232a","adb0357a-e158-4968-9567-32cf4cc6f699"
"ae805f79-b423-4ab1-b560-b4fd455cfa6b","42fbd30d-cd1e-49af-a627-91cff8e25f8f"
"3cc9c851-7293-4e73-a1d3-ae667b46c8f8","6f2c0559-e181-47fe-a311-3b3bc8aa121e"
"65f27344-a277-4d73-b05a-04b50f4fcb48","31796f28-5ca8-4a47-9d65-621d862a340e"
"1af3f4a8-203e-4860-bc8a-5fcb47d4c29b","6805e517-d77e-4c87-a6a4-840d4d3b9934"
"d953ff1e-8605-4c3d-b260-6ebf77a571da","1014ecb7-d103-462f-bad3-c653bd79895b"
"77e3be90-d733-4130-ab34-9b3a6785fe32","5ba9a5c4-1479-4eca-a028-11568da4ba34"
"e819fa30-d4ca-4012-b744-8cb8ed2c1f3a","1014ecb7-d103-462f-bad3-c653bd79895b"
"831ec022-78bf-420e-a8d2-5e10f18d744a","3dbbd438-19b2-4eef-8edb-ed6d67990142"
"fdf9ddf4-5406-4ac3-bb1f-0e5fbc4307b0","ff95895f-ad34-46db-abbd-cfaba4881750"
"acf7880d-a5e0-4d50-a03e-206232f58429","86dc9991-7a0a-483e-a81a-fea59605789c"
"7c4f7aab-5425-4426-8572-c890f167f613","942804a0-55d5-411e-987d-71cd459823d2"
"717b72b3-b052-4ce7-8eba-09576436330f","8949488a-8250-42c9-88db-d36f0065c861"
"7943b9f7-5f2a-4ec4-96eb-ea51250b847b","742815fd-0a83-414a-ae49-da33afc8d9b2"
"3f91177a-42c6-42f8-b93c-755ffb557694","480cc4a8-e7b7-4fd1-b5d3-08e72d658edb"
"48ec56e8-7c13-44e8-bc64-c8f99acccaa6","a4ab8426-846f-4e90-afd7-605fa5b46dc4"
"13c2e248-e147-4cfb-9030-8095f559cae5","668e3897-2687-48bd-ae9c-e3b9281aa8b1"
"212238a5-bfe7-414e-9d07-2e617a67ff92","3dbbd438-19b2-4eef-8edb-ed6d67990142"
"710da8a3-0234-4072-90f0-c55b73612fd5","ff95895f-ad34-46db-abbd-cfaba4881750"
"80ff0ad0-bcad-4311-aa8f-d27cd8b0b080","2134ea07-f773-444c-978f-71539dadf361"
"4df43f95-24ff-4fac-aee8-0304f8da3ac5","d1092350-db91-47c4-b4e3-4317fe944ae7"
"9e672ce5-797b-4440-8444-5c5693b0c7ce","24cfaab2-1b2a-42cb-95f1-2b729e6a3af9"
"44ecb809-15c5-49e0-b91d-10cd33ab0fc0","668e3897-2687-48bd-ae9c-e3b9281aa8b1"
"2244ee0a-6c3f-4b65-a15e-1c5568fb5387","942804a0-55d5-411e-987d-71cd459823d2"
"6da18f75-d16b-4c74-b9f5-6bfcdf32c760","1014ecb7-d103-462f-bad3-c653bd79895b"
"14f64f8d-65c3-4818-a72c-ba427aaa5543","2134ea07-f773-444c-978f-71539dadf361"
"9b650383-e637-42b0-9869-7dbe242b87f9","972899c9-078d-47ce-9c24-36ba94986a9c"
"71a65c73-4adc-4f0b-8829-ee81a9c9c824","6f2c0559-e181-47fe-a311-3b3bc8aa121e"
"514f4005-9387-455d-9628-a902667a949e","e339b1dd-f609-4f0d-971d-191d18c8d86c"
"812f3f43-561e-41f7-b499-f9ee8455a058","fef3c4b6-2249-4d24-b174-237e44ab41eb"
"4e5a8a0c-300f-47dd-a8ee-5fdb8aa03fdb","480cc4a8-e7b7-4fd1-b5d3-08e72d658edb"
"580f42e0-d9dd-443b-a3cc-d9a89f0f4607","b842f48a-a373-45d1-8b76-8f86b16ae8f9"
"0e694b11-bb55-4e83-a7de-b307731c7703","742815fd-0a83-414a-ae49-da33afc8d9b2"
"71de0329-d828-45aa-acf9-70e1446ceea4","8d2e81b3-7ddb-4bf5-a3be-793626e03636"
"0e569b9e-2331-4687-865e-af8579ebb195","6778ab72-ead2-40f9-bf4b-225d9e754104"
"18acdf68-b98b-4eea-a243-40fc26593d3c","1ec325a9-6122-4ce6-9842-349c1dccd042"
"9bf3d33d-df07-4c97-b9df-7beda327fb99","fe49ab8e-e14f-4492-b4de-036d05d03650"
"29446c08-24d3-4f74-8165-e773b00921ef","742815fd-0a83-414a-ae49-da33afc8d9b2"
"5ef6d334-1ea6-4912-93dd-663c9bcd169c","31796f28-5ca8-4a47-9d65-621d862a340e"
"39f519c7-4718-454a-aa2b-695a9f64198d","3dbbd438-19b2-4eef-8edb-ed6d67990142"
"0cf054ab-d293-408d-85a7-63bc8ff2709f","1014ecb7-d103-462f-bad3-c653bd79895b"
"382fa7f1-dae6-4f58-b932-ec833cd4ed4a","fef3c4b6-2249-4d24-b174-237e44ab41eb"
"d3066a84-ad4a-4a22-8dd8-52dbc964b7ae","cf20f849-64c2-41aa-9b10-4c1823f1df1c"
"cfb336b5-4000-42df-b353-75343eb32924","bffc8d58-c608-4bec-a239-807ab8aff758"
"f18d64bf-5594-4ac8-a56f-12d6c9a56f9b","cf20f849-64c2-41aa-9b10-4c1823f1df1c"
"c6570128-fca0-4e3d-81b2-6a0c861dd501","bffc8d58-c608-4bec-a239-807ab8aff758"
"10eeadc4-e3eb-458c-ac4b-444e6710d87e","cd538f23-9c96-4af9-b262-2c3918772724"
"3606472a-3bb7-493b-a9aa-65bd6a74e091","9252ada6-5b77-4b81-b347-6e11741d860a"
"8886ad0d-9a51-4a2d-bbcf-e2a5383aeea1","11c398d6-3d72-4113-a53e-0b5b5639207c"
"5d0efc43-8baf-4c7a-bddb-ec7e1a5c9eaa","5ad63f90-71fe-4258-b77a-547deb9f50b7"
"a4d35f89-12f4-4b9e-9fb5-77d5fda26ff0","247156c0-4f74-4c62-86fa-8a7e6a573dd1"
"616fb1a1-b5d8-48bd-a803-81a5c8760077","1014ecb7-d103-462f-bad3-c653bd79895b"
"2b4c50fc-4e21-4cf3-9fe8-df349f95b6f7","6296b0dc-4732-4190-b9b7-1ab0a43ef8d5"
"0e1f2301-82a8-486e-b95e-f2e1fe43b39a","adb0357a-e158-4968-9567-32cf4cc6f699"
"7b399a7d-e282-460c-ad91-eb0e8ca536b7","7cb88c1e-2c76-435f-a645-4ef55615dd88"
"14068b08-3149-496d-aec8-d5aa1d36f435","247156c0-4f74-4c62-86fa-8a7e6a573dd1"
"c91c88c4-a2bb-415a-9c7c-bf8aaf7d139f","742815fd-0a83-414a-ae49-da33afc8d9b2"
"861ef2a4-96af-4b1b-bc22-fac0b520a6da","7cb88c1e-2c76-435f-a645-4ef55615dd88"
"5a55b59a-47d4-49ee-8f17-573f64ccf0d7","247156c0-4f74-4c62-86fa-8a7e6a573dd1"
"8597c4dd-90cb-4546-85bd-eb79e79487c3","0e292f88-c1d8-4ed0-a013-c824d0bebe96"
"c2eeea2f-6f74-4058-b7f8-0c3987eca2d6","ed4dd2b6-b1ea-4387-af83-76bbf843e589"
"8bf4c4d1-e803-4969-be19-3bd502d19e8f","6fe9f387-79df-4a0c-bb07-3417b3001324"
"4580dad1-1628-4e47-9edc-3df020beb72e","3c912be3-b9f7-4184-9342-dec4db48e362"
"b482978a-c256-4619-be55-4f51fc7d3569","6296b0dc-4732-4190-b9b7-1ab0a43ef8d5"
"b3ee8e01-c558-454e-81f9-4b9ba0452298","6fe9f387-79df-4a0c-bb07-3417b3001324"
"8d1d2899-3ad5-4246-a35d-cb57dd4f6c61","b842f48a-a373-45d1-8b76-8f86b16ae8f9"
"2840f3f6-e27a-4315-a389-ebdb691f78db","6778ab72-ead2-40f9-bf4b-225d9e754104"
"a488ba51-a74b-4000-afb0-fc19965c931f","ad441f5e-f31e-44d3-8774-4869981d7406"
"eb96e7c5-317b-4039-b92a-22e0fbf53d5d","35d1d431-7fa2-4d25-9bf3-c33e79bacc1c"
"5b1ee3f9-b329-4833-9f4b-0d268a412326","22badac2-74e7-4a1b-8c7c-0f1beb1f4536"
"3361fb3b-5d92-4637-8d26-e1b2283d7f12","0bc056b4-a327-4a06-9073-d397b7f5cdef"
"d048b054-c392-46a0-812b-16eb8008d512","a7f363b9-bf9c-4691-a23e-64e36c7df740"
"56615311-2c07-4d65-9c6e-e932a67f4352","cd538f23-9c96-4af9-b262-2c3918772724"
"361cd2a9-dbd5-4e39-ab66-a53be6f26a66","8f1ef697-d149-4482-8e0f-0165aa43c670"
"34eb0f87-da70-46d1-ad1c-64b3be20175c","0bc056b4-a327-4a06-9073-d397b7f5cdef"
"f3f96dc5-46e7-462f-a2f0-5e3d9e20a54d","742815fd-0a83-414a-ae49-da33afc8d9b2"
"af02289c-e135-453b-b1c4-392ddf11a6be","63fcca95-59cb-4e33-9fa2-0645ffe15ff6"
"1af7a2a0-c2fc-4190-9b48-b29e23a4fea1","e339b1dd-f609-4f0d-971d-191d18c8d86c"
"f2b8cab8-6b6f-4fc3-aca4-c9d5480270ba","ddb7aa31-809a-43b7-aa4a-ee04521900e0"
"de61012d-f794-4b63-8bb9-dc96eca4356b","6595cc0d-9c64-4d44-b249-7cdb03416a41"
"196758b2-00ea-46f4-90fd-a4be97311c76","cd538f23-9c96-4af9-b262-2c3918772724"
"9a76c498-ce5e-499d-9a36-d6150dd98c6a","22badac2-74e7-4a1b-8c7c-0f1beb1f4536"
"ee0ff3fd-d325-4be1-b1e7-7539d4a87efd","03c13301-2de9-4873-ba73-96ae44efc527"
"67d9806d-46fd-4796-ae4b-9d89dc1ac375","20916711-7109-4454-aae5-c6a07aeb1755"
"35ae03d2-5084-4afa-95f1-db96b26e046b","a72e5981-c11d-44be-acdf-27d65e33cabf"
"1cf8d315-d118-4148-a74c-cb77b871b8e8","ac3daa56-3cca-4fb3-8891-1fb2c6162de3"
"60f38876-f4d9-4625-ab05-0a36cb5ddc05","6805e517-d77e-4c87-a6a4-840d4d3b9934"
"7dead174-fcaa-4ba8-8753-20e188fbe0d9","a7f363b9-bf9c-4691-a23e-64e36c7df740"
"d4d8af28-6c33-44c7-97e1-f34c6f5495d3","f0da4b19-e152-4e3d-8743-339f25d0f5c6"
"5ee90b8f-0090-4599-af29-4e3de1ecc2e2","24cfaab2-1b2a-42cb-95f1-2b729e6a3af9"
"c03bd994-64c1-4478-afbf-0d459dc3525d","480cc4a8-e7b7-4fd1-b5d3-08e72d658edb"
"bc0685e8-a60e-4486-b742-78cafb132019","6fe9f387-79df-4a0c-bb07-3417b3001324"
"b5cee540-e900-4f61-bd68-9e0bfaaa2b3e","b8f803b4-35e8-45cf-a364-1f24e7e6d985"
"a72b84ab-80f3-4ef2-8ac2-dab745b0d57f","1014ecb7-d103-462f-bad3-c653bd79895b"
"510b14f2-5295-416c-8a54-b5ab800b8a4e","22badac2-74e7-4a1b-8c7c-0f1beb1f4536"
"7d9f7383-4e30-49fa-bdd0-1fddf25bbcf5","cf20f849-64c2-41aa-9b10-4c1823f1df1c"
"0213dfa7-cce4-4ee5-a188-6d68d42885b3","480cc4a8-e7b7-4fd1-b5d3-08e72d658edb"
"6d5b9401-ee2f-4fa8-b5aa-e7027378dc64","35d1d431-7fa2-4d25-9bf3-c33e79bacc1c"
"00023580-4f5b-4ed0-bbdb-9c611f887bca","5ba9a5c4-1479-4eca-a028-11568da4ba34"
"dd788361-62fd-4a26-9928-e62ec66c8eb8","942804a0-55d5-411e-987d-71cd459823d2"
"5100f77c-537f-4ae4-8073-05733f96ff3f","ad441f5e-f31e-44d3-8774-4869981d7406"
"ec02f506-e9cd-489b-bf30-e608563a320d","668e3897-2687-48bd-ae9c-e3b9281aa8b1"
"9b5395c5-fe25-4190-b6d2-a2d11755ee62","618a73d8-1939-44da-9940-65956e80f96c"
"1be23cca-65de-4df4-82f8-e5c96492954b","f0da4b19-e152-4e3d-8743-339f25d0f5c6"
"675ef23c-b904-475d-a80f-4249152f042a","ef95a1bf-bfba-4e94-bfbe-8bb16c6f9e5c"
"f513c4e6-98df-4c10-9b42-a84fc4b94667","5ba9a5c4-1479-4eca-a028-11568da4ba34"
"6653db5f-d97b-4acf-a6bd-2fbba97c745b","6778ab72-ead2-40f9-bf4b-225d9e754104"
"1516fb54-8682-47e9-ba81-13676b89520c","a45e7b47-bcf4-44e5-b09c-efbf7c3a76e4"
"20a7a378-7a54-4328-9fed-71a2fa4ca402","480cc4a8-e7b7-4fd1-b5d3-08e72d658edb"
"c4f2c935-0f1b-427d-8b9a-da4308493a34","83a6dbab-7a55-480a-9b38-3a779d77fc59"
"bf7f8b09-befa-4bd3-9576-732b7cfc9cc8","25c8f9fd-c89c-47a0-96fe-22ed4ddbf12c"
"1536c781-4198-4830-b8db-84c4d024853a","2fbadd40-a2c0-42e7-9f16-49e85a29380a"
"13334292-b75a-4790-80cf-0e4384380b4a","0e82815d-e28f-4448-884e-9fa5dd93f34f"
"32db169c-8157-4ecc-9678-b0ae6f1d41e9","44c81242-4920-4cf3-b37e-b44325f34e03"
"91343bfb-8dbf-4574-8eae-2f6bf37ddc76","cf20f849-64c2-41aa-9b10-4c1823f1df1c"
"0e764dc3-b12a-4f55-a93d-85bac24c99d8","ad441f5e-f31e-44d3-8774-4869981d7406"
"ad6baf8b-2312-47d2-bbd6-42efad383dce","adb0357a-e158-4968-9567-32cf4cc6f699"
"63366385-a956-4d16-ab09-3d0db6597578","b8f803b4-35e8-45cf-a364-1f24e7e6d985"
"a7bb9e3a-f240-483e-a6d8-a5a2f6409e34","e339b1dd-f609-4f0d-971d-191d18c8d86c"
"9a865b42-f898-4ee4-8ed9-77952150ec31","fef3c4b6-2249-4d24-b174-237e44ab41eb"
"870f216c-cf6b-4571-a9cc-a839914dfc1f","6778ab72-ead2-40f9-bf4b-225d9e754104"
"60b61951-c74f-41de-93fc-cafdb90895ef","6805e517-d77e-4c87-a6a4-840d4d3b9934"
"1a0ed508-8d08-4368-9c39-ca25e8184218","4dbe6733-1ef2-409f-b59c-a65c60b8b0a1"
"92b7a7e9-c435-4bd0-8ba4-cda6a9cf5397","f95dab76-dfe6-4706-9ac6-9be1e1c96acf"
"15a08afb-7a2c-4c17-9ff2-9e3c9f69bd9a","96de3d62-4326-45b4-952d-f463e744afad"
"3b60d979-ada6-4159-a7f3-a96053b0df4d","6e2fe55f-ffcd-4952-9e6d-80eb0aacfc98"
"f3b446f0-6cc8-4eea-afcd-5b1fc9e8688b","51898514-15be-48fd-acbb-79bce03d34a1"
"4c0ffdce-661b-4fc4-96c9-a674cf2fa930","009e19fe-a327-48c9-b9e4-d79fe447c3f4"
"1974e13c-5242-42de-86a7-b38107e0ba0e","2134ea07-f773-444c-978f-71539dadf361"
"3a17541a-2c86-4877-9658-d2a58b893602","bf65e74e-834f-4936-bfc9-8222b46ac6fa"
"49da5932-0d19-4af3-9d15-789a51a01c88","ac3daa56-3cca-4fb3-8891-1fb2c6162de3"
"c067c892-309b-475a-9842-5c793008765e","4e54cf37-f265-4b81-9c9b-e57e03d35a1e"
"bb00fe2b-b688-43c3-9865-21c3704c1f25","ed4dd2b6-b1ea-4387-af83-76bbf843e589"
"0e0df290-54a0-49c6-9cdb-00ca50a41d16","8d2e81b3-7ddb-4bf5-a3be-793626e03636"
"89f82e27-27b8-4028-9941-83b1f16dc377","141cdc2c-739b-4651-8f0e-a3061201734e"
"2dbff6f4-fb35-4690-a3cf-1a4228d06221","618a73d8-1939-44da-9940-65956e80f96c"
"4c669dfd-76a9-48d2-8f41-988ea144f7bc","e339b1dd-f609-4f0d-971d-191d18c8d86c"
"acc25116-d5c9-498d-a43e-927593a5836f","adb0357a-e158-4968-9567-32cf4cc6f699"
"1a9ee37b-5ff2-493a-8649-371def88ca21","f0da4b19-e152-4e3d-8743-339f25d0f5c6"
"96bab06e-4576-48e9-bcd0-db2e09eeca3b","0e82815d-e28f-4448-884e-9fa5dd93f34f"
"cb9ce276-41ed-4fcb-8feb-aea5b0e185b3","ac56aa55-76d6-45ed-9a85-cc17c9ac89fd"
"471399de-fb7e-487e-8d9d-300d1ec28f5b","22badac2-74e7-4a1b-8c7c-0f1beb1f4536"
"de757a62-6d42-4ed5-a233-0d333c1f49e0","972899c9-078d-47ce-9c24-36ba94986a9c"
"d41c85ca-584b-40db-a135-b5c7763f24be","00ead1f6-9f99-4f5c-a51e-5681de250441"
"2db62242-bc73-4c54-bf49-08a9e6688bf9","03c13301-2de9-4873-ba73-96ae44efc527"
"cdc64f5f-8d1f-4ab1-9c53-02046f0fc285","f95dab76-dfe6-4706-9ac6-9be1e1c96acf"
"77e3a6cd-5268-46ce-b26d-1fd9930709c6","d87c6433-f3ca-413a-a5f9-2ba9105fd515"
"c0cedc27-4b22-4082-b087-364b054cae49","448bf716-fee5-402b-bcf1-33c705a89c20"
"d61cf42f-06c3-4455-986f-db1fc97421be","fe49ab8e-e14f-4492-b4de-036d05d03650"
"0f6a437f-d49c-4fed-bf28-ea22a16de20c","bffc8d58-c608-4bec-a239-807ab8aff758"
"58cfded8-ed91-4f67-9369-4e97f2a927d7","a4ab8426-846f-4e90-afd7-605fa5b46dc4"
"660ae2d9-3d5f-451e-bbd3-191ea3e5bdd6","24cfaab2-1b2a-42cb-95f1-2b729e6a3af9"
"0fef918e-e068-41b3-a441-2c52f2415faf","668e3897-2687-48bd-ae9c-e3b9281aa8b1"
"dd1ba78f-b4bd-4492-8a67-d451a3fbb1eb","448bf716-fee5-402b-bcf1-33c705a89c20"
"17406a97-701b-4ecb-b430-972b94db7a70","35d1d431-7fa2-4d25-9bf3-c33e79bacc1c"
"926bad94-b3bb-4b47-b4c2-1127c93a01d7","25c8f9fd-c89c-47a0-96fe-22ed4ddbf12c"
"a43b187c-3d15-4bec-a74d-7b0c8dec3206","35d1d431-7fa2-4d25-9bf3-c33e79bacc1c"
"7b651948-e72f-4d72-929f-c95564625529","2ef515e0-51f1-4e8b-a595-99cfdc620981"
"d9c9acef-c655-438e-8d64-93e8d795e35b","972899c9-078d-47ce-9c24-36ba94986a9c"
"e0d68d21-62a8-476e-bf69-f51e677691f8","e339b1dd-f609-4f0d-971d-191d18c8d86c"
"f04ba3d7-152d-4cf6-b171-c1016fdeea31","ed4dd2b6-b1ea-4387-af83-76bbf843e589"
"9822d941-93a9-47f9-94f4-24addcba6831","63fcca95-59cb-4e33-9fa2-0645ffe15ff6"
"a16dff3c-3d47-4ae3-867b-8361b9d0b42c","ff95895f-ad34-46db-abbd-cfaba4881750"
"2a55f32c-713b-44b0-a3ab-663d0fccf11e","03c13301-2de9-4873-ba73-96ae44efc527"
"60894756-c3bc-44a7-b687-b39be653be62","c3bfc993-b654-4d50-a115-d4b54d0ee978"
"54a954da-9fc7-45ec-b6a0-1d9d40b3d18c","2ef515e0-51f1-4e8b-a595-99cfdc620981"
"ae6af574-6249-48cb-b3f7-16e21a5e8e43","22badac2-74e7-4a1b-8c7c-0f1beb1f4536"
"e9a805af-860f-41ac-990e-0a5142dfc015","44c81242-4920-4cf3-b37e-b44325f34e03"
"fc0ea5c6-b59b-4f5b-9237-f86aa7d609ba","96de3d62-4326-45b4-952d-f463e744afad"
"4f2db1cc-ffd8-45ee-9019-9977f7447c65","d87c6433-f3ca-413a-a5f9-2ba9105fd515"
"9696dbaf-6356-49d9-a1be-ff955339cb89","83a6dbab-7a55-480a-9b38-3a779d77fc59"
"1ebbe00a-ead1-42ba-8d0b-70af4a795ea8","5335fc7b-7087-4dfc-b750-334b345aad98"
"319ae41f-d5b6-4789-b2fb-eb40aea08ba2","25c8f9fd-c89c-47a0-96fe-22ed4ddbf12c"
"be8ad468-9913-41ac-840a-efbadc7c1d35","6595cc0d-9c64-4d44-b249-7cdb03416a41"
"eca0c094-d047-4277-b457-85d345333875","1ec325a9-6122-4ce6-9842-349c1dccd042"
"330e768d-20cb-4126-b9c4-add9fe70c163","141cdc2c-739b-4651-8f0e-a3061201734e"
"f810c266-b721-479e-9058-3424d72c0cd5","448bf716-fee5-402b-bcf1-33c705a89c20"
"3ff6c68e-6e69-4995-a451-9c386f62ce19","448bf716-fee5-402b-bcf1-33c705a89c20"
"ef9994f3-712f-4c4a-9ef7-1f9e313c4be5","8fd78711-39f7-46dd-a6e0-c4701a527ce6"
"42f3f39b-e442-4d97-aebd-d2107e136e54","ff95895f-ad34-46db-abbd-cfaba4881750"
"422eb878-0f19-4962-beda-88de224788d5","4edfc27f-b458-410c-98e0-17824fbb94ef"
"807ebc23-1096-4e75-b1a2-af47ed97c3e4","2fbadd40-a2c0-42e7-9f16-49e85a29380a"
"6661bc34-c52b-40c1-afba-eea53cb27021","1b83aeaf-ba2d-4c03-81c6-7ec18c688902"
"4efd4ded-a9cc-47c2-a99d-fe5e85bea373","8fd78711-39f7-46dd-a6e0-c4701a527ce6"
"6da807be-6660-4392-bb7a-6d74091f5fb5","8f1ef697-d149-4482-8e0f-0165aa43c670"
"2bdaa8ba-d39b-4889-b2e9-f3e6c844af97","44c81242-4920-4cf3-b37e-b44325f34e03"
"c96672ec-d5cb-454d-a8b9-cca6cdbda011","bf65e74e-834f-4936-bfc9-8222b46ac6fa"
"1e16ea05-53a5-445f-a92d-e4ed03f8e357","4e54cf37-f265-4b81-9c9b-e57e03d35a1e"
"dc9db552-55be-4a96-8cd5-6968f4cea425","a72e5981-c11d-44be-acdf-27d65e33cabf"
"90a34462-3891-41a7-ba55-489e904b11aa","f2b3e608-3483-4e83-96d6-d14986a942b9"
"24e76376-ef77-4bfc-95f8-77e535baea22","448bf716-fee5-402b-bcf1-33c705a89c20"
"1ae4ce34-2245-4553-b976-be41da438f1f","35d1d431-7fa2-4d25-9bf3-c33e79bacc1c"
"4a722dae-bc26-4543-99ad-9a6a087ac814","8ee33f9c-68e6-4a02-ae5b-5820ef7563cb"
"78129ef3-0f6a-481d-963e-5b38a7610b85","83a6dbab-7a55-480a-9b38-3a779d77fc59"
"cb91be26-0659-4e23-a12b-412d42d7ec39","4dbe6733-1ef2-409f-b59c-a65c60b8b0a1"
"0adc934c-398d-4d67-861d-c4950a740081","1b83aeaf-ba2d-4c03-81c6-7ec18c688902"
"8172e526-1972-4f2f-bacd-e4cab9d7e6ed","ac56aa55-76d6-45ed-9a85-cc17c9ac89fd"
"573f439f-1173-437d-bae1-08ae2bcf4b49","8d2e81b3-7ddb-4bf5-a3be-793626e03636"
"3471862d-44af-45c8-8ebb-0e4c4848f1ad","f0da4b19-e152-4e3d-8743-339f25d0f5c6"
"60794a01-cede-457a-9e85-3cb3c080050a","8949488a-8250-42c9-88db-d36f0065c861"
"b34cc67c-0a7b-4ece-bf1b-207a0b33842f","0bc056b4-a327-4a06-9073-d397b7f5cdef"
"0bfce1ca-de2c-4819-ae01-ecd7fbb5277c","44680d0e-38ec-4390-9a0c-a00c983a2ea3"
"20d33a7c-9d22-4d24-b374-3a88e5a27523","25c8f9fd-c89c-47a0-96fe-22ed4ddbf12c"
"a5acb418-0594-446f-837f-f3c777aa5b6a","e339b1dd-f609-4f0d-971d-191d18c8d86c"
"03d93808-a7d6-4be8-86d9-4876e22afa87","86dc9991-7a0a-483e-a81a-fea59605789c"
"db00f620-48ba-4353-82a4-4aa4c8c5285e","a45e7b47-bcf4-44e5-b09c-efbf7c3a76e4"
"504507ce-e668-4925-8f4c-24191e48566f","44c81242-4920-4cf3-b37e-b44325f34e03"
"31a93cb3-41d9-4dcf-b7cf-4c05b356e98d","9252ada6-5b77-4b81-b347-6e11741d860a"
"f1763f47-5d59-4e47-9837-266eb9cf518a","4e54cf37-f265-4b81-9c9b-e57e03d35a1e"
"85a11ced-f19a-4091-8fa1-a2cf6038398a","a45e7b47-bcf4-44e5-b09c-efbf7c3a76e4"
"79b4222d-5f4b-4f23-a361-95f599e0cea3","4e54cf37-f265-4b81-9c9b-e57e03d35a1e"
"d302781e-3358-459f-b495-e6928160ef34","668e3897-2687-48bd-ae9c-e3b9281aa8b1"
"123d9e3c-33c8-4608-b241-aded3c54e01c","8a08c3d6-cef6-415d-8e9a-2c3126d94875"
"a3054fba-f1b3-49cb-9e67-d26aebcc8b75","8a08c3d6-cef6-415d-8e9a-2c3126d94875"
"84db5fa4-4997-4cbd-8d98-e1d6b88de2ef","8f1ef697-d149-4482-8e0f-0165aa43c670"
"599cfb32-6809-472f-9186-abe73e6f6084","942804a0-55d5-411e-987d-71cd459823d2"
"234e178c-c7e0-4bdb-b908-4f7434de8bcc","480cc4a8-e7b7-4fd1-b5d3-08e72d658edb"
"b05b5c21-5225-4509-812c-7e353aed59ec","22badac2-74e7-4a1b-8c7c-0f1beb1f4536"
"8829e8a3-5e85-4bf7-a769-92b175beb186","05d6b213-f8c9-4238-baee-0982cf97d5d0"
"06a235ac-0327-43da-86cc-4d01a7d95a04","1e70e4c5-8002-4137-ab2f-077e51a3af54"
"18c3943c-33b0-4cb5-9b95-2009a2b41825","fe49ab8e-e14f-4492-b4de-036d05d03650"
"716e3077-0cc9-4e30-9312-775713c93d9d","84039285-ab69-49ff-8508-ca4d7f535510"
"cb2d058a-2767-4c1d-95d6-1bf5c942cc58","cd538f23-9c96-4af9-b262-2c3918772724"
"cbeaa3c7-ace2-4f5f-979b-95af5f026969","ddb7aa31-809a-43b7-aa4a-ee04521900e0"
"425ad04a-101e-4858-9a9e-081e87df7a90","4dbe6733-1ef2-409f-b59c-a65c60b8b0a1"
"e1e65517-9924-45e2-b7a2-17f2df8b930b","35b5faee-a007-41cc-8921-c691c553af59"
"1dab430c-5ea7-4a3a-981d-a422af88f2f1","ef95a1bf-bfba-4e94-bfbe-8bb16c6f9e5c"
"be20d6de-9bfd-4d45-8985-8e198091864c","4edfc27f-b458-410c-98e0-17824fbb94ef"
"a894a3f0-4ff3-4321-aff0-4bf648195999","6595cc0d-9c64-4d44-b249-7cdb03416a41"
"fe7d6874-af15-4dcd-8bde-585fcd6e7a65","ad441f5e-f31e-44d3-8774-4869981d7406"
"f280bcc3-68ae-42ab-96c8-e16db5a17194","b842f48a-a373-45d1-8b76-8f86b16ae8f9"
"330c9ff6-1c6b-4440-89bf-6bf61571f3c6","6778ab72-ead2-40f9-bf4b-225d9e754104"
"c0a05b75-e38b-4db8-9a7b-062d7bd4a553","b8f803b4-35e8-45cf-a364-1f24e7e6d985"
"e1f6caa1-43d7-4459-aff4-6b352e1e6ff6","668e3897-2687-48bd-ae9c-e3b9281aa8b1"
"6c035990-864e-4648-9fc4-a51d05138e46","4edfc27f-b458-410c-98e0-17824fbb94ef"
"0d62a43b-46d5-4886-9ec0-b92ecb6a8c6c","51898514-15be-48fd-acbb-79bce03d34a1"
"f5dcf4fa-4c2c-4eda-b834-ea5cdae12d79","6778ab72-ead2-40f9-bf4b-225d9e754104"
"9a6383eb-a026-484f-b465-6b90f56ec40d","f0da4b19-e152-4e3d-8743-339f25d0f5c6"
"948c35ba-b02a-469b-bb03-ff8776f88d22","31796f28-5ca8-4a47-9d65-621d862a340e"
"23d04bb1-31a8-4b85-bba4-af631e9f1e2a","942804a0-55d5-411e-987d-71cd459823d2"
"9da7f9c1-1830-4e80-9457-4082521b2fc9","51898514-15be-48fd-acbb-79bce03d34a1"
"75d80e2b-7e1c-4e07-8701-21624dde2d32","b842f48a-a373-45d1-8b76-8f86b16ae8f9"
"6a400f3b-fd4f-47eb-8151-207e46ca6761","6f2c0559-e181-47fe-a311-3b3bc8aa121e"
"ccbf825b-550e-4c5e-8846-5c80e9229a98","27253768-56b5-4bd5-9ce3-23171c22974a"
"2f40bd82-2950-4c16-a98b-e494ea40e3ca","adb0357a-e158-4968-9567-32cf4cc6f699"
"b78ea84a-059a-4e06-9c1f-3a3ec58076f9","00ead1f6-9f99-4f5c-a51e-5681de250441"
"caa683b3-9bad-4936-bbd7-84ee79a6cf45","cb6458a5-742e-49e3-9969-c7983e0f2245"
"0a92a7b0-7859-4e53-b000-69fb1cd35955","942804a0-55d5-411e-987d-71cd459823d2"
"8bae346e-f13a-42bc-b6ab-264c82e73102","5ad63f90-71fe-4258-b77a-547deb9f50b7"
"c501fab2-ff5d-46e6-82bf-5c50c9494950","20916711-7109-4454-aae5-c6a07aeb1755"
"637238ce-7fa3-4963-adba-e1e316ae2e2d","51898514-15be-48fd-acbb-79bce03d34a1"
"93a29259-4e14-4eac-827f-88f2cafc4947","5335fc7b-7087-4dfc-b750-334b345aad98"
"f4ac4d19-28b5-4e40-a8b7-04621b277ec4","e339b1dd-f609-4f0d-971d-191d18c8d86c"
"20adeca5-4e49-42d6-8206-e276a304c12b","adb0357a-e158-4968-9567-32cf4cc6f699"
"7c265d46-3d7b-4346-9877-633812951064","247156c0-4f74-4c62-86fa-8a7e6a573dd1"
"7416da49-fa3f-4f85-b0c3-d2cd2eb9a2a3","05d6b213-f8c9-4238-baee-0982cf97d5d0"
"7d22e484-6e12-49de-9c54-ff0c1e08f4b0","8f1ef697-d149-4482-8e0f-0165aa43c670"
"98ec71d0-3c7a-46c0-bb8b-5b8a318a7802","7cb88c1e-2c76-435f-a645-4ef55615dd88"
"add54725-6940-4be4-84d4-f507fa3dfab4","8fd78711-39f7-46dd-a6e0-c4701a527ce6"
"9b3c58b2-cb1b-40b4-9a46-a7f1aff1b316","0e292f88-c1d8-4ed0-a013-c824d0bebe96"
"4738e385-2ea9-490f-8c49-5d373d44689b","31796f28-5ca8-4a47-9d65-621d862a340e"
"31b307ce-04c9-4e3c-8285-5521501cae94","0cfb8b5a-4540-4d1f-9d5b-6b1e663d7f1a"
"5fd5eabd-9655-43f2-9f8d-9dfbc57054a0","8949488a-8250-42c9-88db-d36f0065c861"
"e5f5a09a-2255-4e90-a353-b4a26c808b71","8fd78711-39f7-46dd-a6e0-c4701a527ce6"
"ab0bbe73-0611-480d-9d2c-1f08aa36aa8c","716ccf11-5152-4052-8756-13c7d283aa07"
"b736a0c0-0459-462a-a1bc-632309a01d04","e339b1dd-f609-4f0d-971d-191d18c8d86c"
"131ce5f7-e2ec-4c3c-b255-a7d4b99b03fb","8f1ef697-d149-4482-8e0f-0165aa43c670"
"74ace839-a9a4-4a81-9422-77e489d57847","4e54cf37-f265-4b81-9c9b-e57e03d35a1e"
"ef5b705b-ff5c-4e99-a424-85671374e361","35b5faee-a007-41cc-8921-c691c553af59"
"549e564f-06ff-4eab-84a3-b9e71afb5580","8d2e81b3-7ddb-4bf5-a3be-793626e03636"
